country,country_code,continent,region,year,sex,age,mx,qx,px,lx,dx,source
Australia,36,Oceania,Australia/New Zealand,2023,both,0,0.00320001,0.0031948981469903247,0.9968051018530096,100000,319.4898146990325,"United Nations, World Population Prospects 2024"
Australia,36,Oceania,Australia/New Zealand,2023,both,1,3.1725e-4,3.171996842000937e-4,0.9996828003157999,99680.51018530097,31.61862635168169,"United Nations, World Population Prospects 2024"
Australia,36,Oceania,Australia/New Zealand,2023,both,2,1.4263e-4,1.426198290668901e-4,0.9998573801709331,99648.89155894928,14.211907880842414,"United Nations, World Population Prospects 2024"
Australia,36,Oceania,Australia/New Zealand,2023,both,3,1.1769e-4,1.1768307493945519e-4,0.9998823169250606,99634.67965106844,11.725315471945297,"United Nations, World Population Prospects 2024"
Australia,36,Oceania,Australia/New Zealand,2023,both,4,4.465e-5,4.4649003211003314e-5,0.999955350996789,99622.95433559649,4.448065608019684,"United Nations, World Population Prospects 2024"
Australia,36,Oceania,Australia/New Zealand,2023,both,5,9.155e-5,9.154580949057057e-5,0.9999084541905094,99618.50626998847,9.119656796727574,"United Nations, World Population Prospects 2024"
Australia,36,Oceania,Australia/New Zealand,2023,both,6,8.763e-5,8.76261606597707e-5,0.9999123738393402,99609.38661319175,8.728388114588753,"United Nations, World Population Prospects 2024"
Australia,36,Oceania,Australia/New Zealand,2023,both,7,6.472e-5,6.471790572857062e-5,0.9999352820942714,99600.65822507716,6.445946009514126,"United Nations, World Population Prospects 2024"
Australia,36,Oceania,Australia/New Zealand,2023,both,8,5.174e-5,5.173866152082646e-5,0.9999482613384791,99594.21227906764,5.152871238540019,"United Nations, World Population Prospects 2024"
Australia,36,Oceania,Australia/New Zealand,2023,both,9,2.614e-5,2.6139658354665304e-5,0.9999738603416454,99589.05940782909,2.603223988783119,"United Nations, World Population Prospects 2024"
Australia,36,Oceania,Australia/New Zealand,2023,both,10,1.681e-5,1.6809858713137518e-5,0.9999831901412869,99586.45618384032,1.6740342581924157,"United Nations, World Population Prospects 2024"
Australia,36,Oceania,Australia/New Zealand,2023,both,11,5e-6,4.999987500031251e-6,0.9999950000125,99584.78214958213,0.49792266594124585,"United Nations, World Population Prospects 2024"
Australia,36,Oceania,Australia/New Zealand,2023,both,12,5e-6,4.999987500031251e-6,0.9999950000125,99584.28422691619,0.4979201763341402,"United Nations, World Population Prospects 2024"
Australia,36,Oceania,Australia/New Zealand,2023,both,13,5e-6,4.999987500031251e-6,0.9999950000125,99583.78630673986,0.4979176867394825,"United Nations, World Population Prospects 2024"
Australia,36,Oceania,Australia/New Zealand,2023,both,14,5e-6,4.999987500031251e-6,0.9999950000125,99583.28838905311,0.4979151971572727,"United Nations, World Population Prospects 2024"
Australia,36,Oceania,Australia/New Zealand,2023,both,15,5e-6,4.999987500031251e-6,0.9999950000125,99582.79047385596,0.49791270758751094,"United Nations, World Population Prospects 2024"
Australia,36,Oceania,Australia/New Zealand,2023,both,16,5e-6,4.999987500031251e-6,0.9999950000125,99582.29256114837,0.49791021803019686,"United Nations, World Population Prospects 2024"
Australia,36,Oceania,Australia/New Zealand,2023,both,17,1.034e-5,1.0339946542476374e-5,0.9999896600534576,99581.79465093033,1.0296704332944793,"United Nations, World Population Prospects 2024"
Australia,36,Oceania,Australia/New Zealand,2023,both,18,6.265e-5,6.264803755022375e-5,0.9999373519624498,99580.76498049704,6.238539503778186,"United Nations, World Population Prospects 2024"
Australia,36,Oceania,Australia/New Zealand,2023,both,19,5.637e-5,5.636841125632874e-5,0.9999436315887437,99574.52644099327,5.612857857080089,"United Nations, World Population Prospects 2024"
Australia,36,Oceania,Australia/New Zealand,2023,both,20,7.655e-5,7.654707016088959e-5,0.9999234529298391,99568.9135831362,7.621708613891879,"United Nations, World Population Prospects 2024"
Australia,36,Oceania,Australia/New Zealand,2023,both,21,5.417e-5,5.4168532845287886e-5,0.9999458314671548,99561.2918745223,5.393089109024355,"United Nations, World Population Prospects 2024"
Australia,36,Oceania,Australia/New Zealand,2023,both,22,5.299e-5,5.29885960671472e-5,0.9999470114039328,99555.89878541327,5.275327306842055,"United Nations, World Population Prospects 2024"
Australia,36,Oceania,Australia/New Zealand,2023,both,23,6.501e-5,6.500788691863571e-5,0.9999349921130813,99550.62345810643,6.471575672444267,"United Nations, World Population Prospects 2024"
Australia,36,Oceania,Australia/New Zealand,2023,both,24,8.195e-5,8.194664223633436e-5,0.9999180533577636,99544.15188243399,8.157309001029148,"United Nations, World Population Prospects 2024"
Australia,36,Oceania,Australia/New Zealand,2023,both,25,1.412e-5,1.4119900313503787e-5,0.9999858800996865,99535.99457343295,1.4054383209823271,"United Nations, World Population Prospects 2024"
Australia,36,Oceania,Australia/New Zealand,2023,both,26,6.126e-5,6.125812366367219e-5,0.9999387418763364,99534.58913511198,6.097302170051492,"United Nations, World Population Prospects 2024"
Australia,36,Oceania,Australia/New Zealand,2023,both,27,1.993e-5,1.9929801399529052e-5,0.9999800701986005,99528.49183294192,1.9835830758251816,"United Nations, World Population Prospects 2024"
Australia,36,Oceania,Australia/New Zealand,2023,both,28,1.134e-5,1.1339935702564567e-5,0.9999886600642974,99526.50824986609,1.1286242042542434,"United Nations, World Population Prospects 2024"
Australia,36,Oceania,Australia/New Zealand,2023,both,29,5e-6,4.999987500031251e-6,0.9999950000125,99525.37962566184,0.49762565406417414,"United Nations, World Population Prospects 2024"
Australia,36,Oceania,Australia/New Zealand,2023,both,30,5e-6,4.999987500031251e-6,0.9999950000125,99524.88200000777,0.4976231659421241,"United Nations, World Population Prospects 2024"
Australia,36,Oceania,Australia/New Zealand,2023,both,31,5e-6,4.999987500031251e-6,0.9999950000125,99524.38437684183,0.4976206778325147,"United Nations, World Population Prospects 2024"
Australia,36,Oceania,Australia/New Zealand,2023,both,32,2.602e-5,2.601966148420409e-5,0.9999739803385158,99523.886756164,2.58957784298765,"United Nations, World Population Prospects 2024"
Australia,36,Oceania,Australia/New Zealand,2023,both,33,1.731e-5,1.7309850183246662e-5,0.9999826901498168,99521.29717832101,1.7226987441991055,"United Nations, World Population Prospects 2024"
Australia,36,Oceania,Australia/New Zealand,2023,both,34,2.405e-5,2.4049710802227603e-5,0.9999759502891977,99519.57447957683,2.3934169853945733,"United Nations, World Population Prospects 2024"
Australia,36,Oceania,Australia/New Zealand,2023,both,35,5.191e-5,5.1908652710918895e-5,0.9999480913472891,99517.18106259142,5.165802790547692,"United Nations, World Population Prospects 2024"
Australia,36,Oceania,Australia/New Zealand,2023,both,36,8.017e-5,8.016678651436257e-5,0.9999198332134857,99512.01525980087,7.9775584829464465,"United Nations, World Population Prospects 2024"
Australia,36,Oceania,Australia/New Zealand,2023,both,37,3.093e-5,3.0929521674947294e-5,0.9999690704783251,99504.03770131792,3.0776122908276853,"United Nations, World Population Prospects 2024"
Australia,36,Oceania,Australia/New Zealand,2023,both,38,1.0201e-4,1.020047972453165e-4,0.9998979952027547,99500.9600890271,10.149575259595538,"United Nations, World Population Prospects 2024"
Australia,36,Oceania,Australia/New Zealand,2023,both,39,2.2716e-4,2.2713420209732576e-4,0.9997728657979027,99490.81051376752,22.597765862060815,"United Nations, World Population Prospects 2024"
Australia,36,Oceania,Australia/New Zealand,2023,both,40,3.4391e-4,3.4385087312311215e-4,0.9996561491268768,99468.21274790545,34.202231801362764,"United Nations, World Population Prospects 2024"
Australia,36,Oceania,Australia/New Zealand,2023,both,41,3.3509e-4,3.3503386675079526e-4,0.9996649661332492,99434.01051610408,33.31376102974959,"United Nations, World Population Prospects 2024"
Australia,36,Oceania,Australia/New Zealand,2023,both,42,4.0783e-4,4.0774685430020535e-4,0.9995922531456998,99400.69675507434,40.530321417130196,"United Nations, World Population Prospects 2024"
Australia,36,Oceania,Australia/New Zealand,2023,both,43,5.9089e-4,5.907154760661737e-4,0.9994092845239338,99360.1664336572,58.69358801687206,"United Nations, World Population Prospects 2024"
Australia,36,Oceania,Australia/New Zealand,2023,both,44,7.1484e-4,7.145845931747075e-4,0.9992854154068253,99301.47284564032,70.95930257505115,"United Nations, World Population Prospects 2024"
Australia,36,Oceania,Australia/New Zealand,2023,both,45,9.7077e-4,9.702990314046418e-4,0.9990297009685953,99230.51354306527,96.28327117662143,"United Nations, World Population Prospects 2024"
Australia,36,Oceania,Australia/New Zealand,2023,both,46,0.0011652,0.0011645215497451185,0.9988354784502549,99134.23027188865,115.44394746900922,"United Nations, World Population Prospects 2024"
Australia,36,Oceania,Australia/New Zealand,2023,both,47,0.00128251,0.001281688111090323,0.9987183118889097,99018.78632441963,126.9112012066017,"United Nations, World Population Prospects 2024"
Australia,36,Oceania,Australia/New Zealand,2023,both,48,0.00149293,0.001491816411262567,0.9985081835887374,98891.87512321305,147.5285222493376,"United Nations, World Population Prospects 2024"
Australia,36,Oceania,Australia/New Zealand,2023,both,49,0.00176439,0.001762834835921924,0.9982371651640781,98744.34660096369,174.06997403852742,"United Nations, World Population Prospects 2024"
Australia,36,Oceania,Australia/New Zealand,2023,both,50,0.00177653,0.0017749533710438698,0.9982250466289562,98570.27662692517,174.9576447836876,"United Nations, World Population Prospects 2024"
Australia,36,Oceania,Australia/New Zealand,2023,both,51,0.00199396,0.001991974041719886,0.9980080259582801,98395.31898214149,196.00092123917378,"United Nations, World Population Prospects 2024"
Australia,36,Oceania,Australia/New Zealand,2023,both,52,0.00221472,0.0022122702204486837,0.9977877297795513,98199.31806090233,217.2434270145028,"United Nations, World Population Prospects 2024"
Australia,36,Oceania,Australia/New Zealand,2023,both,53,0.00236015,0.0023573681288054003,0.9976426318711946,97982.07463388782,230.9798199361592,"United Nations, World Population Prospects 2024"
Australia,36,Oceania,Australia/New Zealand,2023,both,54,0.00297243,0.0029680188858116235,0.9970319811141883,97751.09481395165,290.12709551657116,"United Nations, World Population Prospects 2024"
Australia,36,Oceania,Australia/New Zealand,2023,both,55,0.00324131,0.003236065454341095,0.9967639345456589,97460.96771843507,315.3900707802804,"United Nations, World Population Prospects 2024"
Australia,36,Oceania,Australia/New Zealand,2023,both,56,0.00374954,0.003742523628976105,0.9962574763710239,97145.5776476548,363.56961979688106,"United Nations, World Population Prospects 2024"
Australia,36,Oceania,Australia/New Zealand,2023,both,57,0.00427749,0.004268361064115927,0.9957316389358841,96782.00802785793,413.10055477306383,"United Nations, World Population Prospects 2024"
Australia,36,Oceania,Australia/New Zealand,2023,both,58,0.00523645,0.005222775598358987,0.994777224401641,96368.90747308487,503.3131783909427,"United Nations, World Population Prospects 2024"
Australia,36,Oceania,Australia/New Zealand,2023,both,59,0.00620285,0.006183671805670099,0.9938163281943299,95865.59429469392,592.8013725739071,"United Nations, World Population Prospects 2024"
Australia,36,Oceania,Australia/New Zealand,2023,both,60,0.00707964,0.007054667746019285,0.9929453322539807,95272.79292212,672.1178993008544,"United Nations, World Population Prospects 2024"
Australia,36,Oceania,Australia/New Zealand,2023,both,61,0.00824336,0.008209522973351199,0.9917904770266488,94600.67502281915,776.6264148943648,"United Nations, World Population Prospects 2024"
Australia,36,Oceania,Australia/New Zealand,2023,both,62,0.008757,0.008718824626373422,0.9912811753736266,93824.0486079248,818.0354255488317,"United Nations, World Population Prospects 2024"
Australia,36,Oceania,Australia/New Zealand,2023,both,63,0.00911107,0.009069752425384825,0.9909302475746151,93006.01318237596,843.5415136362274,"United Nations, World Population Prospects 2024"
Australia,36,Oceania,Australia/New Zealand,2023,both,64,0.00868722,0.008649649296817849,0.9913503507031821,92162.47166873972,797.1730582625094,"United Nations, World Population Prospects 2024"
Australia,36,Oceania,Australia/New Zealand,2023,both,65,0.00797158,0.007939933094072975,0.9920600669059271,91365.29861047721,725.4343580871877,"United Nations, World Population Prospects 2024"
Australia,36,Oceania,Australia/New Zealand,2023,both,66,0.00778192,0.007751758218840819,0.9922482417811592,90639.86425239002,702.6183126730805,"United Nations, World Population Prospects 2024"
Australia,36,Oceania,Australia/New Zealand,2023,both,67,0.00789455,0.00786351056134895,0.9921364894386511,89937.24593971694,707.2224833056022,"United Nations, World Population Prospects 2024"
Australia,36,Oceania,Australia/New Zealand,2023,both,68,0.00874371,0.008705650159820538,0.9912943498401795,89230.02345641135,776.8053679640977,"United Nations, World Population Prospects 2024"
Australia,36,Oceania,Australia/New Zealand,2023,both,69,0.00997922,0.009929674795344403,0.9900703252046555,88453.21808844726,878.3116902199564,"United Nations, World Population Prospects 2024"
Australia,36,Oceania,Australia/New Zealand,2023,both,70,0.01157113,0.01150456956498476,0.9884954304350152,87574.9063982273,1007.5116028054348,"United Nations, World Population Prospects 2024"
Australia,36,Oceania,Australia/New Zealand,2023,both,71,0.01278705,0.0127058150538081,0.9872941849461919,86567.39479542186,1099.90930796062,"United Nations, World Population Prospects 2024"
Australia,36,Oceania,Australia/New Zealand,2023,both,72,0.01502394,0.01491192208862789,0.9850880779113721,85467.48548746124,1274.484484699957,"United Nations, World Population Prospects 2024"
Australia,36,Oceania,Australia/New Zealand,2023,both,73,0.01587795,0.01575288821428896,0.984247111785711,84193.00100276129,1326.282933222017,"United Nations, World Population Prospects 2024"
Australia,36,Oceania,Australia/New Zealand,2023,both,74,0.01727076,0.01712289727532659,0.9828771027246734,82866.71806953926,1418.9183010481704,"United Nations, World Population Prospects 2024"
Australia,36,Oceania,Australia/New Zealand,2023,both,75,0.01955695,0.01936756475225915,0.9806324352477408,81447.7997684911,1577.4455359452893,"United Nations, World Population Prospects 2024"
Australia,36,Oceania,Australia/New Zealand,2023,both,76,0.02156413,0.021334104300712937,0.9786658956992871,79870.3542325458,1703.962467732021,"United Nations, World Population Prospects 2024"
Australia,36,Oceania,Australia/New Zealand,2023,both,77,0.02314281,0.02287807848819135,0.9771219215118087,78166.39176481379,1788.296845934124,"United Nations, World Population Prospects 2024"
Australia,36,Oceania,Australia/New Zealand,2023,both,78,0.0262988,0.025957474781113227,0.9740425252188868,76378.09491887965,1982.5824726862909,"United Nations, World Population Prospects 2024"
Australia,36,Oceania,Australia/New Zealand,2023,both,79,0.03114791,0.030670252862087233,0.9693297471379128,74395.51244619337,2281.7291785293087,"United Nations, World Population Prospects 2024"
Australia,36,Oceania,Australia/New Zealand,2023,both,80,0.03613806,0.0354966696118828,0.9645033303881172,72113.78326766405,2559.799139115193,"United Nations, World Population Prospects 2024"
Australia,36,Oceania,Australia/New Zealand,2023,both,81,0.0410022,0.040178496622884585,0.9598215033771154,69553.98412854887,2794.5745164170685,"United Nations, World Population Prospects 2024"
Australia,36,Oceania,Australia/New Zealand,2023,both,82,0.04656287,0.045503483604195365,0.9544965163958047,66759.4096121318,3037.7857007114017,"United Nations, World Population Prospects 2024"
Australia,36,Oceania,Australia/New Zealand,2023,both,83,0.05333407,0.05194875084306179,0.9480512491569382,63721.623911420385,3310.258763889666,"United Nations, World Population Prospects 2024"
Australia,36,Oceania,Australia/New Zealand,2023,both,84,0.06073711,0.058946975531488345,0.9410530244685117,60411.36514753073,3561.0672631753014,"United Nations, World Population Prospects 2024"
Australia,36,Oceania,Australia/New Zealand,2023,both,85,0.07137247,0.06891321675236901,0.931086783247631,56850.29788435543,3917.736900541331,"United Nations, World Population Prospects 2024"
Australia,36,Oceania,Australia/New Zealand,2023,both,86,0.08084816,0.07770692888999647,0.9222930711100035,52932.560983814095,4113.226752334644,"United Nations, World Population Prospects 2024"
Australia,36,Oceania,Australia/New Zealand,2023,both,87,0.09219589,0.08813313365222221,0.9118668663477778,48819.33423147944,4302.600908635484,"United Nations, World Population Prospects 2024"
Australia,36,Oceania,Australia/New Zealand,2023,both,88,0.10319997,0.0981361463218355,0.9018638536781645,44516.73332284396,4368.700655140745,"United Nations, World Population Prospects 2024"
Australia,36,Oceania,Australia/New Zealand,2023,both,89,0.12177572,0.11478660902010887,0.8852133909798912,40148.03266770321,4608.456528754207,"United Nations, World Population Prospects 2024"
Australia,36,Oceania,Australia/New Zealand,2023,both,90,0.13744858,0.12860995233859612,0.8713900476614038,35539.57613894901,4570.74319336414,"United Nations, World Population Prospects 2024"
Australia,36,Oceania,Australia/New Zealand,2023,both,91,0.1613473,0.14930252070086097,0.8506974792991391,30968.83294558487,4623.724821939691,"United Nations, World Population Prospects 2024"
Australia,36,Oceania,Australia/New Zealand,2023,both,92,0.18433536,0.16877935812933048,0.8312206418706696,26345.10812364518,4446.510438956643,"United Nations, World Population Prospects 2024"
Australia,36,Oceania,Australia/New Zealand,2023,both,93,0.20653519,0.18720316896464273,0.8127968310353573,21898.597684688535,4099.4868824554815,"United Nations, World Population Prospects 2024"
Australia,36,Oceania,Australia/New Zealand,2023,both,94,0.23741225,0.21222038987227318,0.7877796101277268,17799.11080223305,3777.3342338296875,"United Nations, World Population Prospects 2024"
Australia,36,Oceania,Australia/New Zealand,2023,both,95,0.26249412,0.23203960415154581,0.7679603958484542,14021.776568403366,3253.6074844337372,"United Nations, World Population Prospects 2024"
Australia,36,Oceania,Australia/New Zealand,2023,both,96,0.2942474,0.2565088664805722,0.7434911335194279,10768.169083969628,2762.1308458001904,"United Nations, World Population Prospects 2024"
Australia,36,Oceania,Australia/New Zealand,2023,both,97,0.32853236,0.28217976751673746,0.7178202324832625,8006.038238169438,2259.1420087767624,"United Nations, World Population Prospects 2024"
Australia,36,Oceania,Australia/New Zealand,2023,both,98,0.36585213,0.30927725816913165,0.6907227418308683,5746.896229392676,1777.384308809088,"United Nations, World Population Prospects 2024"
Australia,36,Oceania,Australia/New Zealand,2023,both,99,0.40623219,0.33765003368191165,0.6623499663180883,3969.5119205835886,1340.3058336857985,"United Nations, World Population Prospects 2024"
Australia,36,Oceania,Australia/New Zealand,2023,both,100,0.50157966,1,0,2629.2060868977896,2629.2060868977896,"United Nations, World Population Prospects 2024"
Australia,36,Oceania,Australia/New Zealand,2023,female,0,0.00306751,0.0030628123961733067,0.9969371876038267,100000,306.28123961733064,"United Nations, World Population Prospects 2024"
Australia,36,Oceania,Australia/New Zealand,2023,female,1,3.7715e-4,3.7707889234787553e-4,0.9996229211076522,99693.71876038266,37.59239704420571,"United Nations, World Population Prospects 2024"
Australia,36,Oceania,Australia/New Zealand,2023,female,2,1.1425e-4,1.1424347384155678e-4,0.9998857565261584,99656.12636333847,11.385062065340936,"United Nations, World Population Prospects 2024"
Australia,36,Oceania,Australia/New Zealand,2023,female,3,1.1367e-4,1.1366353993270792e-4,0.9998863364600673,99644.74130127313,11.325974031981607,"United Nations, World Population Prospects 2024"
Australia,36,Oceania,Australia/New Zealand,2023,female,4,3.848e-5,3.847925965904415e-5,0.999961520740341,99633.41532724113,3.8338200590943012,"United Nations, World Population Prospects 2024"
Australia,36,Oceania,Australia/New Zealand,2023,female,5,8.786e-5,8.785614047974873e-5,0.9999121438595202,99629.58150718204,8.753070508833561,"United Nations, World Population Prospects 2024"
Australia,36,Oceania,Australia/New Zealand,2023,female,6,6.367e-5,6.366797313007541e-5,0.9999363320268699,99620.8284366732,6.342656228101961,"United Nations, World Population Prospects 2024"
Australia,36,Oceania,Australia/New Zealand,2023,female,7,5.66e-5,5.6598398265329084e-5,0.9999434016017347,99614.4857804451,5.638020339197593,"United Nations, World Population Prospects 2024"
Australia,36,Oceania,Australia/New Zealand,2023,female,8,4.782e-5,4.781885665113747e-5,0.9999521811433488,99608.84776010591,4.76318121222548,"United Nations, World Population Prospects 2024"
Australia,36,Oceania,Australia/New Zealand,2023,female,9,5e-6,4.999987500031251e-6,0.9999950000125,99604.08457889369,0.4980191778465239,"United Nations, World Population Prospects 2024"
Australia,36,Oceania,Australia/New Zealand,2023,female,10,5e-6,4.999987500031251e-6,0.9999950000125,99603.58655971583,0.4980166877568598,"United Nations, World Population Prospects 2024"
Australia,36,Oceania,Australia/New Zealand,2023,female,11,5e-6,4.999987500031251e-6,0.9999950000125,99603.08854302808,0.4980141976796463,"United Nations, World Population Prospects 2024"
Australia,36,Oceania,Australia/New Zealand,2023,female,12,5e-6,4.999987500031251e-6,0.9999950000125,99602.59052883039,0.498011707614883,"United Nations, World Population Prospects 2024"
Australia,36,Oceania,Australia/New Zealand,2023,female,13,5e-6,4.999987500031251e-6,0.9999950000125,99602.09251712277,0.49800921756257005,"United Nations, World Population Prospects 2024"
Australia,36,Oceania,Australia/New Zealand,2023,female,14,5e-6,4.999987500031251e-6,0.9999950000125,99601.59450790522,0.49800672752270736,"United Nations, World Population Prospects 2024"
Australia,36,Oceania,Australia/New Zealand,2023,female,15,5e-6,4.999987500031251e-6,0.9999950000125,99601.0965011777,0.4980042374952949,"United Nations, World Population Prospects 2024"
Australia,36,Oceania,Australia/New Zealand,2023,female,16,5e-6,4.999987500031251e-6,0.9999950000125,99600.59849694019,0.4980017474803323,"United Nations, World Population Prospects 2024"
Australia,36,Oceania,Australia/New Zealand,2023,female,17,7.79e-6,7.789969658068181e-6,0.9999922100303419,99600.10049519272,0.7758817607980929,"United Nations, World Population Prospects 2024"
Australia,36,Oceania,Australia/New Zealand,2023,female,18,5e-6,4.999987500031251e-6,0.9999950000125,99599.32461343192,0.49799537807871447,"United Nations, World Population Prospects 2024"
Australia,36,Oceania,Australia/New Zealand,2023,female,19,4.192e-5,4.191912137521597e-5,0.9999580808786248,99598.82661805383,4.17509530183129,"United Nations, World Population Prospects 2024"
Australia,36,Oceania,Australia/New Zealand,2023,female,20,1.0882e-4,1.0881407942593845e-4,0.999891185920574,99594.65152275201,10.8373003211954,"United Nations, World Population Prospects 2024"
Australia,36,Oceania,Australia/New Zealand,2023,female,21,1.046e-4,1.0459452970609638e-4,0.9998954054702939,99583.81422243081,10.415922214934422,"United Nations, World Population Prospects 2024"
Australia,36,Oceania,Australia/New Zealand,2023,female,22,1.0412e-4,1.0411457979497586e-4,0.999895885420205,99573.39830021588,10.36704252278474,"United Nations, World Population Prospects 2024"
Australia,36,Oceania,Australia/New Zealand,2023,female,23,1.1547e-4,1.1546333372442744e-4,0.9998845366662755,99563.03125769309,11.495879504722618,"United Nations, World Population Prospects 2024"
Australia,36,Oceania,Australia/New Zealand,2023,female,24,1.0455e-4,1.0454453493443629e-4,0.9998954554650655,99551.53537818836,10.407568968121783,"United Nations, World Population Prospects 2024"
Australia,36,Oceania,Australia/New Zealand,2023,female,25,2.375e-5,2.3749717972099084e-5,0.9999762502820279,99541.12780922023,2.3640737120936497,"United Nations, World Population Prospects 2024"
Australia,36,Oceania,Australia/New Zealand,2023,female,26,7.465e-5,7.464721379274518e-5,0.9999253527862072,99538.76373550814,7.430291377230026,"United Nations, World Population Prospects 2024"
Australia,36,Oceania,Australia/New Zealand,2023,female,27,3.557e-5,3.556936739880081e-5,0.9999644306326012,99531.3334441309,3.5402665669668427,"United Nations, World Population Prospects 2024"
Australia,36,Oceania,Australia/New Zealand,2023,female,28,1.792e-5,1.7919839438238635e-05,0.9999820801605618,99527.79317756394,1.7835220733841686,"United Nations, World Population Prospects 2024"
Australia,36,Oceania,Australia/New Zealand,2023,female,29,5e-6,4.999987500031251e-6,0.9999950000125,99526.00965549056,0.49762880420544237,"United Nations, World Population Prospects 2024"
Australia,36,Oceania,Australia/New Zealand,2023,female,30,5e-6,4.999987500031251e-6,0.9999950000125,99525.51202668635,0.4976263160676417,"United Nations, World Population Prospects 2024"
Australia,36,Oceania,Australia/New Zealand,2023,female,31,5e-6,4.999987500031251e-6,0.9999950000125,99525.01440037029,0.49762382794228166,"United Nations, World Population Prospects 2024"
Australia,36,Oceania,Australia/New Zealand,2023,female,32,4.671e-5,4.670890911342766e-5,0.9999532910908866,99524.51677654234,4.648681608673322,"United Nations, World Population Prospects 2024"
Australia,36,Oceania,Australia/New Zealand,2023,female,33,2.94e-5,2.9399567826352955e-5,0.9999706004321737,99519.86809493367,2.925841112126702,"United Nations, World Population Prospects 2024"
Australia,36,Oceania,Australia/New Zealand,2023,female,34,4.274e-5,4.2739086665717956e-5,0.9999572609133343,99516.94225382154,4.253263219693328,"United Nations, World Population Prospects 2024"
Australia,36,Oceania,Australia/New Zealand,2023,female,35,9.782e-5,9.781521585779239e-5,0.9999021847841422,99512.68899060185,9.733855154205079,"United Nations, World Population Prospects 2024"
Australia,36,Oceania,Australia/New Zealand,2023,female,36,1.4016e-4,1.4015017827550646e-4,0.9998598498217245,99502.95513544763,13.945356901172707,"United Nations, World Population Prospects 2024"
Australia,36,Oceania,Australia/New Zealand,2023,female,37,5.648e-5,5.6478405049841395e-5,0.9999435215949501,99489.00977854646,5.618980592280378,"United Nations, World Population Prospects 2024"
Australia,36,Oceania,Australia/New Zealand,2023,female,38,1.976e-4,1.9758047904867e-4,0.9998024195209513,99483.39079795418,19.655976011245837,"United Nations, World Population Prospects 2024"
Australia,36,Oceania,Australia/New Zealand,2023,female,39,2.9458e-4,2.9453661770157877e-4,0.9997054633822984,99463.73482194293,29.29571203842181,"United Nations, World Population Prospects 2024"
Australia,36,Oceania,Australia/New Zealand,2023,female,40,2.6729e-4,2.67254282801375e-4,0.9997327457171986,99434.4391099045,26.57427971007452,"United Nations, World Population Prospects 2024"
Australia,36,Oceania,Australia/New Zealand,2023,female,41,2.9301e-4,2.929670788581119e-4,0.9997070329211419,99407.86483019442,29.1232317748241,"United Nations, World Population Prospects 2024"
Australia,36,Oceania,Australia/New Zealand,2023,female,42,4.1121e-4,4.11125470547628e-4,0.9995888745294523,99378.74159841961,40.8571319020814,"United Nations, World Population Prospects 2024"
Australia,36,Oceania,Australia/New Zealand,2023,female,43,5.0874e-4,5.086106247153912e-4,0.9994913893752846,99337.88446651753,50.52430347642084,"United Nations, World Population Prospects 2024"
Australia,36,Oceania,Australia/New Zealand,2023,female,44,7.0029e-4,7.000448827845174e-4,0.9992999551172155,99287.3601630411,69.50560840732027,"United Nations, World Population Prospects 2024"
Australia,36,Oceania,Australia/New Zealand,2023,female,45,7.438e-4,7.435234836164431e-4,0.9992564765163836,99217.85455463378,73.77080485541089,"United Nations, World Population Prospects 2024"
Australia,36,Oceania,Australia/New Zealand,2023,female,46,9.3259e-4,9.321553406254429e-4,0.9990678446593746,99144.08374977838,92.41768715877211,"United Nations, World Population Prospects 2024"
Australia,36,Oceania,Australia/New Zealand,2023,female,47,0.00102195,0.0010214280757889736,0.998978571924211,99051.66606261961,101.17415267003354,"United Nations, World Population Prospects 2024"
Australia,36,Oceania,Australia/New Zealand,2023,female,48,0.00109871,0.0010981067495665917,0.9989018932504334,98950.49190994957,108.65820303925005,"United Nations, World Population Prospects 2024"
Australia,36,Oceania,Australia/New Zealand,2023,female,49,0.0012239,0.001223151492444199,0.9987768485075558,98841.83370691033,120.89853641452869,"United Nations, World Population Prospects 2024"
Australia,36,Oceania,Australia/New Zealand,2023,female,50,0.00122988,0.0012291241623875815,0.9987708758376124,98720.9351704958,121.34028675155439,"United Nations, World Population Prospects 2024"
Australia,36,Oceania,Australia/New Zealand,2023,female,51,0.0013828,0.0013818445926486427,0.9986181554073513,98599.59488374424,136.24931702744877,"United Nations, World Population Prospects 2024"
Australia,36,Oceania,Australia/New Zealand,2023,female,52,0.00148054,0.0014794448113894727,0.9985205551886105,98463.34556671679,145.6710857107278,"United Nations, World Population Prospects 2024"
Australia,36,Oceania,Australia/New Zealand,2023,female,53,0.00162791,0.0016265860321661883,0.9983734139678339,98317.67448100606,159.92215602586657,"United Nations, World Population Prospects 2024"
Australia,36,Oceania,Australia/New Zealand,2023,female,54,0.0021975,0.0021950881468985953,0.9978049118531014,98157.7523249802,215.46491865477208,"United Nations, World Population Prospects 2024"
Australia,36,Oceania,Australia/New Zealand,2023,female,55,0.00236992,0.002367115063334551,0.9976328849366655,97942.28740632541,231.8406638569548,"United Nations, World Population Prospects 2024"
Australia,36,Oceania,Australia/New Zealand,2023,female,56,0.00293778,0.002933471053703925,0.9970665289462961,97710.44674246846,286.6307671635102,"United Nations, World Population Prospects 2024"
Australia,36,Oceania,Australia/New Zealand,2023,female,57,0.00317318,0.0031681534394345273,0.9968318465605654,97423.81597530495,308.65359766499887,"United Nations, World Population Prospects 2024"
Australia,36,Oceania,Australia/New Zealand,2023,female,58,0.00378083,0.003773696148196008,0.996226303851804,97115.16237763995,366.4831141959298,"United Nations, World Population Prospects 2024"
Australia,36,Oceania,Australia/New Zealand,2023,female,59,0.00444748,0.004437611904902592,0.9955623880950975,96748.67926344402,429.33309088306174,"United Nations, World Population Prospects 2024"
Australia,36,Oceania,Australia/New Zealand,2023,female,60,0.00480247,0.00479096576532051,0.9952090342346794,96319.34617256097,461.4626900507947,"United Nations, World Population Prospects 2024"
Australia,36,Oceania,Australia/New Zealand,2023,female,61,0.00582018,0.005803291898279735,0.9941967081017202,95857.88348251017,556.291278600294,"United Nations, World Population Prospects 2024"
Australia,36,Oceania,Australia/New Zealand,2023,female,62,0.00602343,0.006005343616549882,0.9939946563834501,95301.59220390987,572.3188083887901,"United Nations, World Population Prospects 2024"
Australia,36,Oceania,Australia/New Zealand,2023,female,63,0.0061234,0.006104709211806213,0.9938952907881938,94729.27339552107,578.2946679253467,"United Nations, World Population Prospects 2024"
Australia,36,Oceania,Australia/New Zealand,2023,female,64,0.00598743,0.005969558842150871,0.9940304411578491,94150.97872759574,562.0398075604777,"United Nations, World Population Prospects 2024"
Australia,36,Oceania,Australia/New Zealand,2023,female,65,0.00596968,0.005951914487560947,0.9940480855124391,93588.93892003526,557.0333614336145,"United Nations, World Population Prospects 2024"
Australia,36,Oceania,Australia/New Zealand,2023,female,66,0.00586658,0.00584942194909095,0.994150578050909,93031.90555860165,544.1828703402409,"United Nations, World Population Prospects 2024"
Australia,36,Oceania,Australia/New Zealand,2023,female,67,0.00641092,0.0063904357139364055,0.9936095642860636,92487.7226882614,591.036846167712,"United Nations, World Population Prospects 2024"
Australia,36,Oceania,Australia/New Zealand,2023,female,68,0.00664722,0.006625200417639927,0.9933747995823601,91896.68584209368,608.8339614207642,"United Nations, World Population Prospects 2024"
Australia,36,Oceania,Australia/New Zealand,2023,female,69,0.00786626,0.007835442187269982,0.99216455781273,91287.85188067293,715.280685811078,"United Nations, World Population Prospects 2024"
Australia,36,Oceania,Australia/New Zealand,2023,female,70,0.00924276,0.009200242184772138,0.9907997578152279,90572.57119486186,833.2895902902458,"United Nations, World Population Prospects 2024"
Australia,36,Oceania,Australia/New Zealand,2023,female,71,0.01009585,0.010045142872167017,0.9899548571278329,89739.2816045716,901.4439049635512,"United Nations, World Population Prospects 2024"
Australia,36,Oceania,Australia/New Zealand,2023,female,72,0.01224242,0.012167937499299909,0.9878320625007001,88837.83769960805,1080.97325670178,"United Nations, World Population Prospects 2024"
Australia,36,Oceania,Australia/New Zealand,2023,female,73,0.01275362,0.012672807911780083,0.98732719208822,87756.86444290627,1112.1258860250748,"United Nations, World Population Prospects 2024"
Australia,36,Oceania,Australia/New Zealand,2023,female,74,0.01352871,0.013437811870087513,0.9865621881299125,86644.7385568812,1164.3156962602875,"United Nations, World Population Prospects 2024"
Australia,36,Oceania,Australia/New Zealand,2023,female,75,0.01564928,0.015527780705976789,0.9844722192940232,85480.4228606209,1327.3212608338865,"United Nations, World Population Prospects 2024"
Australia,36,Oceania,Australia/New Zealand,2023,female,76,0.0161399,0.016010694495952386,0.9839893055040476,84153.10159978701,1347.3496006010319,"United Nations, World Population Prospects 2024"
Australia,36,Oceania,Australia/New Zealand,2023,female,77,0.01821755,0.018053108298458704,0.9819468917015413,82805.75199918599,1494.901208576618,"United Nations, World Population Prospects 2024"
Australia,36,Oceania,Australia/New Zealand,2023,female,78,0.02052162,0.020313190214712975,0.979686809785287,81310.85079060937,1651.6827786297931,"United Nations, World Population Prospects 2024"
Australia,36,Oceania,Australia/New Zealand,2023,female,79,0.02456903,0.02427087408326107,0.9757291259167389,79659.16801197958,1933.3976363960944,"United Nations, World Population Prospects 2024"
Australia,36,Oceania,Australia/New Zealand,2023,female,80,0.02897779,0.028563930214337143,0.9714360697856629,77725.77037558347,2220.1534808637593,"United Nations, World Population Prospects 2024"
Australia,36,Oceania,Australia/New Zealand,2023,female,81,0.03390785,0.033342562692798505,0.9666574373072014,75505.61689471971,2517.5507649706183,"United Nations, World Population Prospects 2024"
Australia,36,Oceania,Australia/New Zealand,2023,female,82,0.03884525,0.0381051479998298,0.9618948520001702,72988.0661297491,2781.2210620954543,"United Nations, World Population Prospects 2024"
Australia,36,Oceania,Australia/New Zealand,2023,female,83,0.04421998,0.043263426081962084,0.9567365739180379,70206.84506765364,3037.3886520321976,"United Nations, World Population Prospects 2024"
Australia,36,Oceania,Australia/New Zealand,2023,female,84,0.05162627,0.05032716801778913,0.9496728319822109,67169.45641562145,3380.4485186925444,"United Nations, World Population Prospects 2024"
Australia,36,Oceania,Australia/New Zealand,2023,female,85,0.06017115,0.058413739072115445,0.9415862609278846,63789.007896928895,3726.154462960316,"United Nations, World Population Prospects 2024"
Australia,36,Oceania,Australia/New Zealand,2023,female,86,0.06868725,0.06640660641186821,0.9335933935881318,60062.85343396858,3988.5702679632786,"United Nations, World Population Prospects 2024"
Australia,36,Oceania,Australia/New Zealand,2023,female,87,0.07831079,0.07536003794697134,0.9246399620530287,56074.2831660053,4225.760107239375,"United Nations, World Population Prospects 2024"
Australia,36,Oceania,Australia/New Zealand,2023,female,88,0.08920564,0.08539670608968872,0.9146032939103113,51848.523058765924,4427.693084833882,"United Nations, World Population Prospects 2024"
Australia,36,Oceania,Australia/New Zealand,2023,female,89,0.10517557,0.09992094863612729,0.9000790513638727,47420.82997393204,4738.334316107789,"United Nations, World Population Prospects 2024"
Australia,36,Oceania,Australia/New Zealand,2023,female,90,0.12103997,0.11413266295024134,0.8858673370497586,42682.495657824256,4871.466890789596,"United Nations, World Population Prospects 2024"
Australia,36,Oceania,Australia/New Zealand,2023,female,91,0.14469073,0.1349292259028881,0.8650707740971119,37811.02876703465,5101.81284212782,"United Nations, World Population Prospects 2024"
Australia,36,Oceania,Australia/New Zealand,2023,female,92,0.16639004,0.15361041818674534,0.8463895818132546,32709.215924906835,5024.476336785489,"United Nations, World Population Prospects 2024"
Australia,36,Oceania,Australia/New Zealand,2023,female,93,0.18946294,0.17306795793492627,0.8269320420650738,27684.73958812134,4791.341346476373,"United Nations, World Population Prospects 2024"
Australia,36,Oceania,Australia/New Zealand,2023,female,94,0.21747834,0.19614923499094922,0.8038507650090507,22893.398241644973,4490.522551441803,"United Nations, World Population Prospects 2024"
Australia,36,Oceania,Australia/New Zealand,2023,female,95,0.24369515,0.2172266138739926,0.7827733861260073,18402.875690203167,3997.5943717268487,"United Nations, World Population Prospects 2024"
Australia,36,Oceania,Australia/New Zealand,2023,female,96,0.27558527,0.24221045340129133,0.7577895465987087,14405.281318476318,3489.1097195213006,"United Nations, World Population Prospects 2024"
Australia,36,Oceania,Australia/New Zealand,2023,female,97,0.31016347,0.2685207986601918,0.7314792013398081,10916.171598955018,2931.219116063104,"United Nations, World Population Prospects 2024"
Australia,36,Oceania,Australia/New Zealand,2023,female,98,0.34744337,0.29601853185493454,0.7039814681450655,7984.952482891912,2363.693910917078,"United Nations, World Population Prospects 2024"
Australia,36,Oceania,Australia/New Zealand,2023,female,99,0.38724436,0.32442791905894375,0.6755720809410563,5621.258571974834,1823.6932209980453,"United Nations, World Population Prospects 2024"
Australia,36,Oceania,Australia/New Zealand,2023,female,100,0.48558686,1,0,3797.5653509767894,3797.5653509767894,"United Nations, World Population Prospects 2024"
Australia,36,Oceania,Australia/New Zealand,2023,male,0,0.0033255,0.003319979703747594,0.9966800202962524,100000,331.9979703747594,"United Nations, World Population Prospects 2024"
Australia,36,Oceania,Australia/New Zealand,2023,male,1,2.6054e-4,2.6050606387505897e-4,0.9997394939361249,99668.00202962523,25.964118903029057,"United Nations, World Population Prospects 2024"
Australia,36,Oceania,Australia/New Zealand,2023,male,2,1.6953e-4,1.6951563100753766e-4,0.9998304843689925,99642.0379107222,16.89088293131306,"United Nations, World Population Prospects 2024"
Australia,36,Oceania,Australia/New Zealand,2023,male,3,1.2149e-4,1.214826205382154e-4,0.9998785173794618,99625.1470277909,12.10272393244104,"United Nations, World Population Prospects 2024"
Australia,36,Oceania,Australia/New Zealand,2023,male,4,5.047e-5,5.046872642168875e-5,0.9999495312735783,99613.04430385845,5.027343481002993,"United Nations, World Population Prospects 2024"
Australia,36,Oceania,Australia/New Zealand,2023,male,5,9.504e-5,9.50354839138044e-5,0.9999049645160862,99608.01696037744,9.466296093523907,"United Nations, World Population Prospects 2024"
Australia,36,Oceania,Australia/New Zealand,2023,male,6,1.1028e-4,1.1027391949607899e-4,0.999889726080504,99598.55066428393,10.98312255787939,"United Nations, World Population Prospects 2024"
Australia,36,Oceania,Australia/New Zealand,2023,male,7,7.238e-5,7.237738066259381e-5,0.9999276226193374,99587.56754172605,7.207887285229279,"United Nations, World Population Prospects 2024"
Australia,36,Oceania,Australia/New Zealand,2023,male,8,5.545e-5,5.544846269137188e-5,0.9999445515373087,99580.35965444084,5.521577857092656,"United Nations, World Population Prospects 2024"
Australia,36,Oceania,Australia/New Zealand,2023,male,9,4.61e-5,4.609893741949248e-5,0.9999539010625805,99574.83807658374,4.5902942290485305,"United Nations, World Population Prospects 2024"
Australia,36,Oceania,Australia/New Zealand,2023,male,10,2.798e-5,2.797960856527617e-5,0.9999720203914347,99570.2477823547,2.785936557697842,"United Nations, World Population Prospects 2024"
Australia,36,Oceania,Australia/New Zealand,2023,male,11,5e-6,4.999987500031251e-6,0.9999950000125,99567.46184579699,0.49783606463882346,"United Nations, World Population Prospects 2024"
Australia,36,Oceania,Australia/New Zealand,2023,male,12,5e-6,4.999987500031251e-6,0.9999950000125,99566.96400973236,0.49783357546472323,"United Nations, World Population Prospects 2024"
Australia,36,Oceania,Australia/New Zealand,2023,male,13,5e-6,4.999987500031251e-6,0.9999950000125,99566.46617615689,0.49783108630306877,"United Nations, World Population Prospects 2024"
Australia,36,Oceania,Australia/New Zealand,2023,male,14,5e-6,4.999987500031251e-6,0.9999950000125,99565.96834507059,0.4978285971538602,"United Nations, World Population Prospects 2024"
Australia,36,Oceania,Australia/New Zealand,2023,male,15,5e-6,4.999987500031251e-6,0.9999950000125,99565.47051647343,0.4978261080170972,"United Nations, World Population Prospects 2024"
Australia,36,Oceania,Australia/New Zealand,2023,male,16,5e-6,4.999987500031251e-6,0.9999950000125,99564.97269036542,0.49782361889278,"United Nations, World Population Prospects 2024"
Australia,36,Oceania,Australia/New Zealand,2023,male,17,1.275e-5,1.2749918719268167e-5,0.9999872500812808,99564.47486674652,1.2694389618776363,"United Nations, World Population Prospects 2024"
Australia,36,Oceania,Australia/New Zealand,2023,male,18,1.169e-4,1.168931675943541e-4,0.9998831068324057,99563.20542778465,11.638258458301138,"United Nations, World Population Prospects 2024"
Australia,36,Oceania,Australia/New Zealand,2023,male,19,7.001e-5,7.000754938573376e-5,0.9999299924506143,99551.56716932634,6.969361255033806,"United Nations, World Population Prospects 2024"
Australia,36,Oceania,Australia/New Zealand,2023,male,20,4.59e-5,4.589894661917509e-5,0.9999541010533808,99544.59780807132,4.56899218101992,"United Nations, World Population Prospects 2024"
Australia,36,Oceania,Australia/New Zealand,2023,male,21,6.45e-6,6.449979198817085e-6,0.9999935500208011,99540.02881589028,0.6420311153121455,"United Nations, World Population Prospects 2024"
Australia,36,Oceania,Australia/New Zealand,2023,male,22,5e-6,4.999987500031251e-6,0.9999950000125,99539.38678477498,0.4976956896846508,"United Nations, World Population Prospects 2024"
Australia,36,Oceania,Australia/New Zealand,2023,male,23,1.771e-5,1.770984317933865e-5,0.9999822901568206,99538.88908908529,1.7628181160132834,"United Nations, World Population Prospects 2024"
Australia,36,Oceania,Australia/New Zealand,2023,male,24,6.067e-5,6.0668159631377584e-5,0.9999393318403687,99537.12627096928,6.0387342658557515,"United Nations, World Population Prospects 2024"
Australia,36,Oceania,Australia/New Zealand,2023,male,25,5e-6,4.999987500031251e-6,0.9999950000125,99531.08753670342,0.4976541935480333,"United Nations, World Population Prospects 2024"
Australia,36,Oceania,Australia/New Zealand,2023,male,26,4.852e-5,4.851882293335564e-5,0.9999514811770667,99530.58988250988,4.829107066961935,"United Nations, World Population Prospects 2024"
Australia,36,Oceania,Australia/New Zealand,2023,male,27,5e-6,4.999987500031251e-6,0.9999950000125,99525.76077544292,0.4976275598083152,"United Nations, World Population Prospects 2024"
Australia,36,Oceania,Australia/New Zealand,2023,male,28,5e-6,4.999987500031251e-6,0.9999950000125,99525.26314788312,0.4976250716767365,"United Nations, World Population Prospects 2024"
Australia,36,Oceania,Australia/New Zealand,2023,male,29,5e-6,4.999987500031251e-6,0.9999950000125,99524.76552281143,0.49762258355759836,"United Nations, World Population Prospects 2024"
Australia,36,Oceania,Australia/New Zealand,2023,male,30,5e-6,4.999987500031251e-6,0.9999950000125,99524.26790022787,0.49762009545090086,"United Nations, World Population Prospects 2024"
Australia,36,Oceania,Australia/New Zealand,2023,male,31,5e-6,4.999987500031251e-6,0.9999950000125,99523.77028013243,0.49761760735664384,"United Nations, World Population Prospects 2024"
Australia,36,Oceania,Australia/New Zealand,2023,male,32,5e-6,4.999987500031251e-6,0.9999950000125,99523.27266252507,0.4976151192748272,"United Nations, World Population Prospects 2024"
Australia,36,Oceania,Australia/New Zealand,2023,male,33,5e-6,4.999987500031251e-6,0.9999950000125,99522.77504740578,0.497612631205451,"United Nations, World Population Prospects 2024"
Australia,36,Oceania,Australia/New Zealand,2023,male,34,5e-6,4.999987500031251e-6,0.9999950000125,99522.27743477459,0.49761014314851515,"United Nations, World Population Prospects 2024"
Australia,36,Oceania,Australia/New Zealand,2023,male,35,5e-6,4.999987500031251e-6,0.9999950000125,99521.77982463143,0.4976076551040195,"United Nations, World Population Prospects 2024"
Australia,36,Oceania,Australia/New Zealand,2023,male,36,1.907e-5,1.9069818169283754e-5,0.9999809301818308,99521.28221697634,1.8978527558517115,"United Nations, World Population Prospects 2024"
Australia,36,Oceania,Australia/New Zealand,2023,male,37,5e-6,4.999987500031251e-6,0.9999950000125,99519.38436422049,0.49759567783190795,"United Nations, World Population Prospects 2024"
Australia,36,Oceania,Australia/New Zealand,2023,male,38,5e-6,4.999987500031251e-6,0.9999950000125,99518.88676854265,0.4975931898597387,"United Nations, World Population Prospects 2024"
Australia,36,Oceania,Australia/New Zealand,2023,male,39,1.5892e-4,1.5890737322012393e-4,0.9998410926267799,99518.3891753528,15.814205810953329,"United Nations, World Population Prospects 2024"
Australia,36,Oceania,Australia/New Zealand,2023,male,40,4.212e-4,4.211113139572806e-4,0.9995788886860427,99502.57496954185,41.901660087556586,"United Nations, World Population Prospects 2024"
Australia,36,Oceania,Australia/New Zealand,2023,male,41,3.776e-4,3.775287225771774e-4,0.9996224712774229,99460.67330945429,37.549260941184244,"United Nations, World Population Prospects 2024"
Australia,36,Oceania,Australia/New Zealand,2023,male,42,4.0439e-4,4.043082508932107e-4,0.9995956917491068,99423.12404851311,40.19758938239305,"United Nations, World Population Prospects 2024"
Australia,36,Oceania,Australia/New Zealand,2023,male,43,6.7497e-4,6.747422846000818e-4,0.9993252577153999,99382.92645913071,67.05786284927578,"United Nations, World Population Prospects 2024"
Australia,36,Oceania,Australia/New Zealand,2023,male,44,7.2982e-4,7.295537785306763e-4,0.9992704462214693,99315.86859628145,72.45626720247327,"United Nations, World Population Prospects 2024"
Australia,36,Oceania,Australia/New Zealand,2023,male,45,0.0012044,0.0012036751468265808,0.9987963248531734,99243.41232907896,119.45682890677502,"United Nations, World Population Prospects 2024"
Australia,36,Oceania,Australia/New Zealand,2023,male,46,0.00140325,0.0014022661350230144,0.998597733864977,99123.95550017219,138.9981659674197,"United Nations, World Population Prospects 2024"
Australia,36,Oceania,Australia/New Zealand,2023,male,47,0.00154725,0.00154605393402529,0.9984539460659747,98984.95733420477,153.03608269587275,"United Nations, World Population Prospects 2024"
Australia,36,Oceania,Australia/New Zealand,2023,male,48,0.00189328,0.0018914894404361057,0.9981085105595638,98831.92125150889,186.93953542524181,"United Nations, World Population Prospects 2024"
Australia,36,Oceania,Australia/New Zealand,2023,male,49,0.00231573,0.002313051798279585,0.9976869482017204,98644.98171608364,228.170952349644,"United Nations, World Population Prospects 2024"
Australia,36,Oceania,Australia/New Zealand,2023,male,50,0.002337,0.0023342724026974484,0.9976657275973025,98416.81076373401,229.7316453272815,"United Nations, World Population Prospects 2024"
Australia,36,Oceania,Australia/New Zealand,2023,male,51,0.00262458,0.0026211403037907383,0.9973788596962092,98187.07911840672,257.36211038874586,"United Nations, World Population Prospects 2024"
Australia,36,Oceania,Australia/New Zealand,2023,male,52,0.00297503,0.002970611171323489,0.9970293888286765,97929.71700801796,290.91111134856607,"United Nations, World Population Prospects 2024"
Australia,36,Oceania,Australia/New Zealand,2023,male,53,0.00311864,0.00311378461337667,0.9968862153866234,97638.80589666941,304.0262114695205,"United Nations, World Population Prospects 2024"
Australia,36,Oceania,Australia/New Zealand,2023,male,54,0.00377556,0.0037684460030044486,0.9962315539969956,97334.77968519989,366.8008614580101,"United Nations, World Population Prospects 2024"
Australia,36,Oceania,Australia/New Zealand,2023,male,55,0.00414382,0.0041352521297598295,0.9958647478702402,96967.97882374188,400.98704094938466,"United Nations, World Population Prospects 2024"
Australia,36,Oceania,Australia/New Zealand,2023,male,56,0.00458946,0.004578952540237341,0.9954210474597627,96566.9917827925,442.1756723268961,"United Nations, World Population Prospects 2024"
Australia,36,Oceania,Australia/New Zealand,2023,male,57,0.00542192,0.0054072611313633195,0.9945927388686366,96124.8161104656,519.7719819135673,"United Nations, World Population Prospects 2024"
Australia,36,Oceania,Australia/New Zealand,2023,male,58,0.00675041,0.006727702624463398,0.9932722973755366,95605.04412855204,643.2023062955985,"United Nations, World Population Prospects 2024"
Australia,36,Oceania,Australia/New Zealand,2023,male,59,0.00803571,0.008003552885023144,0.9919964471149768,94961.84182225644,760.032123083632,"United Nations, World Population Prospects 2024"
Australia,36,Oceania,Australia/New Zealand,2023,male,60,0.00946581,0.009421220259527581,0.9905787797404724,94201.8096991728,887.4959980220085,"United Nations, World Population Prospects 2024"
Australia,36,Oceania,Australia/New Zealand,2023,male,61,0.01079596,0.010737996509601104,0.98926200349039894,93314.31370115078,1002.0087748187796,"United Nations, World Population Prospects 2024"
Australia,36,Oceania,Australia/New Zealand,2023,male,62,0.01166474,0.011597101413628196,0.9884028985863718,92312.304926332,1070.555161956442,"United Nations, World Population Prospects 2024"
Australia,36,Oceania,Australia/New Zealand,2023,male,63,0.01231747,0.01224207430848374,0.9877579256915162,91241.74976437556,1116.9882806515645,"United Nations, World Population Prospects 2024"
Australia,36,Oceania,Australia/New Zealand,2023,male,64,0.01159679,0.011529934883222794,0.9884700651167772,90124.761483724,1039.1326312733233,"United Nations, World Population Prospects 2024"
Australia,36,Oceania,Australia/New Zealand,2023,male,65,0.01013453,0.01008343456494924,0.9899165654350508,89085.62885245067,898.2891092110405,"United Nations, World Population Prospects 2024"
Australia,36,Oceania,Australia/New Zealand,2023,male,66,0.00984855,0.009800290673643046,0.9901997093263569,88187.33974323963,864.261563219062,"United Nations, World Population Prospects 2024"
Australia,36,Oceania,Australia/New Zealand,2023,male,67,0.00949295,0.009448104806737441,0.9905518951932626,87323.07818002056,825.0375946917616,"United Nations, World Population Prospects 2024"
Australia,36,Oceania,Australia/New Zealand,2023,male,68,0.01101646,0.010956111219497428,0.9890438887805025,86498.04058532881,947.6821529214649,"United Nations, World Population Prospects 2024"
Australia,36,Oceania,Australia/New Zealand,2023,male,69,0.01227917,0.012204241024867342,0.9877957589751326,85550.35843240733,1044.0771940728912,"United Nations, World Population Prospects 2024"
Australia,36,Oceania,Australia/New Zealand,2023,male,70,0.01409615,0.013997494608189387,0.9860025053918107,84506.28123833443,1182.8762159917221,"United Nations, World Population Prospects 2024"
Australia,36,Oceania,Australia/New Zealand,2023,male,71,0.01569991,0.015577626334269174,0.9844223736657308,83323.40502234272,1297.9808683370222,"United Nations, World Population Prospects 2024"
Australia,36,Oceania,Australia/New Zealand,2023,male,72,0.0180397,0.017878439160537822,0.9821215608394622,82025.4241540057,1466.4865553547004,"United Nations, World Population Prospects 2024"
Australia,36,Oceania,Australia/New Zealand,2023,male,73,0.01926825,0.019084388614538955,0.980915611385461,80558.937598651,1537.4180715070493,"United Nations, World Population Prospects 2024"
Australia,36,Oceania,Australia/New Zealand,2023,male,74,0.02131975,0.02109488120323368,0.9789051187967663,79021.51952714394,1666.9495669241119,"United Nations, World Population Prospects 2024"
Australia,36,Oceania,Australia/New Zealand,2023,male,75,0.02376943,0.02349025501388268,0.9765097449861173,77354.56996021984,1817.0785748547928,"United Nations, World Population Prospects 2024"
Australia,36,Oceania,Australia/New Zealand,2023,male,76,0.02741605,0.027045312184442855,0.9729546878155572,75537.49138536504,2042.9350361468603,"United Nations, World Population Prospects 2024"
Australia,36,Oceania,Australia/New Zealand,2023,male,77,0.02848801,0.028087925449458293,0.9719120745505417,73494.55634921818,2064.309619677852,"United Nations, World Population Prospects 2024"
Australia,36,Oceania,Australia/New Zealand,2023,male,78,0.03263738,0.03211333248235354,0.9678866675176465,71430.24672954033,2293.8632625222754,"United Nations, World Population Prospects 2024"
Australia,36,Oceania,Australia/New Zealand,2023,male,79,0.03846877,0.037742810256543684,0.9622571897434563,69136.38346701807,2609.4014030193066,"United Nations, World Population Prospects 2024"
Australia,36,Oceania,Australia/New Zealand,2023,male,80,0.04420219,0.04324639726562469,0.9567536027343753,66526.98206399876,2877.0522952227784,"United Nations, World Population Prospects 2024"
Australia,36,Oceania,Australia/New Zealand,2023,male,81,0.04907623,0.04790083383086241,0.9520991661691376,63649.92976877598,3048.884709200201,"United Nations, World Population Prospects 2024"
Australia,36,Oceania,Australia/New Zealand,2023,male,82,0.05552537,0.054025477681163336,0.9459745223188367,60601.04505957577,3274.0004073212845,"United Nations, World Population Prospects 2024"
Australia,36,Oceania,Australia/New Zealand,2023,male,83,0.06425907,0.06225872608131498,0.937741273918685,57327.0446522545,3569.108770056026,"United Nations, World Population Prospects 2024"
Australia,36,Oceania,Australia/New Zealand,2023,male,84,0.07204518,0.06954016321207823,0.9304598367879218,53757.93588219847,3738.3356351925186,"United Nations, World Population Prospects 2024"
Australia,36,Oceania,Australia/New Zealand,2023,male,85,0.08574548,0.08222046344791792,0.9177795365520821,50019.60024700595,4112.634713788419,"United Nations, World Population Prospects 2024"
Australia,36,Oceania,Australia/New Zealand,2023,male,86,0.09700421,0.0925169434924501,0.9074830565075499,45906.96553321753,4247.172136146541,"United Nations, World Population Prospects 2024"
Australia,36,Oceania,Australia/New Zealand,2023,male,87,0.1114815,0.1055955261743946,0.8944044738256054,41659.79339707099,4399.087804080282,"United Nations, World Population Prospects 2024"
Australia,36,Oceania,Australia/New Zealand,2023,male,88,0.12357747,0.11638611893918803,0.883613881060812,37260.705592990715,4336.628912903886,"United Nations, World Population Prospects 2024"
Australia,36,Oceania,Australia/New Zealand,2023,male,89,0.14711326,0.13703353497057721,0.8629664650294228,32924.07668008682,4511.702613114643,"United Nations, World Population Prospects 2024"
Australia,36,Oceania,Australia/New Zealand,2023,male,90,0.16380803,0.15140717450798996,0.8485928254920101,28412.374066972177,4301.837278544345,"United Nations, World Population Prospects 2024"
Australia,36,Oceania,Australia/New Zealand,2023,male,91,0.18943974,0.17304859918181625,0.8269514008181837,24110.536788427835,4172.2946167590835,"United Nations, World Population Prospects 2024"
Australia,36,Oceania,Australia/New Zealand,2023,male,92,0.21614703,0.19506560446939297,0.804934395530607,19938.242171668753,3889.265261273708,"United Nations, World Population Prospects 2024"
Australia,36,Oceania,Australia/New Zealand,2023,male,93,0.23837868,0.21299227170980742,0.7870077282901926,16048.976910395044,3418.3080507632867,"United Nations, World Population Prospects 2024"
Australia,36,Oceania,Australia/New Zealand,2023,male,94,0.27671355,0.24308156816653545,0.7569184318334645,12630.668859631758,3070.2827933915137,"United Nations, World Population Prospects 2024"
Australia,36,Oceania,Australia/New Zealand,2023,male,95,0.30220599,0.26253601225318673,0.7374639877468132,9560.386066240244,2509.9456334316446,"United Nations, World Population Prospects 2024"
Australia,36,Oceania,Australia/New Zealand,2023,male,96,0.33684838,0.2882928844532053,0.7117071155467947,7050.440432808598,2032.591809039896,"United Nations, World Population Prospects 2024"
Australia,36,Oceania,Australia/New Zealand,2023,male,97,0.37431828,0.3153058990894852,0.6846941009105147,5017.848623768702,1582.1572718123266,"United Nations, World Population Prospects 2024"
Australia,36,Oceania,Australia/New Zealand,2023,male,98,0.41580532,0.34423744045732957,0.6557625595426704,3435.6913519563755,1182.6935971988448,"United Nations, World Population Prospects 2024"
Australia,36,Oceania,Australia/New Zealand,2023,male,99,0.46185434,0.3752085023844262,0.6247914976155737,2252.9977547575304,845.3439134380477,"United Nations, World Population Prospects 2024"
Australia,36,Oceania,Australia/New Zealand,2023,male,100,0.55996885,1,0,1407.6538413194826,1407.6538413194826,"United Nations, World Population Prospects 2024"
Brazil,76,America,Latin America,2023,both,0,0.01218051,0.012106776643015989,0.987893223356984,100000,1210.677664301599,"United Nations, World Population Prospects 2024"
Brazil,76,America,Latin America,2023,both,1,6.5418e-4,6.539660942302382e-4,0.9993460339057698,98789.32233569841,64.60486727952872,"United Nations, World Population Prospects 2024"
Brazil,76,America,Latin America,2023,both,2,4.7491e-4,4.74797257017335e-4,0.9995252027429826,98724.71746841888,46.87422505381666,"United Nations, World Population Prospects 2024"
Brazil,76,America,Latin America,2023,both,3,3.4922e-4,3.4915903334118835e-4,0.9996508409666588,98677.84324336506,34.45426035904666,"United Nations, World Population Prospects 2024"
Brazil,76,America,Latin America,2023,both,4,2.623e-4,2.6226560386605294e-4,0.9997377343961339,98643.388983006,25.870767979022023,"United Nations, World Population Prospects 2024"
Brazil,76,America,Latin America,2023,both,5,2.0094e-4,2.0091981358632898e-4,0.9997990801864137,98617.51821502698,19.814213376109624,"United Nations, World Population Prospects 2024"
Brazil,76,America,Latin America,2023,both,6,1.5989e-4,1.5987721861575777e-4,0.9998401227813842,98597.70400165088,15.763526677683712,"United Nations, World Population Prospects 2024"
Brazil,76,America,Latin America,2023,both,7,1.3589e-4,1.3588076758124667e-4,0.9998641192324188,98581.94047497319,13.395389741388126,"United Nations, World Population Prospects 2024"
Brazil,76,America,Latin America,2023,both,8,1.2522e-4,1.2521216046663318e-4,0.9998747878395333,98568.5450852318,12.341980484174611,"United Nations, World Population Prospects 2024"
Brazil,76,America,Latin America,2023,both,9,1.2449e-4,1.24482251602249e-4,0.9998755177483978,98556.20310474763,12.26849807184755,"United Nations, World Population Prospects 2024"
Brazil,76,America,Latin America,2023,both,10,1.3088e-4,1.30871435773243e-4,0.9998691285642267,98543.93460667579,12.896586208720228,"United Nations, World Population Prospects 2024"
Brazil,76,America,Latin America,2023,both,11,1.4977e-4,1.4975878531336178e-4,0.9998502412146867,98531.03802046707,14.755888569609814,"United Nations, World Population Prospects 2024"
Brazil,76,America,Latin America,2023,both,12,1.8643e-4,1.8641262354729605e-4,0.9998135873764527,98516.28213189746,18.36467861433261,"United Nations, World Population Prospects 2024"
Brazil,76,America,Latin America,2023,both,13,2.5028e-4,2.5024868387969935e-4,0.9997497513161203,98497.91745328312,24.64897420757537,"United Nations, World Population Prospects 2024"
Brazil,76,America,Latin America,2023,both,14,3.5533e-4,3.552668815094966e-4,0.9996447331184906,98473.26847907554,34.98429100460858,"United Nations, World Population Prospects 2024"
Brazil,76,America,Latin America,2023,both,15,5.2089e-4,5.207543721275511e-4,0.9994792456278725,98438.28418807095,51.26216687567233,"United Nations, World Population Prospects 2024"
Brazil,76,America,Latin America,2023,both,16,7.5704e-4,7.567535536448743e-4,0.9992432464463551,98387.02202119528,74.45472854707603,"United Nations, World Population Prospects 2024"
Brazil,76,America,Latin America,2023,both,17,0.00104039,0.001039849075710061,0.9989601509242899,98312.56729264821,102.23023222994343,"United Nations, World Population Prospects 2024"
Brazil,76,America,Latin America,2023,both,18,0.0013124,0.0013115393678668056,0.9986884606321332,98210.33706041826,128.80672338620687,"United Nations, World Population Prospects 2024"
Brazil,76,America,Latin America,2023,both,19,0.0014931,0.0014919861577339438,0.9985080138422661,98081.53033703205,146.3362855922137,"United Nations, World Population Prospects 2024"
Brazil,76,America,Latin America,2023,both,20,0.00155894,0.0015577257994710864,0.9984422742005289,97935.19405143983,152.5561784501351,"United Nations, World Population Prospects 2024"
Brazil,76,America,Latin America,2023,both,21,0.00154111,0.0015399234043211834,0.9984600765956788,97782.6378729897,150.57777259687978,"United Nations, World Population Prospects 2024"
Brazil,76,America,Latin America,2023,both,22,0.00148767,0.0014865642414874332,0.9985134357585126,97632.06010039282,145.13632936799596,"United Nations, World Population Prospects 2024"
Brazil,76,America,Latin America,2023,both,23,0.00144277,0.0014417299576345117,0.9985582700423655,97486.92377102483,140.54981847831849,"United Nations, World Population Prospects 2024"
Brazil,76,America,Latin America,2023,both,24,0.00142146,0.0014204504432564645,0.9985795495567436,97346.3739525465,138.27570003030422,"United Nations, World Population Prospects 2024"
Brazil,76,America,Latin America,2023,both,25,0.00142508,0.001424065296513622,0.9985759347034864,97208.09825251621,138.4306792614948,"United Nations, World Population Prospects 2024"
Brazil,76,America,Latin America,2023,both,26,0.00144581,0.0014447655717443582,0.9985552344282557,97069.66757325472,140.24291377050812,"United Nations, World Population Prospects 2024"
Brazil,76,America,Latin America,2023,both,27,0.00147203,0.0014709473606783303,0.9985290526393217,96929.42465948421,142.57808137493737,"United Nations, World Population Prospects 2024"
Brazil,76,America,Latin America,2023,both,28,0.00149728,0.001496159914841353,0.9985038400851587,96786.84657810927,144.80860013406706,"United Nations, World Population Prospects 2024"
Brazil,76,America,Latin America,2023,both,29,0.00151919,0.001518036906755813,0.9984819630932442,96642.0379779752,146.70618039466328,"United Nations, World Population Prospects 2024"
Brazil,76,America,Latin America,2023,both,30,0.00154043,0.0015392444508352998,0.9984607555491647,96495.33179758054,148.5299040009369,"United Nations, World Population Prospects 2024"
Brazil,76,America,Latin America,2023,both,31,0.00156693,0.0015657033262435045,0.9984342966737565,96346.8018935796,150.85050819770157,"United Nations, World Population Prospects 2024"
Brazil,76,America,Latin America,2023,both,32,0.00160421,0.001602924286415245,0.9983970757135847,96195.95138538191,154.19482673044888,"United Nations, World Population Prospects 2024"
Brazil,76,America,Latin America,2023,both,33,0.00165717,0.0016557980305888244,0.9983442019694112,96041.75655865145,159.02575136410638,"United Nations, World Population Prospects 2024"
Brazil,76,America,Latin America,2023,both,34,0.00172721,0.0017257196598731354,0.9982742803401269,95882.73080728736,165.46671359645933,"United Nations, World Population Prospects 2024"
Brazil,76,America,Latin America,2023,both,35,0.0018134,0.001811757279674519,0.9981882427203255,95717.26409369089,173.41645001227292,"United Nations, World Population Prospects 2024"
Brazil,76,America,Latin America,2023,both,36,0.00191368,0.0019118506648098835,0.9980881493351901,95543.84764367861,182.66556863606118,"United Nations, World Population Prospects 2024"
Brazil,76,America,Latin America,2023,both,37,0.00202459,0.0020225425902486043,0.9979774574097514,95361.18207504255,192.87205220322534,"United Nations, World Population Prospects 2024"
Brazil,76,America,Latin America,2023,both,38,0.00214381,0.0021415144998999844,0.9978584855001,95168.31002283933,203.80431584488744,"United Nations, World Population Prospects 2024"
Brazil,76,America,Latin America,2023,both,39,0.00226992,0.00226734665224357,0.9977326533477564,94964.50570699445,215.31745409671925,"United Nations, World Population Prospects 2024"
Brazil,76,America,Latin America,2023,both,40,0.00240206,0.0023991785146285755,0.9976008214853714,94749.18825289771,227.32021673485042,"United Nations, World Population Prospects 2024"
Brazil,76,America,Latin America,2023,both,41,0.0025406,0.0025373767702887022,0.9974626232297112,94521.86803616286,239.83759223925384,"United Nations, World Population Prospects 2024"
Brazil,76,America,Latin America,2023,both,42,0.00268738,0.002683773839929026,0.997316226160071,94282.03044392362,253.03164688079423,"United Nations, World Population Prospects 2024"
Brazil,76,America,Latin America,2023,both,43,0.0028458,0.002841756464726341,0.9971582435352737,94028.99879704282,267.20751520324177,"United Nations, World Population Prospects 2024"
Brazil,76,America,Latin America,2023,both,44,0.00302018,0.0030156261331326178,0.9969843738668673,93761.79128183959,282.7505080788415,"United Nations, World Population Prospects 2024"
Brazil,76,America,Latin America,2023,both,45,0.00321587,0.003210707391210913,0.9967892926087891,93479.04077376073,300.1338471356199,"United Nations, World Population Prospects 2024"
Brazil,76,America,Latin America,2023,both,46,0.00343827,0.0034323692938140788,0.9965676307061859,93178.90692662512,319.824418966108,"United Nations, World Population Prospects 2024"
Brazil,76,America,Latin America,2023,both,47,0.00369299,0.0036861834806339276,0.9963138165193661,92859.08250765901,342.29561596655554,"United Nations, World Population Prospects 2024"
Brazil,76,America,Latin America,2023,both,48,0.0039829,0.0039749840180772,0.9960250159819228,92516.78689169246,367.75274929833176,"United Nations, World Population Prospects 2024"
Brazil,76,America,Latin America,2023,both,49,0.00430828,0.004299019310542388,0.9957009806894576,92149.03414239414,396.15047722598223,"United Nations, World Population Prospects 2024"
Brazil,76,America,Latin America,2023,both,50,0.00466641,0.004655547652938426,0.9953444523470616,91752.88366516815,427.159922197706,"United Nations, World Population Prospects 2024"
Brazil,76,America,Latin America,2023,both,51,0.00504817,0.005035460070767278,0.9949645399292327,91325.72374297044,459.86703534165076,"United Nations, World Population Prospects 2024"
Brazil,76,America,Latin America,2023,both,52,0.00544441,0.005429629435602257,0.9945703705643978,90865.85670762879,493.367930270958,"United Nations, World Population Prospects 2024"
Brazil,76,America,Latin America,2023,both,53,0.00585608,0.005838983223562081,0.9941610167764379,90372.48877735784,527.6834458425449,"United Nations, World Population Prospects 2024"
Brazil,76,America,Latin America,2023,both,54,0.00628319,0.0062635125801956204,0.9937364874198044,89844.8053315153,562.7440684591726,"United Nations, World Population Prospects 2024"
Brazil,76,America,Latin America,2023,both,55,0.00672907,0.006706505726754634,0.9932934942732453,89282.06126305611,598.7706551571438,"United Nations, World Population Prospects 2024"
Brazil,76,America,Latin America,2023,both,56,0.00720291,0.007177062133693299,0.9928229378663067,88683.29060789896,636.4854869132703,"United Nations, World Population Prospects 2024"
Brazil,76,America,Latin America,2023,both,57,0.00771871,0.0076890352832344735,0.9923109647167655,88046.8051209857,676.9949911513287,"United Nations, World Population Prospects 2024"
Brazil,76,America,Latin America,2023,both,58,0.00829846,0.008264170057671608,0.9917358299423283,87369.81012983437,722.0389688194308,"United Nations, World Population Prospects 2024"
Brazil,76,America,Latin America,2023,both,59,0.00896425,0.008924250394201888,0.9910757496057981,86647.77116101493,773.2664059404025,"United Nations, World Population Prospects 2024"
Brazil,76,America,Latin America,2023,both,60,0.00972705,0.009679971217982064,0.990320028782018,85874.50475507454,831.2627343875854,"United Nations, World Population Prospects 2024"
Brazil,76,America,Latin America,2023,both,61,0.01058396,0.01052824473940397,0.989471755260596,85043.24202068694,895.3560654261559,"United Nations, World Population Prospects 2024"
Brazil,76,America,Latin America,2023,both,62,0.01152502,0.011458987470113596,0.9885410125298864,84147.88595526079,964.2495707978812,"United Nations, World Population Prospects 2024"
Brazil,76,America,Latin America,2023,both,63,0.01254696,0.01246873762389127,0.9875312623761088,83183.63638446291,1037.1949366790436,"United Nations, World Population Prospects 2024"
Brazil,76,America,Latin America,2023,both,64,0.01363146,0.013539180600605038,0.986460819399395,82146.44144778387,1112.195506458573,"United Nations, World Population Prospects 2024"
Brazil,76,America,Latin America,2023,both,65,0.01474681,0.014638871670430887,0.9853611283295691,81034.2459413253,1186.249927245196,"United Nations, World Population Prospects 2024"
Brazil,76,America,Latin America,2023,both,66,0.01586736,0.015742464325629042,0.9842575356743709,79847.9960140801,1257.0042287246258,"United Nations, World Population Prospects 2024"
Brazil,76,America,Latin America,2023,both,67,0.01698754,0.016844466971769195,0.9831555330282308,78590.99178535548,1323.8233654070045,"United Nations, World Population Prospects 2024"
Brazil,76,America,Latin America,2023,both,68,0.01813326,0.017970329669904948,0.982029670330095,77267.16841994846,1388.5164891665424,"United Nations, World Population Prospects 2024"
Brazil,76,America,Latin America,2023,both,69,0.01938257,0.019196530947575723,0.9808034690524243,75878.65193078193,1456.6068900495816,"United Nations, World Population Prospects 2024"
Brazil,76,America,Latin America,2023,both,70,0.02084026,0.020625341262747805,0.9793746587372522,74422.04504073234,1534.9800764366923,"United Nations, World Population Prospects 2024"
Brazil,76,America,Latin America,2023,both,71,0.02264311,0.022389624633284907,0.9776103753667151,72887.06496429564,1631.9140251724311,"United Nations, World Population Prospects 2024"
Brazil,76,America,Latin America,2023,both,72,0.02494535,0.024638047639162216,0.9753619523608378,71255.15093912322,1755.5878033738122,"United Nations, World Population Prospects 2024"
Brazil,76,America,Latin America,2023,both,73,0.02788227,0.027498904066062965,0.9725010959339371,69499.56313574941,1911.1618193032593,"United Nations, World Population Prospects 2024"
Brazil,76,America,Latin America,2023,both,74,0.03153706,0.03104748677338921,0.9689525132266108,67588.40131644615,2098.4499959068835,"United Nations, World Population Prospects 2024"
Brazil,76,America,Latin America,2023,both,75,0.03543162,0.034814846789105104,0.9651851532108949,65489.95132053927,2280.0226214505265,"United Nations, World Population Prospects 2024"
Brazil,76,America,Latin America,2023,both,76,0.03981301,0.03903594084832315,0.9609640591516768,63209.92869908875,2467.4590377243526,"United Nations, World Population Prospects 2024"
Brazil,76,America,Latin America,2023,both,77,0.04482009,0.04383768549535329,0.9561623145046467,60742.4696613644,2662.809281225931,"United Nations, World Population Prospects 2024"
Brazil,76,America,Latin America,2023,both,78,0.05045999,0.04921821468947561,0.9507817853105244,58079.66038013846,2858.5771936814854,"United Nations, World Population Prospects 2024"
Brazil,76,America,Latin America,2023,both,79,0.05672455,0.05516008451399094,0.9448399154860091,55221.08318645698,3045.999615519091,"United Nations, World Population Prospects 2024"
Brazil,76,America,Latin America,2023,both,80,0.06379106,0.06181930064180044,0.9381806993581996,52175.08357093789,3225.427177282872,"United Nations, World Population Prospects 2024"
Brazil,76,America,Latin America,2023,both,81,0.07178186,0.06929480500422955,0.9307051949957704,48949.656393655016,3391.9568948223623,"United Nations, World Population Prospects 2024"
Brazil,76,America,Latin America,2023,both,82,0.08083812,0.07769765386651029,0.9223023461334897,45557.699498832655,3539.7263666147887,"United Nations, World Population Prospects 2024"
Brazil,76,America,Latin America,2023,both,83,0.09147198,0.08747138940871681,0.9125286105912832,42017.97313221786,3675.370490013229,"United Nations, World Population Prospects 2024"
Brazil,76,America,Latin America,2023,both,84,0.1040823,0.09893367764179187,0.9010663223582082,38342.602642204634,3793.3746897511905,"United Nations, World Population Prospects 2024"
Brazil,76,America,Latin America,2023,both,85,0.11867243,0.11202527424213472,0.8879747257578653,34549.227952453446,3870.386736227624,"United Nations, World Population Prospects 2024"
Brazil,76,America,Latin America,2023,both,86,0.13526095,0.1266926648941901,0.8733073351058099,30678.84121622582,3886.7841495493653,"United Nations, World Population Prospects 2024"
Brazil,76,America,Latin America,2023,both,87,0.15006302,0.1395894153837407,0.8604105846162593,26792.057066676454,3739.887582865185,"United Nations, World Population Prospects 2024"
Brazil,76,America,Latin America,2023,both,88,0.16583874,0.15314043186797927,0.8468595681320208,23052.16948381127,3530.2191902447107,"United Nations, World Population Prospects 2024"
Brazil,76,America,Latin America,2023,both,89,0.18282871,0.16751539794434903,0.832484602055651,19521.950293566562,3270.227272076604,"United Nations, World Population Prospects 2024"
Brazil,76,America,Latin America,2023,both,90,0.20109416,0.18272199677273235,0.8172780032272676,16251.72302148996,2969.547281484028,"United Nations, World Population Prospects 2024"
Brazil,76,America,Latin America,2023,both,91,0.22074785,0.19880496563353647,0.8011950343664636,13282.17574000593,2640.562491530471,"United Nations, World Population Prospects 2024"
Brazil,76,America,Latin America,2023,both,92,0.24196079,0.2158474769757236,0.7841525230242764,10641.61324847546,2296.965370634862,"United Nations, World Population Prospects 2024"
Brazil,76,America,Latin America,2023,both,93,0.26509174,0.2340671111184221,0.765932888881578,8344.647877840598,1953.2076220666204,"United Nations, World Population Prospects 2024"
Brazil,76,America,Latin America,2023,both,94,0.29052617,0.2536763594366616,0.7463236405633384,6391.440255773978,1621.357295641668,"United Nations, World Population Prospects 2024"
Brazil,76,America,Latin America,2023,both,95,0.32032671,0.27610483353010234,0.7238951664698976,4770.08296013231,1317.0429616321094,"United Nations, World Population Prospects 2024"
Brazil,76,America,Latin America,2023,both,96,0.35118194,0.29872800060721805,0.701271999392782,3453.039998500201,1031.5197347687163,"United Nations, World Population Prospects 2024"
Brazil,76,America,Latin America,2023,both,97,0.38451506,0.32251007045432545,0.6774899295456746,2421.5202637314846,780.9646708626178,"United Nations, World Population Prospects 2024"
Brazil,76,America,Latin America,2023,both,98,0.42194587,0.3484354256026374,0.6515645743973626,1640.5555928688666,571.6276862260506,"United Nations, World Population Prospects 2024"
Brazil,76,America,Latin America,2023,both,99,0.46444822,0.3769186272454935,0.6230813727545065,1068.927906642816,402.8988391962092,"United Nations, World Population Prospects 2024"
Brazil,76,America,Latin America,2023,both,100,0.55162007,1,0,666.0290674466067,666.0290674466067,"United Nations, World Population Prospects 2024"
Brazil,76,America,Latin America,2023,female,0,0.01066462,0.010608054564564824,0.9893919454354352,100000,1060.8054564564825,"United Nations, World Population Prospects 2024"
Brazil,76,America,Latin America,2023,female,1,6.4966e-4,6.494490394685095e-4,0.9993505509605315,98939.19454354352,64.25596486209233,"United Nations, World Population Prospects 2024"
Brazil,76,America,Latin America,2023,female,2,4.5408e-4,4.539769290780221e-4,0.999546023070922,98874.93857868142,44.88694097872785,"United Nations, World Population Prospects 2024"
Brazil,76,America,Latin America,2023,female,3,3.2227e-4,3.2221807938977756e-4,0.9996777819206102,98830.0516377027,31.844829424693103,"United Nations, World Population Prospects 2024"
Brazil,76,America,Latin America,2023,female,4,2.3528e-4,2.3525232491649681e-4,0.9997647476750835,98798.206808278,23.242507849228264,"United Nations, World Population Prospects 2024"
Brazil,76,America,Latin America,2023,female,5,1.7662e-4,1.7660440406507702e-4,0.9998233955959349,98774.96430042876,17.44409370682648,"United Nations, World Population Prospects 2024"
Brazil,76,America,Latin America,2023,female,6,1.3969e-4,1.396802440333555e-4,0.9998603197559667,98757.52020672195,13.79447452260396,"United Nations, World Population Prospects 2024"
Brazil,76,America,Latin America,2023,female,7,1.2031e-4,1.2030276318728049e-4,0.9998796972368127,98743.72573219935,11.879143052990553,"United Nations, World Population Prospects 2024"
Brazil,76,America,Latin America,2023,female,8,1.1382e-4,1.1381352287241332e-4,0.9998861864771276,98731.84658914636,11.237019280009413,"United Nations, World Population Prospects 2024"
Brazil,76,America,Latin America,2023,female,9,1.1598e-4,1.1597327470979958e-4,0.9998840267252902,98720.60956986634,11.448952373164978,"United Nations, World Population Prospects 2024"
Brazil,76,America,Latin America,2023,female,10,1.2323e-4,1.2322240765135257e-4,0.9998767775923486,98709.16061749318,12.16318042853158,"United Nations, World Population Prospects 2024"
Brazil,76,America,Latin America,2023,female,11,1.3938e-4,1.3937028728467916e-4,0.9998606297127153,98696.99743706464,13.755428886938942,"United Nations, World Population Prospects 2024"
Brazil,76,America,Latin America,2023,female,12,1.6588e-4,1.6586624305380113e-4,0.9998341337569462,98683.2420081777,16.36821860426548,"United Nations, World Population Prospects 2024"
Brazil,76,America,Latin America,2023,female,13,2.0407e-4,2.040491798419348e-4,0.999795950820158,98666.87378957342,20.132894674330153,"United Nations, World Population Prospects 2024"
Brazil,76,America,Latin America,2023,female,14,2.5388e-4,2.538477765632431e-4,0.9997461522234368,98646.74089489909,25.04125584138048,"United Nations, World Population Prospects 2024"
Brazil,76,America,Latin America,2023,female,15,3.1331e-4,3.132609261096203e-4,0.9996867390738904,98621.69963905773,30.89432496343603,"United Nations, World Population Prospects 2024"
Brazil,76,America,Latin America,2023,female,16,3.7751e-4,3.774387565475079e-4,0.9996225612434525,98590.8053140943,37.211990964769186,"United Nations, World Population Prospects 2024"
Brazil,76,America,Latin America,2023,female,17,4.3877e-4,4.3867376155682085e-4,0.9995613262384432,98553.59332312952,43.232875497998414,"United Nations, World Population Prospects 2024"
Brazil,76,America,Latin America,2023,female,18,4.9013e-4,4.90009915720004e-4,0.99950999008428,98510.36044763152,48.271053420491135,"United Nations, World Population Prospects 2024"
Brazil,76,America,Latin America,2023,female,19,5.2661e-4,5.264713774539594e-4,0.999473528622546,98462.08939421103,51.83747183036517,"United Nations, World Population Prospects 2024"
Brazil,76,America,Latin America,2023,female,20,5.492e-4,5.490492310811451e-4,0.9994509507689189,98410.25192238066,54.03207314848488,"United Nations, World Population Prospects 2024"
Brazil,76,America,Latin America,2023,female,21,5.6207e-4,5.619120830377435e-4,0.9994380879169622,98356.21984923218,55.267548375200306,"United Nations, World Population Prospects 2024"
Brazil,76,America,Latin America,2023,female,22,5.7088e-4,5.707170945125422e-4,0.9994292829054875,98300.95230085697,56.10203388496109,"United Nations, World Population Prospects 2024"
Brazil,76,America,Latin America,2023,female,23,5.8168e-4,5.815108733775869e-4,0.9994184891266225,98244.85026697202,57.130448683597145,"United Nations, World Population Prospects 2024"
Brazil,76,America,Latin America,2023,female,24,5.9732e-4,5.971416576725197e-4,0.9994028583423274,98187.71981828842,58.631977775377656,"United Nations, World Population Prospects 2024"
Brazil,76,America,Latin America,2023,female,25,6.1879e-4,6.185986086834664e-4,0.9993814013913165,98129.08784051304,60.70251720951902,"United Nations, World Population Prospects 2024"
Brazil,76,America,Latin America,2023,female,26,6.4531e-4,6.451018546610843e-4,0.999354898145339,98068.38532330352,63.264097255680966,"United Nations, World Population Prospects 2024"
Brazil,76,America,Latin America,2023,female,27,6.7569e-4,6.75461798608649e-4,0.9993245382013913,98005.12122604784,66.19871545620495,"United Nations, World Population Prospects 2024"
Brazil,76,America,Latin America,2023,female,28,7.0932e-4,7.090685217580734e-4,0.9992909314782419,97938.92251059163,69.4454070071637,"United Nations, World Population Prospects 2024"
Brazil,76,America,Latin America,2023,female,29,7.4652e-4,7.462414579134192e-4,0.9992537585420865,97869.47710358448,73.03426127900288,"United Nations, World Population Prospects 2024"
Brazil,76,America,Latin America,2023,female,30,7.8821e-4,7.87899484873514e-4,0.9992121005151264,97796.44284230545,77.05376693791452,"United Nations, World Population Prospects 2024"
Brazil,76,America,Latin America,2023,female,31,8.3558e-4,8.352310488201135e-4,0.9991647689511799,97719.38907536754,81.61826782747997,"United Nations, World Population Prospects 2024"
Brazil,76,America,Latin America,2023,female,32,8.8992e-4,8.895241973131635e-4,0.9991104758026869,97637.77080754006,86.85115970502369,"United Nations, World Population Prospects 2024"
Brazil,76,America,Latin America,2023,female,33,9.5259e-4,9.521365021447111e-4,0.9990478634978552,97550.91964783503,92.88179141448943,"United Nations, World Population Prospects 2024"
Brazil,76,America,Latin America,2023,female,34,0.00102397,0.0010234460109940613,0.998976553989006,97458.03785642055,99.74304008346182,"United Nations, World Population Prospects 2024"
Brazil,76,America,Latin America,2023,female,35,0.00110384,0.0011032311046887003,0.9988967688953113,97358.29481633709,107.40869914083574,"United Nations, World Population Prospects 2024"
Brazil,76,America,Latin America,2023,female,36,0.00119156,0.0011908505150801255,0.9988091494849198,97250.88611719625,115.81126782466178,"United Nations, World Population Prospects 2024"
Brazil,76,America,Latin America,2023,female,37,0.0012862,0.001285373376381649,0.9987146266236183,97135.07484937158,124.85483912422094,"United Nations, World Population Prospects 2024"
Brazil,76,America,Latin America,2023,female,38,0.00138699,0.0013860287959601458,0.9986139712040398,97010.22001024736,134.45895843663197,"United Nations, World Population Prospects 2024"
Brazil,76,America,Latin America,2023,female,39,0.00149359,0.0014924754268136327,0.9985075245731864,96875.76105181072,144.5846928236967,"United Nations, World Population Prospects 2024"
Brazil,76,America,Latin America,2023,female,40,0.00160581,0.0016045217214872094,0.9983954782785128,96731.17635898702,155.2072736130047,"United Nations, World Population Prospects 2024"
Brazil,76,America,Latin America,2023,female,41,0.00172358,0.0017220959149614452,0.9982779040850386,96575.96908537403,166.31308184536545,"United Nations, World Population Prospects 2024"
Brazil,76,America,Latin America,2023,female,42,0.00184749,0.0018457849653671671,0.9981542150346329,96409.65600352867,177.95149356753365,"United Nations, World Population Prospects 2024"
Brazil,76,America,Latin America,2023,female,43,0.00197903,0.0019770736559613215,0.9980229263440387,96231.70450996114,190.25716785489846,"United Nations, World Population Prospects 2024"
Brazil,76,America,Latin America,2023,female,44,0.00212029,0.002118044565643955,0.9978819554343561,96041.44734210623,203.42006561952817,"United Nations, World Population Prospects 2024"
Brazil,76,America,Latin America,2023,female,45,0.00227363,0.0022710482382969806,0.9977289517617031,95838.0272764867,217.6527830081231,"United Nations, World Population Prospects 2024"
Brazil,76,America,Latin America,2023,female,46,0.00244202,0.0024390419054430347,0.9975609580945569,95620.3744934786,233.22210040375057,"United Nations, World Population Prospects 2024"
Brazil,76,America,Latin America,2023,female,47,0.00262888,0.002625429031064408,0.9973745709689356,95387.15239307484,250.43219908334348,"United Nations, World Population Prospects 2024"
Brazil,76,America,Latin America,2023,female,48,0.00283569,0.0028316751235844015,0.9971683248764156,95136.72019399148,269.39628391273544,"United Nations, World Population Prospects 2024"
Brazil,76,America,Latin America,2023,female,49,0.00306392,0.0030592333768360218,0.996940766623164,94867.32391007875,290.2212836768269,"United Nations, World Population Prospects 2024"
Brazil,76,America,Latin America,2023,female,50,0.00331328,0.0033078001659331085,0.9966921998340669,94577.10262640193,312.84215576108494,"United Nations, World Population Prospects 2024"
Brazil,76,America,Latin America,2023,female,51,0.00358089,0.0035744900721228186,0.9964255099278772,94264.26047064083,336.9466632083051,"United Nations, World Population Prospects 2024"
Brazil,76,America,Latin America,2023,female,52,0.00386456,0.003857106989306703,0.9961428930106933,93927.31380743254,362.287698573452,"United Nations, World Population Prospects 2024"
Brazil,76,America,Latin America,2023,female,53,0.00416848,0.004159809957693775,0.9958401900423062,93565.02610885908,389.21272729951005,"United Nations, World Population Prospects 2024"
Brazil,76,America,Latin America,2023,female,54,0.00449546,0.004485378081125711,0.9955146219188743,93175.81338155956,417.928751032707,"United Nations, World Population Prospects 2024"
Brazil,76,America,Latin America,2023,female,55,0.00484446,0.0048327539583793945,0.9951672460416207,92757.88463052685,448.27603411907785,"United Nations, World Population Prospects 2024"
Brazil,76,America,Latin America,2023,female,56,0.00521814,0.005204560936198192,0.9947954390638019,92309.6085964078,480.43098293660887,"United Nations, World Population Prospects 2024"
Brazil,76,America,Latin America,2023,female,57,0.0056229,0.0056071358180044715,0.9943928641819956,91829.17761347118,514.8986709343886,"United Nations, World Population Prospects 2024"
Brazil,76,America,Latin America,2023,female,58,0.00607081,0.006052438398223839,0.9939475616017761,91314.2789425368,552.6740481779323,"United Nations, World Population Prospects 2024"
Brazil,76,America,Latin America,2023,female,59,0.00657945,0.006557876390092603,0.9934421236099074,90761.60489435885,595.2033858636291,"United Nations, World Population Prospects 2024"
Brazil,76,America,Latin America,2023,female,60,0.00715714,0.007131619002187343,0.9928683809978126,90166.40150849523,643.0324223568381,"United Nations, World Population Prospects 2024"
Brazil,76,America,Latin America,2023,female,61,0.00780545,0.0077751058998270966,0.9922248941001729,89523.36908613838,696.0536751540333,"United Nations, World Population Prospects 2024"
Brazil,76,America,Latin America,2023,female,62,0.00852239,0.008486228525438544,0.9915137714745614,88827.31541098435,753.8088978788221,"United Nations, World Population Prospects 2024"
Brazil,76,America,Latin America,2023,female,63,0.00930811,0.009264990225914132,0.9907350097740859,88073.50651310553,816.0001770059074,"United Nations, World Population Prospects 2024"
Brazil,76,America,Latin America,2023,female,64,0.01015263,0.010101352353527503,0.9898986476464725,87257.50633609963,881.418816991101,"United Nations, World Population Prospects 2024"
Brazil,76,America,Latin America,2023,female,65,0.01103485,0.010974300122148554,0.9890256998778515,86376.08751910852,947.9171078116668,"United Nations, World Population Prospects 2024"
Brazil,76,America,Latin America,2023,female,66,0.01193948,0.011868627380382238,0.9881313726196178,85428.17041129686,1013.9151223994776,"United Nations, World Population Prospects 2024"
Brazil,76,America,Latin America,2023,female,67,0.01286082,0.012778648053768564,0.9872213519462314,84414.25528889739,1078.7000590577913,"United Nations, World Population Prospects 2024"
Brazil,76,America,Latin America,2023,female,68,0.01381951,0.013724675852405464,0.9862753241475946,83335.55522983959,1143.7534825097814,"United Nations, World Population Prospects 2024"
Brazil,76,America,Latin America,2023,female,69,0.01487195,0.01476217880744233,0.9852378211925577,82191.80174732981,1213.3300738999337,"United Nations, World Population Prospects 2024"
Brazil,76,America,Latin America,2023,female,70,0.01609668,0.01596816279663731,0.9840318372033627,80978.47167342987,1293.0774187042111,"United Nations, World Population Prospects 2024"
Brazil,76,America,Latin America,2023,female,71,0.01760574,0.017452111332712607,0.9825478886672874,79685.39425472566,1390.6783721245697,"United Nations, World Population Prospects 2024"
Brazil,76,America,Latin America,2023,female,72,0.01951543,0.019326844162809886,0.9806731558371902,78294.7158826011,1513.1897726345076,"United Nations, World Population Prospects 2024"
Brazil,76,America,Latin America,2023,female,73,0.02194193,0.02170381817048524,0.9782961818295147,76781.5261099666,1666.4522815430798,"United Nations, World Population Prospects 2024"
Brazil,76,America,Latin America,2023,female,74,0.02495991,0.024652251016663334,0.9753477489833366,75115.07382842351,1851.755655153495,"United Nations, World Population Prospects 2024"
Brazil,76,America,Latin America,2023,female,75,0.02844494,0.028046055812587154,0.9719539441874129,73263.31817327,2054.7471105028612,"United Nations, World Population Prospects 2024"
Brazil,76,America,Latin America,2023,female,76,0.03241294,0.03189601813891226,0.9681039818610877,71208.57106276715,2271.2698742640437,"United Nations, World Population Prospects 2024"
Brazil,76,America,Latin America,2023,female,77,0.03692257,0.036253287723155815,0.9637467122768442,68937.30118850312,2499.203814844655,"United Nations, World Population Prospects 2024"
Brazil,76,America,Latin America,2023,female,78,0.04204827,0.04118244472252362,0.9588175552774764,66438.09737365846,2736.0832725603314,"United Nations, World Population Prospects 2024"
Brazil,76,America,Latin America,2023,female,79,0.04789103,0.04677107257997023,0.9532289274200297,63702.01410109812,2979.411525012747,"United Nations, World Population Prospects 2024"
Brazil,76,America,Latin America,2023,female,80,0.05456679,0.053117562559258535,0.9468824374407414,60722.60257608537,3225.4366410962084,"United Nations, World Population Prospects 2024"
Brazil,76,America,Latin America,2023,female,81,0.06220648,0.06033002088132319,0.9396699791186768,57497.165934989156,3468.8052214748004,"United Nations, World Population Prospects 2024"
Brazil,76,America,Latin America,2023,female,82,0.07095817,0.06852689834870011,0.9314731016512999,54028.360713514354,3702.395982561901,"United Nations, World Population Prospects 2024"
Brazil,76,America,Latin America,2023,female,83,0.08134796,0.07816853458755642,0.9218314654124435,50325.96473095245,3933.906914723601,"United Nations, World Population Prospects 2024"
Brazil,76,America,Latin America,2023,female,84,0.09378083,0.0895803693073262,0.9104196306926738,46392.05781622885,4155.817672104609,"United Nations, World Population Prospects 2024"
Brazil,76,America,Latin America,2023,female,85,0.10825725,0.10269833057611921,0.8973016694238808,42236.24014412425,4337.591352613629,"United Nations, World Population Prospects 2024"
Brazil,76,America,Latin America,2023,female,86,0.12480694,0.11747602819859013,0.8825239718014098,37898.64879151062,4452.182734119965,"United Nations, World Population Prospects 2024"
Brazil,76,America,Latin America,2023,female,87,0.13934537,0.13026916733879204,0.869730832661208,33446.46605739065,4357.043283721451,"United Nations, World Population Prospects 2024"
Brazil,76,America,Latin America,2023,female,88,0.15468214,0.14357768798324935,0.8564223120167507,29089.422773669197,4176.592066610704,"United Nations, World Population Prospects 2024"
Brazil,76,America,Latin America,2023,female,89,0.17100236,0.15753309452874106,0.8424669054712589,24912.830707058496,3924.5953147535693,"United Nations, World Population Prospects 2024"
Brazil,76,America,Latin America,2023,female,90,0.18847664,0.17224459841618414,0.8277554015838159,20988.235392304927,3615.110176611905,"United Nations, World Population Prospects 2024"
Brazil,76,America,Latin America,2023,female,91,0.20732409,0.18785106449864367,0.8121489355013564,17373.12521569302,3263.5600654361624,"United Nations, World Population Prospects 2024"
Brazil,76,America,Latin America,2023,female,92,0.2278177,0.20452095339757825,0.7954790466024217,14109.565150256862,2885.7017165557777,"United Nations, World Population Prospects 2024"
Brazil,76,America,Latin America,2023,female,93,0.2503816,0.22252368220572014,0.7774763177942798,11223.863433701083,2497.5754198413024,"United Nations, World Population Prospects 2024"
Brazil,76,America,Latin America,2023,female,94,0.27533787,0.24201932700219153,0.7579806729978085,8726.28801385978,2111.9303523416343,"United Nations, World Population Prospects 2024"
Brazil,76,America,Latin America,2023,female,95,0.30393159,0.26383733902446294,0.7361626609755371,6614.3576615181455,1745.1145247710167,"United Nations, World Population Prospects 2024"
Brazil,76,America,Latin America,2023,female,96,0.33348371,0.28582475941089813,0.7141752405891019,4869.243136747128,1391.750248073915,"United Nations, World Population Prospects 2024"
Brazil,76,America,Latin America,2023,female,97,0.36515222,0.30877692937666396,0.691223070623336,3477.4928886732137,1073.7695760937,"United Nations, World Population Prospects 2024"
Brazil,76,America,Latin America,2023,female,98,0.399961,0.33330624955988863,0.6666937504401114,2403.7233125795137,801.1760022955496,"United Nations, World Population Prospects 2024"
Brazil,76,America,Latin America,2023,female,99,0.4385745,0.3596974379909246,0.6403025620090754,1602.5473102839637,576.432161768389,"United Nations, World Population Prospects 2024"
Brazil,76,America,Latin America,2023,female,100,0.52280763,1,0,1026.115148515575,1026.115148515575,"United Nations, World Population Prospects 2024"
Brazil,76,America,Latin America,2023,male,0,0.01363521,0.013542879993640955,0.986457120006359,100000,1354.2879993640954,"United Nations, World Population Prospects 2024"
Brazil,76,America,Latin America,2023,male,1,6.5851e-4,6.582932536547679e-4,0.9993417067463453,98645.7120006359,64.9378067119898,"United Nations, World Population Prospects 2024"
Brazil,76,America,Latin America,2023,male,2,4.949e-4,4.947775672909739e-4,0.999505222432709,98580.77419392392,48.7755556373305,"United Nations, World Population Prospects 2024"
Brazil,76,America,Latin America,2023,male,3,3.7509e-4,3.750196669365644e-4,0.9996249803330635,98531.99863828658,36.951437311924245,"United Nations, World Population Prospects 2024"
Brazil,76,America,Latin America,2023,male,4,2.8824e-4,2.881984648372476e-4,0.9997118015351627,98495.04720097466,28.38612139739314,"United Nations, World Population Prospects 2024"
Brazil,76,America,Latin America,2023,male,5,2.2429e-4,2.2426484981841714e-4,0.9997757351501816,98466.66107957726,22.082610959132374,"United Nations, World Population Prospects 2024"
Brazil,76,America,Latin America,2023,male,6,1.793e-4,1.7928392719592686e-4,0.9998207160728041,98444.57846861813,17.64953063900144,"United Nations, World Population Prospects 2024"
Brazil,76,America,Latin America,2023,male,7,1.5085e-4,1.508386229968605e-4,0.9998491613770032,98426.92893797913,14.846582426814612,"United Nations, World Population Prospects 2024"
Brazil,76,America,Latin America,2023,male,8,1.3617e-4,1.361607294967322e-4,0.9998638392705033,98412.08235555232,13.399860924824491,"United Nations, World Population Prospects 2024"
Brazil,76,America,Latin America,2023,male,9,1.3267e-4,1.3266119991930334e-4,0.9998673388000807,98398.6824946275,13.053687290215834,"United Nations, World Population Prospects 2024"
Brazil,76,America,Latin America,2023,male,10,1.3822e-4,1.3821044827591963e-4,0.9998617895517241,98385.62880733727,13.597921861370317,"United Nations, World Population Prospects 2024"
Brazil,76,America,Latin America,2023,male,11,1.5974e-4,1.5972724258513473e-4,0.9998402727574148,98372.03088547592,15.712693240836778,"United Nations, World Population Prospects 2024"
Brazil,76,America,Latin America,2023,male,12,2.0618e-4,2.06158747094762e-4,0.9997938412529053,98356.31819223506,20.277015327364925,"United Nations, World Population Prospects 2024"
Brazil,76,America,Latin America,2023,male,13,2.947e-4,2.946565823525904e-4,0.9997053434176474,98336.0411769077,28.975361815271224,"United Nations, World Population Prospects 2024"
Brazil,76,America,Latin America,2023,male,14,4.5287e-4,4.527674775962105e-4,0.9995472325224037,98307.06581509244,44.51024221898406,"United Nations, World Population Prospects 2024"
Brazil,76,America,Latin America,2023,male,15,7.2057e-4,7.203104829376549e-4,0.9992796895170624,98262.55557287345,70.77954885938462,"United Nations, World Population Prospects 2024"
Brazil,76,America,Latin America,2023,male,16,0.0011224,0.0011217704624164918,0.9988782295375835,98191.77602401406,110.14863399595485,"United Nations, World Population Prospects 2024"
Brazil,76,America,Latin America,2023,male,17,0.00162015,0.0016188386193054663,0.9983811613806945,98081.62739001811,158.77832626329013,"United Nations, World Population Prospects 2024"
Brazil,76,America,Latin America,2023,male,18,0.00210604,0.0021038246305874987,0.9978961753694126,97922.84906375482,206.0125017576294,"United Nations, World Population Prospects 2024"
Brazil,76,America,Latin America,2023,male,19,0.00242791,0.002424966200156489,0.9975750337998435,97716.8365619972,236.960025849059,"United Nations, World Population Prospects 2024"
Brazil,76,America,Latin America,2023,male,20,0.00253786,0.0025346437145512945,0.9974653562854487,97479.87653614813,247.0767563575841,"United Nations, World Population Prospects 2024"
Brazil,76,America,Latin America,2023,male,21,0.00249255,0.0024894474638619754,0.9975105525361381,97232.79977979056,242.05594681599885,"United Nations, World Population Prospects 2024"
Brazil,76,America,Latin America,2023,male,22,0.00238102,0.0023781887425201424,0.9976218112574798,96990.74383297456,230.66229511223503,"United Nations, World Population Prospects 2024"
Brazil,76,America,Latin America,2023,male,23,0.0022842,0.002281594191274146,0.9977184058087258,96760.08153786234,220.76723998399945,"United Nations, World Population Prospects 2024"
Brazil,76,America,Latin America,2023,male,24,0.002229,0.002226518545081507,0.9977734814549185,96539.31429787831,214.94657361367837,"United Nations, World Population Prospects 2024"
Brazil,76,America,Latin America,2023,male,25,0.00221737,0.002214914357675361,0.9977850856423246,96324.36772426465,213.3502250664749,"United Nations, World Population Prospects 2024"
Brazil,76,America,Latin America,2023,male,26,0.00223451,0.002232016268663754,0.9977679837313362,96111.01749919818,214.52135465603706,"United Nations, World Population Prospects 2024"
Brazil,76,America,Latin America,2023,male,27,0.00225867,0.002256122082368109,0.9977438779176319,95896.49614454214,216.35420257342975,"United Nations, World Population Prospects 2024"
Brazil,76,America,Latin America,2023,male,28,0.00227748,0.0022748894923394934,0.9977251105076606,95680.1419419687,217.66174952933585,"United Nations, World Population Prospects 2024"
Brazil,76,America,Latin America,2023,male,29,0.00228564,0.002283030906619297,0.9977169690933807,95462.48019243937,217.94379270187156,"United Nations, World Population Prospects 2024"
Brazil,76,America,Latin America,2023,male,30,0.00228809,0.002285475313395087,0.9977145246866049,95244.5363997375,217.67903667735985,"United Nations, World Population Prospects 2024"
Brazil,76,America,Latin America,2023,male,31,0.00229562,0.0022929880853457592,0.9977070119146543,95026.85736306013,217.89545172134783,"United Nations, World Population Prospects 2024"
Brazil,76,America,Latin America,2023,male,32,0.00231759,0.0023149074967672833,0.9976850925032327,94808.96191133879,219.47397668928198,"United Nations, World Population Prospects 2024"
Brazil,76,America,Latin America,2023,male,33,0.00236254,0.0023597524951700305,0.9976402475048299,94589.48793464951,223.2077801706447,"United Nations, World Population Prospects 2024"
Brazil,76,America,Latin America,2023,male,34,0.00243315,0.002430193487358117,0.9975698065126419,94366.28015447885,229.32831945762604,"United Nations, World Population Prospects 2024"
Brazil,76,America,Latin America,2023,male,35,0.00252766,0.002524469499712179,0.9974755305002878,94136.95183502125,237.64586370338557,"United Nations, World Population Prospects 2024"
Brazil,76,America,Latin America,2023,male,36,0.00264239,0.002638903493898379,0.9973610965061016,93899.30597131785,247.7912066023436,"United Nations, World Population Prospects 2024"
Brazil,76,America,Latin America,2023,male,37,0.00277159,0.002767754459708508,0.9972322455402914,93651.51476471551,259.20439764849857,"United Nations, World Population Prospects 2024"
Brazil,76,America,Latin America,2023,male,38,0.00291124,0.0029070085002868124,0.9970929914997132,93392.310367067,271.49224009848797,"United Nations, World Population Prospects 2024"
Brazil,76,America,Latin America,2023,male,39,0.00305914,0.003054467977415784,0.9969455320225842,93120.81812696852,284.43455699958463,"United Nations, World Population Prospects 2024"
Brazil,76,America,Latin America,2023,male,40,0.00321413,0.0032089729718509925,0.996791027028149,92836.38356996892,297.9094456804218,"United Nations, World Population Prospects 2024"
Brazil,76,America,Latin America,2023,male,41,0.0033771,0.0033714072103549556,0.996628592789645,92538.4741242885,311.98487889787174,"United Nations, World Population Prospects 2024"
Brazil,76,America,Latin America,2023,male,42,0.00355057,0.0035442778966143095,0.9964557221033857,92226.48924539064,326.8763073147754,"United Nations, World Population Prospects 2024"
Brazil,76,America,Latin America,2023,male,43,0.00373981,0.0037328299625888055,0.9962671700374112,91899.61293807586,343.04562872556346,"United Nations, World Population Prospects 2024"
Brazil,76,America,Latin America,2023,male,44,0.00395132,0.003943528927638822,0.9960564710723612,91556.5673093503,361.0559716997338,"United Nations, World Population Prospects 2024"
Brazil,76,America,Latin America,2023,male,45,0.00419333,0.004184556387082677,0.9958154436129173,91195.51133765056,381.6127594412364,"United Nations, World Population Prospects 2024"
Brazil,76,America,Latin America,2023,male,46,0.00447447,0.004464481904825658,0.9955355180951744,90813.89857820932,405.4370069090881,"United Nations, World Population Prospects 2024"
Brazil,76,America,Latin America,2023,male,47,0.00480284,0.004791333994718403,0.9952086660052816,90408.46157130024,433.17713533676323,"United Nations, World Population Prospects 2024"
Brazil,76,America,Latin America,2023,male,48,0.00518318,0.005169782044551162,0.9948302179554488,89975.28443596348,465.15260993042756,"United Nations, World Population Prospects 2024"
Brazil,76,America,Latin America,2023,male,49,0.00561444,0.005598723152392142,0.9944012768476078,89510.13182603303,501.14244742808387,"United Nations, World Population Prospects 2024"
Brazil,76,America,Latin America,2023,male,50,0.00609121,0.006072714909109242,0.9939272850908908,89008.98937860495,540.5262168442005,"United Nations, World Population Prospects 2024"
Brazil,76,America,Latin America,2023,male,51,0.00659836,0.006576662406920337,0.9934233375930797,88468.46316176075,581.8272158739686,"United Nations, World Population Prospects 2024"
Brazil,76,America,Latin America,2023,male,52,0.00711941,0.0070941568942328144,0.9929058431057672,87886.63594588678,623.4815843064422,"United Nations, World Population Prospects 2024"
Brazil,76,America,Latin America,2023,male,53,0.00765182,0.007622656402642566,0.9923773435973574,87263.15436158035,665.177042309087,"United Nations, World Population Prospects 2024"
Brazil,76,America,Latin America,2023,male,54,0.00819293,0.008159504873866874,0.9918404951261331,86597.97731927126,706.5966180036069,"United Nations, World Population Prospects 2024"
Brazil,76,America,Latin America,2023,male,55,0.00875069,0.008712569502589692,0.9912874304974103,85891.38070126766,748.3346240331854,"United Nations, World Population Prospects 2024"
Brazil,76,America,Latin America,2023,male,56,0.00934127,0.00929784316827375,0.9907021568317262,85143.04607723447,791.6466892952316,"United Nations, World Population Prospects 2024"
Brazil,76,America,Latin America,2023,male,57,0.00998673,0.009937110380823259,0.9900628896191768,84351.39938793924,838.2091664948597,"United Nations, World Population Prospects 2024"
Brazil,76,America,Latin America,2023,male,58,0.01072035,0.010663193417224825,0.9893368065827752,83513.19022144438,890.5173002207504,"United Nations, World Population Prospects 2024"
Brazil,76,America,Latin America,2023,male,59,0.01156977,0.011503225165289694,0.9884967748347103,82622.67292122362,950.4272103709189,"United Nations, World Population Prospects 2024"
Brazil,76,America,Latin America,2023,male,60,0.01254965,0.012471394183989449,0.9875286058160105,81672.24571085272,1018.5667701516858,"United Nations, World Population Prospects 2024"
Brazil,76,America,Latin America,2023,male,61,0.01365372,0.013561139995808215,0.9864388600041918,80653.67894070102,1093.7558312918154,"United Nations, World Population Prospects 2024"
Brazil,76,America,Latin America,2023,male,62,0.01486444,0.014754779234676451,0.9852452207653235,79559.92310940921,1173.8891014071662,"United Nations, World Population Prospects 2024"
Brazil,76,America,Latin America,2023,male,63,0.01617644,0.01604665115519354,0.9839533488448065,78386.03400800205,1257.8333431655462,"United Nations, World Population Prospects 2024"
Brazil,76,America,Latin America,2023,male,64,0.01756309,0.017410201531789522,0.9825897984682105,77128.2006648365,1342.8175173591062,"United Nations, World Population Prospects 2024"
Brazil,76,America,Latin America,2023,male,65,0.01898114,0.01880269173787329,0.9811973082621267,75785.38314747739,1424.9691975586347,"United Nations, World Population Prospects 2024"
Brazil,76,America,Latin America,2023,male,66,0.02039355,0.020187700559626116,0.9798122994403738,74360.41394991876,1501.1657703108046,"United Nations, World Population Prospects 2024"
Brazil,76,America,Latin America,2023,male,67,0.02179425,0.02155931544468484,0.9784406845553152,72859.24817960795,1570.7955145667474,"United Nations, World Population Prospects 2024"
Brazil,76,America,Latin America,2023,male,68,0.02321556,0.022949171071025173,0.9770508289289749,71288.4526650412,1636.010895598711,"United Nations, World Population Prospects 2024"
Brazil,76,America,Latin America,2023,male,69,0.0247624,0.02445956127988153,0.9755404387201184,69652.44176944249,1703.6681677530585,"United Nations, World Population Prospects 2024"
Brazil,76,America,Latin America,2023,male,70,0.02657372,0.02622526852859811,0.9737747314714019,67948.77360168943,1781.9748338932238,"United Nations, World Population Prospects 2024"
Brazil,76,America,Latin America,2023,male,71,0.02882034,0.028410933616724286,0.9715890663832757,66166.79876779621,1879.8605274230124,"United Nations, World Population Prospects 2024"
Brazil,76,America,Latin America,2023,male,72,0.03170801,0.031213156461395258,0.9687868435386048,64286.938240373194,2006.5982617208224,"United Nations, World Population Prospects 2024"
Brazil,76,America,Latin America,2023,male,73,0.0353875,0.03477224852761452,0.9652277514723855,62280.33997865238,2165.627460122027,"United Nations, World Population Prospects 2024"
Brazil,76,America,Latin America,2023,male,74,0.03996837,0.0391852840345755,0.9608147159654244,60114.71251853035,2355.6120846954636,"United Nations, World Population Prospects 2024"
Brazil,76,America,Latin America,2023,male,75,0.04454631,0.04357574077155533,0.9564242592284447,57759.10043383489,2516.895587703018,"United Nations, World Population Prospects 2024"
Brazil,76,America,Latin America,2023,male,76,0.04964932,0.04844664842471687,0.9515533515752831,55242.20484613187,2676.299676386741,"United Nations, World Population Prospects 2024"
Brazil,76,America,Latin America,2023,male,77,0.05533108,0.053841525132778116,0.9461584748672219,52565.90516974512,2830.228504324063,"United Nations, World Population Prospects 2024"
Brazil,76,America,Latin America,2023,male,78,0.06164197,0.05979890873098591,0.9402010912690141,49735.676665421066,2974.13918958934,"United Nations, World Population Prospects 2024"
Brazil,76,America,Latin America,2023,male,79,0.06866312,0.06638405193785249,0.9336159480621475,46761.53747583172,3104.2203324894485,"United Nations, World Population Prospects 2024"
Brazil,76,America,Latin America,2023,male,80,0.07650635,0.07368756661880664,0.9263124333811934,43657.317143342276,3217.001465398403,"United Nations, World Population Prospects 2024"
Brazil,76,America,Latin America,2023,male,81,0.08529346,0.08180475471303689,0.9181952452869631,40440.31567794387,3308.2101045519785,"United Nations, World Population Prospects 2024"
Brazil,76,America,Latin America,2023,male,82,0.09515738,0.09083554381962466,0.9091644561803753,37132.10557339189,3372.9150029267685,"United Nations, World Population Prospects 2024"
Brazil,76,America,Latin America,2023,male,83,0.10659814,0.10120405783705856,0.8987959421629415,33759.19057046512,3416.567075025634,"United Nations, World Population Prospects 2024"
Brazil,76,America,Latin America,2023,male,84,0.11999658,0.1132045033770762,0.8867954966229238,30342.623495439493,3434.921623958832,"United Nations, World Population Prospects 2024"
Brazil,76,America,Latin America,2023,male,85,0.13532784,0.12675134699690893,0.8732486530030911,26907.70187148066,3410.587456801421,"United Nations, World Population Prospects 2024"
Brazil,76,America,Latin America,2023,male,86,0.15258443,0.14176859023364763,0.8582314097663524,23497.11441467924,3331.152785127796,"United Nations, World Population Prospects 2024"
Brazil,76,America,Latin America,2023,male,87,0.16851812,0.15542237664124292,0.8445776233587571,20165.96162955144,3134.2416837209967,"United Nations, World Population Prospects 2024"
Brazil,76,America,Latin America,2023,male,88,0.18576557,0.1699775790685549,0.8300224209314451,17031.719945830446,2895.010523765878,"United Nations, World Population Prospects 2024"
Brazil,76,America,Latin America,2023,male,89,0.20457556,0.1855917880174631,0.8144082119825369,14136.709422064567,2623.6571783242803,"United Nations, World Population Prospects 2024"
Brazil,76,America,Latin America,2023,male,90,0.2248382,0.20211645053559402,0.797883549464406,11513.052243740285,2326.977254335643,"United Nations, World Population Prospects 2024"
Brazil,76,America,Latin America,2023,male,91,0.24645239,0.2194147457538595,0.7805852542461404,9186.074989404642,2015.5603082761072,"United Nations, World Population Prospects 2024"
Brazil,76,America,Latin America,2023,male,92,0.26933833,0.23737168357791763,0.7626283164220824,7170.514681128534,1702.0771419796554,"United Nations, World Population Prospects 2024"
Brazil,76,America,Latin America,2023,male,93,0.29372485,0.25611166919170797,0.743888330808292,5468.437539148879,1400.5306660220153,"United Nations, World Population Prospects 2024"
Brazil,76,America,Latin America,2023,male,94,0.32006227,0.275908344477323,0.7240916555226771,4067.9068731268635,1122.3694508523565,"United Nations, World Population Prospects 2024"
Brazil,76,America,Latin America,2023,male,95,0.35199136,0.2993134804712888,0.7006865195287112,2945.5374222745077,881.6390577194112,"United Nations, World Population Prospects 2024"
Brazil,76,America,Latin America,2023,male,96,0.38502933,0.32287177784937343,0.6771282221506265,2063.898364555096,666.3745342643182,"United Nations, World Population Prospects 2024"
Brazil,76,America,Latin America,2023,male,97,0.42102208,0.3478052376953125,0.6521947623046875,1397.523830290778,486.06610797914766,"United Nations, World Population Prospects 2024"
Brazil,76,America,Latin America,2023,male,98,0.46266632,0.37574422181564576,0.6242557781843543,911.4577223116304,342.4749725878445,"United Nations, World Population Prospects 2024"
Brazil,76,America,Latin America,2023,male,99,0.51168117,0.40744118012398844,0.5925588198760116,568.9827497237859,231.8270030176513,"United Nations, World Population Prospects 2024"
Brazil,76,America,Latin America,2023,male,100,0.60314719,1,0,337.15574670613466,337.15574670613466,"United Nations, World Population Prospects 2024"
Canada,124,America,Northern America,2023,both,0,0.00427945,0.004270312705146979,0.995729687294853,100000,427.0312705146979,"United Nations, World Population Prospects 2024"
Canada,124,America,Northern America,2023,both,1,2.388e-4,2.3877149068401234e-4,0.999761228509316,99572.9687294853,23.775186175371754,"United Nations, World Population Prospects 2024"
Canada,124,America,Northern America,2023,both,2,1.5174e-4,1.5172848835958816e-4,0.9998482715116405,99549.19354330993,15.10444865374249,"United Nations, World Population Prospects 2024"
Canada,124,America,Northern America,2023,both,3,9.829e-5,9.828516977533139e-5,0.9999017148302247,99534.0890946562,9.782724845101246,"United Nations, World Population Prospects 2024"
Canada,124,America,Northern America,2023,both,4,1.2234e-4,1.2233251691994002e-4,0.99987766748308,99524.3063698111,12.17505889293021,"United Nations, World Population Prospects 2024"
Canada,124,America,Northern America,2023,both,5,8.345e-5,8.344651819402835e-5,0.999916553481806,99512.13131091818,8.303940875963072,"United Nations, World Population Prospects 2024"
Canada,124,America,Northern America,2023,both,6,5.103e-5,5.102869800277046e-5,0.9999489713019972,99503.82737004221,5.07755075698569,"United Nations, World Population Prospects 2024"
Canada,124,America,Northern America,2023,both,7,8.12e-5,8.11967034138414e-5,0.9999188032965861,99498.74981928522,8.078970479124507,"United Nations, World Population Prospects 2024"
Canada,124,America,Northern America,2023,both,8,5.048e-5,5.047872591695785e-5,0.9999495212740831,99490.67084880608,5.02216230507115,"United Nations, World Population Prospects 2024"
Canada,124,America,Northern America,2023,both,9,9.213e-5,9.21257562270394e-5,0.9999078742437729,99485.64868650102,9.165190618981475,"United Nations, World Population Prospects 2024"
Canada,124,America,Northern America,2023,both,10,5.906e-5,5.9058256009700035e-5,0.9999409417439903,99476.48349588204,5.874907629244502,"United Nations, World Population Prospects 2024"
Canada,124,America,Northern America,2023,both,11,9.02e-5,9.019593216345943e-5,0.9999098040678366,99470.6085882528,8.971844264484075,"United Nations, World Population Prospects 2024"
Canada,124,America,Northern America,2023,both,12,7.27e-5,7.269735745105665e-5,0.9999273026425489,99461.63674398832,7.230598159044869,"United Nations, World Population Prospects 2024"
Canada,124,America,Northern America,2023,both,13,9.445e-5,9.44455398093825e-5,0.9999055544601906,99454.40614582927,9.393025074864415,"United Nations, World Population Prospects 2024"
Canada,124,America,Northern America,2023,both,14,1.3553e-4,1.3552081643187448e-4,0.9998644791835681,99445.0131207544,13.476869368203106,"United Nations, World Population Prospects 2024"
Canada,124,America,Northern America,2023,both,15,2.3056e-4,2.3053342410686895e-4,0.9997694665758932,99431.5362513862,22.92229251623833,"United Nations, World Population Prospects 2024"
Canada,124,America,Northern America,2023,both,16,2.0975e-4,2.097280047754992e-4,0.9997902719952245,99408.61395886996,20.848770263091637,"United Nations, World Population Prospects 2024"
Canada,124,America,Northern America,2023,both,17,3.4451e-4,3.4445066665041613e-4,0.9996555493333495,99387.76518860686,34.234181976110655,"United Nations, World Population Prospects 2024"
Canada,124,America,Northern America,2023,both,18,3.6515e-4,3.650833449083034e-4,0.9996349166550917,99353.53100663076,36.272319428351594,"United Nations, World Population Prospects 2024"
Canada,124,America,Northern America,2023,both,19,4.1752e-4,4.174328567168318e-4,0.9995825671432832,99317.25868720241,41.45828701508348,"United Nations, World Population Prospects 2024"
Canada,124,America,Northern America,2023,both,20,4.1133e-4,4.1124542121044675e-4,0.9995887545787896,99275.80040018733,40.82671835157928,"United Nations, World Population Prospects 2024"
Canada,124,America,Northern America,2023,both,21,4.5181e-4,4.517079569139934e-4,0.999548292043086,99234.97368183576,44.82522721623594,"United Nations, World Population Prospects 2024"
Canada,124,America,Northern America,2023,both,22,4.9322e-4,4.930983970043148e-4,0.9995069016029957,99190.14845461951,48.910503201592896,"United Nations, World Population Prospects 2024"
Canada,124,America,Northern America,2023,both,23,5.5343e-4,5.532768999826213e-4,0.9994467231000174,99141.23795141792,54.85255679419991,"United Nations, World Population Prospects 2024"
Canada,124,America,Northern America,2023,both,24,6.4476e-4,6.445522092587791e-4,0.9993554477907413,99086.38539462374,63.86634861357155,"United Nations, World Population Prospects 2024"
Canada,124,America,Northern America,2023,both,25,6.1123e-4,6.110432560153129e-4,0.9993889567439846,99022.51904601016,60.507042456712384,"United Nations, World Population Prospects 2024"
Canada,124,America,Northern America,2023,both,26,6.2461e-4,6.244149920758997e-4,0.9993755850079241,98962.01200355345,61.79336394101392,"United Nations, World Population Prospects 2024"
Canada,124,America,Northern America,2023,both,27,6.9069e-4,6.904515560073906e-4,0.9993095484439926,98900.21863961243,68.28580984919154,"United Nations, World Population Prospects 2024"
Canada,124,America,Northern America,2023,both,28,6.4258e-4,6.423736117822705e-4,0.9993576263882177,98831.93282976323,63.487025651277754,"United Nations, World Population Prospects 2024"
Canada,124,America,Northern America,2023,both,29,6.9745e-4,6.972068665354673e-4,0.9993027931334645,98768.44580411195,68.86203861166302,"United Nations, World Population Prospects 2024"
Canada,124,America,Northern America,2023,both,30,0.00073307000000000005,7.328014026378842e-4,0.9992671985973621,98699.58376550028,72.32719342313395,"United Nations, World Population Prospects 2024"
Canada,124,America,Northern America,2023,both,31,7.4994e-4,7.496589004021163e-4,0.9992503410995979,98627.25657207715,73.93680071150075,"United Nations, World Population Prospects 2024"
Canada,124,America,Northern America,2023,both,32,7.6902e-4,7.687244177741218e-4,0.9992312755822259,98553.31977136566,75.7603433609499,"United Nations, World Population Prospects 2024"
Canada,124,America,Northern America,2023,both,33,8.1753e-4,8.171959588938628e-4,0.9991828040411062,98477.55942800471,80.47546360629566,"United Nations, World Population Prospects 2024"
Canada,124,America,Northern America,2023,both,34,8.5225e-4,8.518869896565327e-4,0.9991481130103435,98397.083964398407,83.82319564941244,"United Nations, World Population Prospects 2024"
Canada,124,America,Northern America,2023,both,35,9.1324e-4,9.128231866764997e-4,0.9990871768133235,98313.260768749,89.74262398748715,"United Nations, World Population Prospects 2024"
Canada,124,America,Northern America,2023,both,36,9.8391e-4,9.83426198564485e-4,0.9990165738014355,98223.51814476152,96.59558105873255,"United Nations, World Population Prospects 2024"
Canada,124,America,Northern America,2023,both,37,9.2197e-4,9.215451814945088e-4,0.9990784548185055,98126.92256370277,90.42839266346509,"United Nations, World Population Prospects 2024"
Canada,124,America,Northern America,2023,both,38,9.8858e-4,9.880915962049118e-4,0.9990119084037951,98036.49417103932,96.86903601179577,"United Nations, World Population Prospects 2024"
Canada,124,America,Northern America,2023,both,39,0.00106542,0.0010648527422956516,0.9989351472577044,97939.62513502751,104.29127840444218,"United Nations, World Population Prospects 2024"
Canada,124,America,Northern America,2023,both,40,0.00115849,0.0011578193389370176,0.998842180661063,97835.33385662308,113.27564157055775,"United Nations, World Population Prospects 2024"
Canada,124,America,Northern America,2023,both,41,0.00114956,0.001148899635467526,0.9988511003645325,97722.05821505252,112.27283706041018,"United Nations, World Population Prospects 2024"
Canada,124,America,Northern America,2023,both,42,0.00128232,0.0012814983545150192,0.998718501645485,97609.78537799211,125.08677934646107,"United Nations, World Population Prospects 2024"
Canada,124,America,Northern America,2023,both,43,0.00128049,0.0012796706972344491,0.9987203293027656,97484.69859864566,124.74831222541901,"United Nations, World Population Prospects 2024"
Canada,124,America,Northern America,2023,both,44,0.00135232,0.0013514062331613855,0.9986485937668386,97359.95028642024,131.57284367735093,"United Nations, World Population Prospects 2024"
Canada,124,America,Northern America,2023,both,45,0.00143115,0.0014301266371316344,0.9985698733628684,97228.37744274289,139.04889246595513,"United Nations, World Population Prospects 2024"
Canada,124,America,Northern America,2023,both,46,0.00166899,0.0016675983974752987,0.9983324016025247,97089.32855027693,161.9060087023946,"United Nations, World Population Prospects 2024"
Canada,124,America,Northern America,2023,both,47,0.0017599,0.0017583527375086292,0.9982416472624913,96927.42254157453,170.4325987656332,"United Nations, World Population Prospects 2024"
Canada,124,America,Northern America,2023,both,48,0.0020037,0.0020016946022627232,0.9979983053977373,96756.9899428089,193.67794449970916,"United Nations, World Population Prospects 2024"
Canada,124,America,Northern America,2023,both,49,0.00215927,0.0021569412906896263,0.9978430587093103,96563.31199830919,208.2813948148981,"United Nations, World Population Prospects 2024"
Canada,124,America,Northern America,2023,both,50,0.0022817,0.0022790998888917577,0.9977209001111083,96355.03060349429,219.60273954258574,"United Nations, World Population Prospects 2024"
Canada,124,America,Northern America,2023,both,51,0.00270213,0.0026984841724815066,0.9973015158275185,96135.4278639517,259.41993050561126,"United Nations, World Population Prospects 2024"
Canada,124,America,Northern America,2023,both,52,0.00276024,0.0027564357878404853,0.9972435642121595,95876.00793344609,264.27605946302907,"United Nations, World Population Prospects 2024"
Canada,124,America,Northern America,2023,both,53,0.00307493,0.003070209660104927,0.996929790339895,95611.73187398307,293.54806281886493,"United Nations, World Population Prospects 2024"
Canada,124,America,Northern America,2023,both,54,0.00339773,0.0033919675051244064,0.9966080324948756,95318.1838111642,323.3161821349442,"United Nations, World Population Prospects 2024"
Canada,124,America,Northern America,2023,both,55,0.00375186,0.0037448349517689283,0.9962551650482311,94994.86762902925,355.74010053585147,"United Nations, World Population Prospects 2024"
Canada,124,America,Northern America,2023,both,56,0.00409517,0.004086801925679009,0.995913198074321,94639.1275284934,386.77136862802814,"United Nations, World Population Prospects 2024"
Canada,124,America,Northern America,2023,both,57,0.00464784,0.0046370638346134654,0.9953629361653865,94252.35615986538,437.05419207601943,"United Nations, World Population Prospects 2024"
Canada,124,America,Northern America,2023,both,58,0.00503968,0.005027012732236801,0.9949729872677632,93815.30196778935,471.61071747071725,"United Nations, World Population Prospects 2024"
Canada,124,America,Northern America,2023,both,59,0.00566686,0.0056508487157234085,0.9943491512842766,93343.69125031863,527.4710778227454,"United Nations, World Population Prospects 2024"
Canada,124,America,Northern America,2023,both,60,0.00611258,0.006093955105949239,0.9939060448940508,92816.22017249587,565.61787883509,"United Nations, World Population Prospects 2024"
Canada,124,America,Northern America,2023,both,61,0.00653217,0.006510904831393758,0.9934890951686063,92250.6022936608,600.6348921727803,"United Nations, World Population Prospects 2024"
Canada,124,America,Northern America,2023,both,62,0.00728886,0.007262392718106352,0.9927376072818936,91649.96740148801,665.5980558712511,"United Nations, World Population Prospects 2024"
Canada,124,America,Northern America,2023,both,63,0.0076456,0.007616483706088365,0.9923835162939116,90984.36934561677,692.9809666296159,"United Nations, World Population Prospects 2024"
Canada,124,America,Northern America,2023,both,64,0.00800181,0.007969923094840238,0.9920300769051598,90291.38837898715,719.6154215068792,"United Nations, World Population Prospects 2024"
Canada,124,America,Northern America,2023,both,65,0.00889821,0.008858796285153741,0.9911412037148463,89571.77295748027,793.4980895303605,"United Nations, World Population Prospects 2024"
Canada,124,America,Northern America,2023,both,66,0.00939238,0.00934847777217111,0.9906515222278289,88778.27486794992,829.9417292547269,"United Nations, World Population Prospects 2024"
Canada,124,America,Northern America,2023,both,67,0.009965,0.009915595545196061,0.990084404454804,87948.33313869519,872.0601002774652,"United Nations, World Population Prospects 2024"
Canada,124,America,Northern America,2023,both,68,0.01071872,0.010661580750588526,0.9893384192494115,87076.27303841773,928.3707164593851,"United Nations, World Population Prospects 2024"
Canada,124,America,Northern America,2023,both,69,0.01229209,0.012217003745216731,0.9877829962547833,86147.90232195833,1052.46924530993,"United Nations, World Population Prospects 2024"
Canada,124,America,Northern America,2023,both,70,0.0133292,0.013240954335734067,0.986759045664266,85095.4330766484,1126.7447435474157,"United Nations, World Population Prospects 2024"
Canada,124,America,Northern America,2023,both,71,0.01485198,0.014742502325158398,0.9852574976748416,83968.68833310099,1237.9085829912422,"United Nations, World Population Prospects 2024"
Canada,124,America,Northern America,2023,both,72,0.01656935,0.016433206227199675,0.9835667937728003,82730.77975010975,1359.5319649705882,"United Nations, World Population Prospects 2024"
Canada,124,America,Northern America,2023,both,73,0.01770133,0.017546035914046805,0.9824539640859532,81371.24778513917,1427.7428360088534,"United Nations, World Population Prospects 2024"
Canada,124,America,Northern America,2023,both,74,0.01949822,0.01930996502685702,0.980690034973143,79943.50494913032,1543.7062846920776,"United Nations, World Population Prospects 2024"
Canada,124,America,Northern America,2023,both,75,0.02114342,0.020922236186484974,0.9790777638135151,78399.79866443823,1640.299104630246,"United Nations, World Population Prospects 2024"
Canada,124,America,Northern America,2023,both,76,0.02370698,0.023429261483300313,0.9765707385166997,76759.499559808,1798.418386514017,"United Nations, World Population Prospects 2024"
Canada,124,America,Northern America,2023,both,77,0.02630002,0.025958663317784503,0.9740413366822155,74961.08117329399,1945.8894681146533,"United Nations, World Population Prospects 2024"
Canada,124,America,Northern America,2023,both,78,0.02922017,0.028799408198273528,0.9712005918017265,73015.19170517933,2102.7943105926547,"United Nations, World Population Prospects 2024"
Canada,124,America,Northern America,2023,both,79,0.0334554,0.03290497544229395,0.967095024557706,70912.39739458667,2333.370694823064,"United Nations, World Population Prospects 2024"
Canada,124,America,Northern America,2023,both,80,0.0370837,0.03640861688697425,0.9635913831130257,68579.0266997636,2496.8675095932713,"United Nations, World Population Prospects 2024"
Canada,124,America,Northern America,2023,both,81,0.04107125,0.040244797921679606,0.9597552020783204,66082.15919017034,2659.463142836668,"United Nations, World Population Prospects 2024"
Canada,124,America,Northern America,2023,both,82,0.04708642,0.046003353390425016,0.953996646609575,63422.69604733367,2917.6566992390026,"United Nations, World Population Prospects 2024"
Canada,124,America,Northern America,2023,both,83,0.05256572,0.05121952441064835,0.9487804755893516,60505.03934809466,3099.0393398569736,"United Nations, World Population Prospects 2024"
Canada,124,America,Northern America,2023,both,84,0.05913149,0.05743342791576657,0.9425665720842334,57406.00000823769,3297.0233634056144,"United Nations, World Population Prospects 2024"
Canada,124,America,Northern America,2023,both,85,0.06666371,0.06451336003766187,0.9354866399623382,54108.97664483207,3490.7518915574888,"United Nations, World Population Prospects 2024"
Canada,124,America,Northern America,2023,both,86,0.07623047,0.07343160704119711,0.9265683929588029,50618.22475327459,3716.9775892054563,"United Nations, World Population Prospects 2024"
Canada,124,America,Northern America,2023,both,87,0.0852776,0.08179016549163526,0.9182098345083647,46901.24716406913,3836.060767313303,"United Nations, World Population Prospects 2024"
Canada,124,America,Northern America,2023,both,88,0.10071469,0.09588611959485083,0.9041138804051492,43065.18639675583,4129.353613213872,"United Nations, World Population Prospects 2024"
Canada,124,America,Northern America,2023,both,89,0.11038897,0.1046148094680385,0.8953851905319615,38935.832783541955,4073.2647281296486,"United Nations, World Population Prospects 2024"
Canada,124,America,Northern America,2023,both,90,0.1284268,0.12067767611270445,0.8793223238872956,34862.56805541231,4207.133696248164,"United Nations, World Population Prospects 2024"
Canada,124,America,Northern America,2023,both,91,0.14507625,0.13526442241855038,0.8647355775814496,30655.43435916415,4146.5896225821225,"United Nations, World Population Prospects 2024"
Canada,124,America,Northern America,2023,both,92,0.16342156,0.15107694498523902,0.848923055014761,26508.84473658202,4004.875277890845,"United Nations, World Population Prospects 2024"
Canada,124,America,Northern America,2023,both,93,0.18416826,0.16863926042034877,0.8313607395796512,22503.969458691176,3795.052766035796,"United Nations, World Population Prospects 2024"
Canada,124,America,Northern America,2023,both,94,0.20513634,0.18605320340419404,0.8139467965958059,18708.916692655377,3480.853882890732,"United Nations, World Population Prospects 2024"
Canada,124,America,Northern America,2023,both,95,0.22939742,0.20579320487416727,0.7942067951258327,15228.062809764644,3133.8318496465827,"United Nations, World Population Prospects 2024"
Canada,124,America,Northern America,2023,both,96,0.2555439,0.2265918211567507,0.7734081788432493,12094.230960118062,2740.453818743509,"United Nations, World Population Prospects 2024"
Canada,124,America,Northern America,2023,both,97,0.28356351,0.24835176140995527,0.7516482385900447,9353.777141374552,2323.027028896546,"United Nations, World Population Prospects 2024"
Canada,124,America,Northern America,2023,both,98,0.31355082,0.27105591741442703,0.728944082585573,7030.750112478006,1905.726421849312,"United Nations, World Population Prospects 2024"
Canada,124,America,Northern America,2023,both,99,0.34548122,0.2945930387794791,0.7054069612205209,5125.023690628694,1509.796302839128,"United Nations, World Population Prospects 2024"
Canada,124,America,Northern America,2023,both,100,0.43352889,1,0,3615.2273877895664,3615.2273877895664,"United Nations, World Population Prospects 2024"
Canada,124,America,Northern America,2023,female,0,0.00376692,0.0037598384945889815,0.9962401615054111,100000,375.98384945889813,"United Nations, World Population Prospects 2024"
Canada,124,America,Northern America,2023,female,1,2.3408e-4,2.3405260648293728e-4,0.9997659473935171,99624.01615054111,23.317260648332386,"United Nations, World Population Prospects 2024"
Canada,124,America,Northern America,2023,female,2,1.2835e-4,1.2834176366731664e-4,0.9998716582363327,99600.69888989278,12.782929358026186,"United Nations, World Population Prospects 2024"
Canada,124,America,Northern America,2023,female,3,8.006e-5,8.005679532648308e-5,0.9999199432046735,99587.91596053475,7.972689405043528,"United Nations, World Population Prospects 2024"
Canada,124,America,Northern America,2023,female,4,1.2649e-4,1.2648200064586915e-4,0.9998735179993541,99579.94327112971,12.595070449134642,"United Nations, World Population Prospects 2024"
Canada,124,America,Northern America,2023,female,5,9.575e-5,9.574541618819999e-5,0.9999042545838118,99567.34820068057,9.533117192229588,"United Nations, World Population Prospects 2024"
Canada,124,America,Northern America,2023,female,6,5.405e-5,5.404853933822438e-5,0.9999459514606618,99557.81508348834,5.380954484967588,"United Nations, World Population Prospects 2024"
Canada,124,America,Northern America,2023,female,7,8.844e-5,8.843608935612868e-5,0.9999115639106438,99552.43412900338,8.804027960252657,"United Nations, World Population Prospects 2024"
Canada,124,America,Northern America,2023,female,8,3.529e-5,3.528937731893721e-5,0.9999647106226811,99543.63010104312,3.5128327223324263,"United Nations, World Population Prospects 2024"
Canada,124,America,Northern America,2023,female,9,7.229e-5,7.228738717239066e-5,0.9999277126128276,99540.1172683208,7.195494996160275,"United Nations, World Population Prospects 2024"
Canada,124,America,Northern America,2023,female,10,4.446e-5,4.445901167617044e-5,0.9999555409883238,99532.92177332463,4.425135331283599,"United Nations, World Population Prospects 2024"
Canada,124,America,Northern America,2023,female,11,8.046e-5,8.045676322441549e-5,0.9999195432367756,99528.49663799336,8.007740688085065,"United Nations, World Population Prospects 2024"
Canada,124,America,Northern America,2023,female,12,7.231e-5,7.230738572646906e-5,0.9999276926142735,99520.48889730527,7.196066378384234,"United Nations, World Population Prospects 2024"
Canada,124,America,Northern America,2023,female,13,9.875e-5,9.874512445947982e-5,0.9999012548755405,99513.29283092688,9.826452485962536,"United Nations, World Population Prospects 2024"
Canada,124,America,Northern America,2023,female,14,1.1702e-4,1.1701315356038519e-4,0.9998829868464396,99503.4663784409,11.643214391131131,"United Nations, World Population Prospects 2024"
Canada,124,America,Northern America,2023,female,15,1.7445e-4,1.7443478492588487e-4,0.9998255652150742,99491.82316404978,17.354834775505193,"United Nations, World Population Prospects 2024"
Canada,124,America,Northern America,2023,female,16,1.7805e-4,1.7803415050975086e-4,0.9998219658494902,99474.46832927428,17.709852466411462,"United Nations, World Population Prospects 2024"
Canada,124,America,Northern America,2023,female,17,2.5619e-4,2.561571875450614e-4,0.999743842812455,99456.75847680787,25.47656353376755,"United Nations, World Population Prospects 2024"
Canada,124,America,Northern America,2023,female,18,2.4521e-4,2.451799397134914e-4,0.9997548200602865,99431.2819132741,24.378555705131713,"United Nations, World Population Prospects 2024"
Canada,124,America,Northern America,2023,female,19,2.4618e-4,2.4614970143325054e-4,0.9997538502985668,99406.90335756897,24.468979581869593,"United Nations, World Population Prospects 2024"
Canada,124,America,Northern America,2023,female,20,2.2262e-4,2.2259522292573613e-4,0.9997774047770742,99382.43437798711,22.122055135270383,"United Nations, World Population Prospects 2024"
Canada,124,America,Northern America,2023,female,21,3.0852e-4,3.084724150452551e-4,0.9996915275849547,99360.31232285182,30.649915501880926,"United Nations, World Population Prospects 2024"
Canada,124,America,Northern America,2023,female,22,2.9356e-4,2.9351691758683666e-4,0.9997064830824132,99329.66240734996,29.154936334746445,"United Nations, World Population Prospects 2024"
Canada,124,America,Northern America,2023,female,23,3.0575e-4,3.057032656132694e-4,0.9996942967343867,99300.5074710152,30.3564894109442,"United Nations, World Population Prospects 2024"
Canada,124,America,Northern America,2023,female,24,3.838e-4,3.8372636291095745e-4,0.999616273637089,99270.15098160425,38.09257398179261,"United Nations, World Population Prospects 2024"
Canada,124,America,Northern America,2023,female,25,3.6637e-4,3.6630289880348264e-4,0.9996336971011965,99232.05840762246,36.34899064894861,"United Nations, World Population Prospects 2024"
Canada,124,America,Northern America,2023,female,26,3.5696e-4,3.568963011481711e-4,0.9996431036988518,99195.7094169735,35.40258178068665,"United Nations, World Population Prospects 2024"
Canada,124,America,Northern America,2023,female,27,3.4183e-4,3.417715861093601e-4,0.9996582284138906,99160.30683519282,33.89017534615467,"United Nations, World Population Prospects 2024"
Canada,124,America,Northern America,2023,female,28,4.1902e-4,4.189322295085957e-4,0.9995810677704914,99126.41665984667,41.52725073450757,"United Nations, World Population Prospects 2024"
Canada,124,America,Northern America,2023,female,29,3.916e-4,3.9152333973008083e-4,0.99960847666027,99084.88940911215,38.794046818241306,"United Nations, World Population Prospects 2024"
Canada,124,America,Northern America,2023,female,30,4.8837e-4,4.8825077648414426e-4,0.9995117492235158,99046.09536229391,48.3593329683626,"United Nations, World Population Prospects 2024"
Canada,124,America,Northern America,2023,female,31,4.6532e-4,4.652117638310271e-4,0.9995347882361689,98997.73602932556,46.05491139348097,"United Nations, World Population Prospects 2024"
Canada,124,America,Northern America,2023,female,32,5.1093e-4,5.107995086035347e-4,0.9994892004913964,98951.68111793206,50.54447009053336,"United Nations, World Population Prospects 2024"
Canada,124,America,Northern America,2023,female,33,5.2233e-4,5.221936213028925e-4,0.9994778063786971,98901.13664784153,51.64554269710858,"United Nations, World Population Prospects 2024"
Canada,124,America,Northern America,2023,female,34,5.0068e-4,5.005546911386204e-4,0.9994994453088614,98849.49110514442,49.47957648934536,"United Nations, World Population Prospects 2024"
Canada,124,America,Northern America,2023,female,35,5.9006e-4,5.898859659434677e-4,0.9994101140340566,98800.01152865507,58.28074023580645,"United Nations, World Population Prospects 2024"
Canada,124,America,Northern America,2023,female,36,6.0017e-4,5.999899520152496e-4,0.9994000100479847,98741.73078841927,59.24404631764637,"United Nations, World Population Prospects 2024"
Canada,124,America,Northern America,2023,female,37,7.1044e-4,7.10187727115574e-4,0.9992898122728844,98682.48674210162,70.08309096548591,"United Nations, World Population Prospects 2024"
Canada,124,America,Northern America,2023,female,38,6.7613e-4,6.759015013589431e-4,0.999324098498641,98612.40365113613,66.65227168041703,"United Nations, World Population Prospects 2024"
Canada,124,America,Northern America,2023,female,39,7.2466e-4,7.243975290433018e-4,0.9992756024709567,98545.75137945572,71.38629879699327,"United Nations, World Population Prospects 2024"
Canada,124,America,Northern America,2023,female,40,7.3394e-4,7.336707648394269e-4,0.9992663292351606,98474.36508065872,72.24776274580384,"United Nations, World Population Prospects 2024"
Canada,124,America,Northern America,2023,female,41,8.5373e-4,8.533657280385008e-4,0.9991466342719615,98402.11731791293,83.97299448553073,"United Nations, World Population Prospects 2024"
Canada,124,America,Northern America,2023,female,42,9.4661e-4,9.461621767109517e-4,0.999053837823289,98318.14432342738,93.02490944323554,"United Nations, World Population Prospects 2024"
Canada,124,America,Northern America,2023,female,43,9.202e-4,9.197768106894019e-4,0.9990802231893106,98225.11941398415,90.34518706418,"United Nations, World Population Prospects 2024"
Canada,124,America,Northern America,2023,female,44,9.9633e-4,9.958339104000256e-4,0.9990041660896,98134.77422691997,97.72593596461735,"United Nations, World Population Prospects 2024"
Canada,124,America,Northern America,2023,female,45,0.00112614,0.001125506261189512,0.9988744937388105,98037.04829095534,110.34131168000877,"United Nations, World Population Prospects 2024"
Canada,124,America,Northern America,2023,female,46,0.00132255,0.0013216760086973488,0.9986783239913026,97926.70697927535,129.42737922524344,"United Nations, World Population Prospects 2024"
Canada,124,America,Northern America,2023,female,47,0.00129318,0.0012923443830453667,0.9987076556169546,97797.2796000501,126.38776496824197,"United Nations, World Population Prospects 2024"
Canada,124,America,Northern America,2023,female,48,0.00143319,0.0014321637186400409,0.9985678362813599,97670.89183508186,139.88070765342005,"United Nations, World Population Prospects 2024"
Canada,124,America,Northern America,2023,female,49,0.00166961,0.00166821736380361,0.9983317826361964,97531.01112742843,162.7029262720992,"United Nations, World Population Prospects 2024"
Canada,124,America,Northern America,2023,female,50,0.00179682,0.0017952071679282614,0.9982047928320718,97368.30820115632,174.79628481176394,"United Nations, World Population Prospects 2024"
Canada,124,America,Northern America,2023,female,51,0.00204137,0.0020392885287879936,0.997960711471212,97193.51191634456,198.20561392362063,"United Nations, World Population Prospects 2024"
Canada,124,America,Northern America,2023,female,52,0.00205678,0.0020546670010028385,0.9979453329989971,96995.30630242094,199.29305511174695,"United Nations, World Population Prospects 2024"
Canada,124,America,Northern America,2023,female,53,0.00241523,0.002412316849987203,0.9975876831500128,96796.0132473092,233.50265376806848,"United Nations, World Population Prospects 2024"
Canada,124,America,Northern America,2023,female,54,0.00262375,0.00262031247756849,0.9973796875224316,96562.51059354113,253.0239513735953,"United Nations, World Population Prospects 2024"
Canada,124,America,Northern America,2023,female,55,0.00278132,0.0027774575009517264,0.9972225424990483,96309.48664216754,267.4955060870983,"United Nations, World Population Prospects 2024"
Canada,124,America,Northern America,2023,female,56,0.00302092,0.003016363902979106,0.9969836360970209,96041.99113608044,289.69759523311234,"United Nations, World Population Prospects 2024"
Canada,124,America,Northern America,2023,female,57,0.00344379,0.003437870348236723,0.9965621296517633,95752.29354084733,329.18397073973773,"United Nations, World Population Prospects 2024"
Canada,124,America,Northern America,2023,female,58,0.00374279,0.0037357988447209835,0.996264201155279,95423.10957010758,356.48154249169176,"United Nations, World Population Prospects 2024"
Canada,124,America,Northern America,2023,female,59,0.004251,0.004241983663722757,0.9957580163362773,95066.6280276159,403.2710830583546,"United Nations, World Population Prospects 2024"
Canada,124,America,Northern America,2023,female,60,0.00462143,0.0046107758111714895,0.9953892241888285,94663.35694455754,436.4715164042585,"United Nations, World Population Prospects 2024"
Canada,124,America,Northern America,2023,female,61,0.00480721,0.00479568307218927,0.9952043169278108,94226.88542815328,451.88227939291255,"United Nations, World Population Prospects 2024"
Canada,124,America,Northern America,2023,female,62,0.00531391,0.005299828593918246,0.9947001714060818,93775.00314876037,496.9914430825737,"United Nations, World Population Prospects 2024"
Canada,124,America,Northern America,2023,female,63,0.0057565,0.005739978905714627,0.9942600210942854,93278.0117056778,535.4138195575927,"United Nations, World Population Prospects 2024"
Canada,124,America,Northern America,2023,female,64,0.00591903,0.005901564232131543,0.9940984357678685,92742.5978861202,547.3263984796854,"United Nations, World Population Prospects 2024"
Canada,124,America,Northern America,2023,female,65,0.00651341,0.006492266602893025,0.993507733397107,92195.27148764052,598.556282023864,"United Nations, World Population Prospects 2024"
Canada,124,America,Northern America,2023,female,66,0.007288,0.007261538952058698,0.9927384610479413,91596.71520561667,665.1331153462127,"United Nations, World Population Prospects 2024"
Canada,124,America,Northern America,2023,female,67,0.00772736,0.007697618863947742,0.9923023811360523,90931.58209027044,699.9566616266784,"United Nations, World Population Prospects 2024"
Canada,124,America,Northern America,2023,female,68,0.00842794,0.008392573945172264,0.9916074260548278,90231.62542864378,757.2755886029788,"United Nations, World Population Prospects 2024"
Canada,124,America,Northern America,2023,female,69,0.00977022,0.009722723426561669,0.9902772765734383,89474.3498400408,869.9343572661389,"United Nations, World Population Prospects 2024"
Canada,124,America,Northern America,2023,female,70,0.01022447,0.010172465963465264,0.9898275340365348,88604.41548277465,901.3254007112598,"United Nations, World Population Prospects 2024"
Canada,124,America,Northern America,2023,female,71,0.01178517,0.011716131698097763,0.9882838683019023,87703.09008206341,1027.5409537315868,"United Nations, World Population Prospects 2024"
Canada,124,America,Northern America,2023,female,72,0.0134482,0.013358376937633658,0.9866416230623664,86675.54912833183,1157.844656532641,"United Nations, World Population Prospects 2024"
Canada,124,America,Northern America,2023,female,73,0.01376705,0.013672932030544448,0.9863270679694556,85517.70447179918,1169.2777606510972,"United Nations, World Population Prospects 2024"
Canada,124,America,Northern America,2023,female,74,0.01559422,0.015473570865866046,0.9845264291341339,84348.42671114809,1305.1713581392585,"United Nations, World Population Prospects 2024"
Canada,124,America,Northern America,2023,female,75,0.01722491,0.017077827975066996,0.982922172024933,83043.25535300883,1418.1984294082463,"United Nations, World Population Prospects 2024"
Canada,124,America,Northern America,2023,female,76,0.01913801,0.018956614065226775,0.9810433859347732,81625.05692360058,1547.334702152863,"United Nations, World Population Prospects 2024"
Canada,124,America,Northern America,2023,female,77,0.02131374,0.02108899729737156,0.9789110027026284,80077.72222144772,1688.7588675077816,"United Nations, World Population Prospects 2024"
Canada,124,America,Northern America,2023,female,78,0.0243215,0.024029285861954238,0.9759707141380458,78388.96335393994,1883.6308088540777,"United Nations, World Population Prospects 2024"
Canada,124,America,Northern America,2023,female,79,0.02755888,0.027184295629431983,0.972815704370568,76505.33254508585,2079.7435771336177,"United Nations, World Population Prospects 2024"
Canada,124,America,Northern America,2023,female,80,0.03020967,0.02976014787674615,0.9702398521232538,74425.58896795224,2214.9165335001853,"United Nations, World Population Prospects 2024"
Canada,124,America,Northern America,2023,female,81,0.03381217,0.03325004196429801,0.966749958035702,72210.67243445205,2401.0078887157083,"United Nations, World Population Prospects 2024"
Canada,124,America,Northern America,2023,female,82,0.03929358,0.03853646221943189,0.9614635377805681,69809.66454573633,2690.2175003179823,"United Nations, World Population Prospects 2024"
Canada,124,America,Northern America,2023,female,83,0.04401399,0.04306623165529313,0.9569337683447069,67119.44704541836,2890.581655033167,"United Nations, World Population Prospects 2024"
Canada,124,America,Northern America,2023,female,84,0.051021,0.0497518065392797,0.9502481934607203,64228.865390385195,3195.5020851398817,"United Nations, World Population Prospects 2024"
Canada,124,America,Northern America,2023,female,85,0.05603144,0.0545044583559481,0.9454955416440519,61033.363305245315,3326.5904085941943,"United Nations, World Population Prospects 2024"
Canada,124,America,Northern America,2023,female,86,0.06432816,0.062323579406095966,0.937676420593904,57706.77289665113,3596.492642893983,"United Nations, World Population Prospects 2024"
Canada,124,America,Northern America,2023,female,87,0.07314254,0.0705619981151899,0.9294380018848101,54110.28025375714,3818.129493278009,"United Nations, World Population Prospects 2024"
Canada,124,America,Northern America,2023,female,88,0.0859722,0.0824289029355233,0.9175710970644767,50292.150760479126,4145.526813454238,"United Nations, World Population Prospects 2024"
Canada,124,America,Northern America,2023,female,89,0.096687,0.09222835835773292,0.9077716416422671,46146.62394702489,4256.027370385751,"United Nations, World Population Prospects 2024"
Canada,124,America,Northern America,2023,female,90,0.11391024,0.10777206888406009,0.8922279311159399,41890.59657663914,4514.6362598519245,"United Nations, World Population Prospects 2024"
Canada,124,America,Northern America,2023,female,91,0.1281288,0.12041451626424114,0.8795854837357588,37375.96031678722,4500.608181457406,"United Nations, World Population Prospects 2024"
Canada,124,America,Northern America,2023,female,92,0.14814819,0.13793107076099811,0.8620689292390019,32875.352135329806,4534.532521670906,"United Nations, World Population Prospects 2024"
Canada,124,America,Northern America,2023,female,93,0.16398205,0.15155583199038086,0.8484441680096191,28340.819613658903,4295.21649583738,"United Nations, World Population Prospects 2024"
Canada,124,America,Northern America,2023,female,94,0.18898087,0.17266562041723096,0.827334379582769,24045.60311782152,4151.848980645156,"United Nations, World Population Prospects 2024"
Canada,124,America,Northern America,2023,female,95,0.21167942,0.1914196226503749,0.8085803773496251,19893.754137176365,3808.0549100376343,"United Nations, World Population Prospects 2024"
Canada,124,America,Northern America,2023,female,96,0.23801464,0.21270159340870087,0.7872984065912991,16085.69922713873,3421.453856705516,"United Nations, World Population Prospects 2024"
Canada,124,America,Northern America,2023,female,97,0.26651859,0.23517882551318495,0.7648211744868151,12664.245370433213,2978.362352229273,"United Nations, World Population Prospects 2024"
Canada,124,America,Northern America,2023,female,98,0.29710519,0.25867791452771915,0.7413220854722808,9685.88301820394,2505.5240195084452,"United Nations, World Population Prospects 2024"
Canada,124,America,Northern America,2023,female,99,0.32962465,0.28298520107091074,0.7170147989290893,7180.358998695495,2031.9353350071679,"United Nations, World Population Prospects 2024"
Canada,124,America,Northern America,2023,female,100,0.42171386,1,0,5148.423663688327,5148.423663688327,"United Nations, World Population Prospects 2024"
Canada,124,America,Northern America,2023,male,0,0.00476594,0.00475460990722937,0.9952453900927706,100000,475.46099072293697,"United Nations, World Population Prospects 2024"
Canada,124,America,Northern America,2023,male,1,2.4328e-4,2.4325041102000354e-4,0.99975674958898,99524.53900927705,24.20938502058302,"United Nations, World Population Prospects 2024"
Canada,124,America,Northern America,2023,male,2,1.7398e-4,1.739648667962374e-4,0.9998260351332038,99500.32962425647,17.309561589265492,"United Nations, World Population Prospects 2024"
Canada,124,America,Northern America,2023,male,3,1.1565e-4,1.1564331292543008e-4,0.9998843566870745,99483.0200626672,11.504546019873862,"United Nations, World Population Prospects 2024"
Canada,124,America,Northern America,2023,male,4,1.184e-4,1.1839299113492483e-4,0.9998816070088651,99471.51551664734,11.776730254739967,"United Nations, World Population Prospects 2024"
Canada,124,America,Northern America,2023,male,5,7.175e-5,7.174742606109006e-5,0.9999282525739389,99459.7387863926,7.135980254632034,"United Nations, World Population Prospects 2024"
Canada,124,America,Northern America,2023,male,6,4.815e-5,4.8148840816657334e-5,0.9999518511591834,99452.60280613796,4.788527541314985,"United Nations, World Population Prospects 2024"
Canada,124,America,Northern America,2023,male,7,7.431e-5,7.43072391145307e-5,0.9999256927608855,99447.81427859665,7.3896925150171215,"United Nations, World Population Prospects 2024"
Canada,124,America,Northern America,2023,male,8,6.497e-5,6.496788951810901e-5,0.9999350321104818,99440.42458608163,6.460434518142402,"United Nations, World Population Prospects 2024"
Canada,124,America,Northern America,2023,male,9,1.1107e-4,1.11063832070086e-4,0.99988893616793,99433.96415156349,11.043517096592199,"United Nations, World Population Prospects 2024"
Canada,124,America,Northern America,2023,male,10,7.3e-5,7.29973355972507e-5,0.9999270026644027,99422.92063446691,7.257608303613003,"United Nations, World Population Prospects 2024"
Canada,124,America,Northern America,2023,male,11,9.952e-5,9.951504813120498e-5,0.9999004849518688,99415.66302616328,9.893354491044294,"United Nations, World Population Prospects 2024"
Canada,124,America,Northern America,2023,male,12,7.307e-5,7.306733048508073e-5,0.9999269326695149,99405.76967167224,7.263314224723891,"United Nations, World Population Prospects 2024"
Canada,124,America,Northern America,2023,male,13,9.032e-5,9.031592133299261e-5,0.999909684078667,99398.50635744752,8.977267680796196,"United Nations, World Population Prospects 2024"
Canada,124,America,Northern America,2023,male,14,1.5336e-4,1.5334824125686042e-4,0.9998466517587431,99389.52908976671,15.241209485263292,"United Nations, World Population Prospects 2024"
Canada,124,America,Northern America,2023,male,15,2.8479e-4,2.847494531016256e-4,0.9997152505468984,99374.28788028145,28.296774126273643,"United Nations, World Population Prospects 2024"
Canada,124,America,Northern America,2023,male,16,2.4045e-4,2.4042109537380864e-4,0.9997595789046262,99345.99110615517,23.884872002738476,"United Nations, World Population Prospects 2024"
Canada,124,America,Northern America,2023,male,17,4.3006e-4,4.2996754407899677e-4,0.999570032455921,99322.10623415244,42.705282090251735,"United Nations, World Population Prospects 2024"
Canada,124,America,Northern America,2023,male,18,4.8135e-4,4.812341789639779e-4,0.999518765821036,99279.40095206219,47.77664100520121,"United Nations, World Population Prospects 2024"
Canada,124,America,Northern America,2023,male,19,5.8355e-4,5.833797843634173e-4,0.9994166202156366,99231.62431105699,57.889723592616065,"United Nations, World Population Prospects 2024"
Canada,124,America,Northern America,2023,male,20,5.9368e-4,5.935038243247874e-4,0.9994064961756752,99173.73458746437,58.85999075023154,"United Nations, World Population Prospects 2024"
Canada,124,America,Northern America,2023,male,21,5.8906e-4,5.888865552428844e-4,0.9994111134447571,99114.87459671414,58.36741707458946,"United Nations, World Population Prospects 2024"
Canada,124,America,Northern America,2023,male,22,6.819e-4,6.816675854367454e-4,0.9993183324145632,99056.50717963955,67.52361007094252,"United Nations, World Population Prospects 2024"
Canada,124,America,Northern America,2023,male,23,7.8452e-4,7.842123848499188e-4,0.9992157876151501,98988.9835695686,77.62838687896082,"United Nations, World Population Prospects 2024"
Canada,124,America,Northern America,2023,male,24,8.8631e-4,8.859174012740385e-4,0.9991140825987259,98911.35518268964,87.62729073994181,"United Nations, World Population Prospects 2024"
Canada,124,America,Northern America,2023,male,25,8.3635e-4,8.360004055304172e-4,0.9991639995944696,98823.7278919497,82.61667659369756,"United Nations, World Population Prospects 2024"
Canada,124,America,Northern America,2023,male,26,8.7009e-4,8.697116363011855e-4,0.9991302883636988,98741.11121535601,85.87629340530461,"United Nations, World Population Prospects 2024"
Canada,124,America,Northern America,2023,male,27,0.00101204,0.0010115281465272942,0.9989884718534727,98655.23492195069,99.79254692581557,"United Nations, World Population Prospects 2024"
Canada,124,America,Northern America,2023,male,28,8.4953e-4,8.491693026011806e-4,0.9991508306973989,98555.44237502487,83.69025626915071,"United Nations, World Population Prospects 2024"
Canada,124,America,Northern America,2023,male,29,9.8254e-4,9.820575445900694e-4,0.99901794245541,98471.75211875573,96.70492709722721,"United Nations, World Population Prospects 2024"
Canada,124,America,Northern America,2023,male,30,9.6369e-4,9.63225874428536e-4,0.9990367741255715,98375.04719165851,94.75739085313377,"United Nations, World Population Prospects 2024"
Canada,124,America,Northern America,2023,male,31,0.001021,0.001020479045447299,0.9989795209545527,98280.28980080537,100.2929763222098,"United Nations, World Population Prospects 2024"
Canada,124,America,Northern America,2023,male,32,0.00101641,0.0010158937177331792,0.9989841062822669,98179.99682448317,99.74044198105594,"United Nations, World Population Prospects 2024"
Canada,124,America,Northern America,2023,male,33,0.00110181,0.0011012033415731105,0.9988987966584268,98080.2563825021,108.00630607075873,"United Nations, World Population Prospects 2024"
Canada,124,America,Northern America,2023,male,34,0.00119293,0.0011922188831638536,0.9988077811168361,97972.25007643134,116.80436656717275,"United Nations, World Population Prospects 2024"
Canada,124,America,Northern America,2023,male,35,0.0012288,0.0012280454888516496,0.9987719545111483,97855.44570986416,120.17093866356619,"United Nations, World Population Prospects 2024"
Canada,124,America,Northern America,2023,male,36,0.00135986,0.001358936018632851,0.9986410639813671,97735.2747712006,132.81598517756305,"United Nations, World Population Prospects 2024"
Canada,124,America,Northern America,2023,male,37,0.00112932,0.0011286826780390186,0.998871317321961,97602.45878602302,110.1622045658014,"United Nations, World Population Prospects 2024"
Canada,124,America,Northern America,2023,male,38,0.00129605,0.0012952106711048572,0.9987047893288952,97492.29658145722,126.27306288282298,"United Nations, World Population Prospects 2024"
Canada,124,America,Northern America,2023,male,39,0.00140302,0.001402036457404766,0.9985979635425952,97366.02351857441,136.51071468557117,"United Nations, World Population Prospects 2024"
Canada,124,America,Northern America,2023,male,40,0.00158238,0.0015811290265255033,0.9984188709734745,97229.51280388884,153.7324049291617,"United Nations, World Population Prospects 2024"
Canada,124,America,Northern America,2023,male,41,0.00144675,0.0014457042137144044,0.9985542957862856,97075.78039895967,140.3428647723902,"United Nations, World Population Prospects 2024"
Canada,124,America,Northern America,2023,male,42,0.00162089,0.0016195774215765706,0.9983804225784234,96935.43753418728,156.99444598101576,"United Nations, World Population Prospects 2024"
Canada,124,America,Northern America,2023,male,43,0.00164572,0.0016443669162393034,0.9983556330837607,96778.44308820627,159.13927001939467,"United Nations, World Population Prospects 2024"
Canada,124,America,Northern America,2023,male,44,0.0017151,0.0017136304761851474,0.9982863695238149,96619.30381818688,165.569783610637,"United Nations, World Population Prospects 2024"
Canada,124,America,Northern America,2023,male,45,0.00174257,0.001741053046596296,0.9982589469534037,96453.73403457625,167.93106749648783,"United Nations, World Population Prospects 2024"
Canada,124,America,Northern America,2023,male,46,0.00202311,0.002021065581006205,0.9979789344189938,96285.80296707974,194.59992231630997,"United Nations, World Population Prospects 2024"
Canada,124,America,Northern America,2023,male,47,0.00223706,0.002234560576957855,0.9977654394230422,96091.20304476345,214.72161411628102,"United Nations, World Population Prospects 2024"
Canada,124,America,Northern America,2023,male,48,0.00258734,0.0025839971603935138,0.9974160028396065,95876.48143064717,247.74455576531372,"United Nations, World Population Prospects 2024"
Canada,124,America,Northern America,2023,male,49,0.00266043,0.002656895757410057,0.99734310424259,95628.73687488184,254.0755852893562,"United Nations, World Population Prospects 2024"
Canada,124,America,Northern America,2023,male,50,0.00277631,0.0027724613938538154,0.9972275386061462,95374.6612895925,264.42256637727917,"United Nations, World Population Prospects 2024"
Canada,124,America,Northern America,2023,male,51,0.00337371,0.003368028624075335,0.9966319713759246,95110.23872321523,320.3340064624272,"United Nations, World Population Prospects 2024"
Canada,124,America,Northern America,2023,male,52,0.00347398,0.0034679561947692484,0.9965320438052307,94789.90471675279,328.7272372640496,"United Nations, World Population Prospects 2024"
Canada,124,America,Northern America,2023,male,53,0.0037446,0.003737602087611365,0.9962623979123887,94461.17747948875,353.0582941455648,"United Nations, World Population Prospects 2024"
Canada,124,America,Northern America,2023,male,54,0.00418516,0.004176420505977602,0.9958235794940224,94108.11918534318,393.03507874465146,"United Nations, World Population Prospects 2024"
Canada,124,America,Northern America,2023,male,55,0.00474036,0.0047291510607388575,0.9952708489392611,93715.08410659853,443.1927894099517,"United Nations, World Population Prospects 2024"
Canada,124,America,Northern America,2023,male,56,0.00518762,0.005174199110604922,0.9948258008893951,93271.89131718858,482.6073370978361,"United Nations, World Population Prospects 2024"
Canada,124,America,Northern America,2023,male,57,0.00586991,0.0058527324935045266,0.9941472675064955,92789.28398009074,543.0708573992961,"United Nations, World Population Prospects 2024"
Canada,124,America,Northern America,2023,male,58,0.00635682,0.0063366794347178975,0.9936633205652821,92246.21312269145,584.5346816251631,"United Nations, World Population Prospects 2024"
Canada,124,America,Northern America,2023,male,59,0.00710759,0.007082420529334952,0.9929175794706651,91661.67844106628,649.1865531443068,"United Nations, World Population Prospects 2024"
Canada,124,America,Northern America,2023,male,60,0.00763382,0.007604793188829624,0.9923952068111703,91012.49188792198,692.1311784076805,"United Nations, World Population Prospects 2024"
Canada,124,America,Northern America,2023,male,61,0.00830004,0.008265737026027247,0.9917342629739727,90320.3607095143,746.5643497207689,"United Nations, World Population Prospects 2024"
Canada,124,America,Northern America,2023,male,62,0.00932549,0.009282209424417345,0.9907177905755826,89573.79635979352,831.4427367517154,"United Nations, World Population Prospects 2024"
Canada,124,America,Northern America,2023,male,63,0.00960605,0.009560132444864007,0.990439867555136,88742.35362304181,848.388654105237,"United Nations, World Population Prospects 2024"
Canada,124,America,Northern America,2023,male,64,0.01017167,0.010120200330949843,0.9898797996690502,87893.96496893656,889.5045333671258,"United Nations, World Population Prospects 2024"
Canada,124,America,Northern America,2023,male,65,0.01139102,0.011326509750451207,0.9886734902495488,87004.46043556945,985.4568694562236,"United Nations, World Population Prospects 2024"
Canada,124,America,Northern America,2023,male,66,0.01160585,0.011538890682784601,0.9884611093172154,86019.00356611321,992.5638787914392,"United Nations, World Population Prospects 2024"
Canada,124,America,Northern America,2023,male,67,0.01233516,0.012259548255371136,0.9877404517446289,85026.43968732179,1042.385740329125,"United Nations, World Population Prospects 2024"
Canada,124,America,Northern America,2023,male,68,0.01316617,0.013080062834554785,0.9869199371654452,83984.05394699266,1098.5167027273028,"United Nations, World Population Prospects 2024"
Canada,124,America,Northern America,2023,male,69,0.01501313,0.014901272628431956,0.985098727371568,82885.53724426536,1235.0999874308488,"United Nations, World Population Prospects 2024"
Canada,124,America,Northern America,2023,male,70,0.01670019,0.01656189659009255,0.9834381034099074,81650.43725683451,1352.2860983835333,"United Nations, World Population Prospects 2024"
Canada,124,America,Northern America,2023,male,71,0.01819375,0.018029735747620863,0.9819702642523791,80298.15115845097,1447.7544464093871,"United Nations, World Population Prospects 2024"
Canada,124,America,Northern America,2023,male,72,0.01998469,0.01978697175175125,0.9802130282482487,78850.39671204158,1560.2105723555462,"United Nations, World Population Prospects 2024"
Canada,124,America,Northern America,2023,male,73,0.02203871,0.02179850454000458,0.9782014954599955,77290.18613968603,1684.810473463745,"United Nations, World Population Prospects 2024"
Canada,124,America,Northern America,2023,male,74,0.02384357,0.023562661021276465,0.9764373389787235,75605.3756662223,1781.4638382094604,"United Nations, World Population Prospects 2024"
Canada,124,America,Northern America,2023,male,75,0.02553815,0.025216162924406038,0.9747838370755939,73823.91182801283,1861.5557883721576,"United Nations, World Population Prospects 2024"
Canada,124,America,Northern America,2023,male,76,0.02886936,0.028458569653789834,0.9715414303462102,71962.35603964067,2047.9457218049374,"United Nations, World Population Prospects 2024"
Canada,124,America,Northern America,2023,male,77,0.03198387,0.031480436899334246,0.9685195631006658,69914.41031783575,2200.9361823647914,"United Nations, World Population Prospects 2024"
Canada,124,America,Northern America,2023,male,78,0.03485593,0.03425886765359354,0.9657411323464065,67713.47413547095,2319.7869487721287,"United Nations, World Population Prospects 2024"
Canada,124,America,Northern America,2023,male,79,0.04031812,0.039521405612963925,0.9604785943870361,65393.68718669882,2584.450435832806,"United Nations, World Population Prospects 2024"
Canada,124,America,Northern America,2023,male,80,0.04522389,0.04422390157001345,0.9557760984299866,62809.23675086602,2777.6695037579702,"United Nations, World Population Prospects 2024"
Canada,124,America,Northern America,2023,male,81,0.04990123,0.048686472567266076,0.9513135274327339,60031.56724710804,2922.725251946314,"United Nations, World Population Prospects 2024"
Canada,124,America,Northern America,2023,male,82,0.05685372,0.05528222006959251,0.9447177799304075,57108.84199516173,3157.103571096118,"United Nations, World Population Prospects 2024"
Canada,124,America,Northern America,2023,male,83,0.06354548,0.06158864014957402,0.938411359850426,53951.73842406561,3322.8142032437227,"United Nations, World Population Prospects 2024"
Canada,124,America,Northern America,2023,male,84,0.06978183,0.06742916474438275,0.9325708352556172,50628.92422082189,3413.8660721166693,"United Nations, World Population Prospects 2024"
Canada,124,America,Northern America,2023,male,85,0.08101268,0.07785890088858084,0.9221410991114192,47215.05814870522,3676.112532848621,"United Nations, World Population Prospects 2024"
Canada,124,America,Northern America,2023,male,86,0.09283664,0.08871847732941068,0.9112815226705893,43538.9456158566,3862.7089595668185,"United Nations, World Population Prospects 2024"
Canada,124,America,Northern America,2023,male,87,0.10288337,0.09784981085280066,0.9021501891471994,39676.23665628978,3882.312252168911,"United Nations, World Population Prospects 2024"
Canada,124,America,Northern America,2023,male,88,0.12308952,0.11595320766314177,0.8840467923368582,35793.924404120866,4150.4203495098245,"United Nations, World Population Prospects 2024"
Canada,124,America,Northern America,2023,male,89,0.13223373,0.1240330533557407,0.8759669466442593,31643.504054611043,3924.840426768169,"United Nations, World Population Prospects 2024"
Canada,124,America,Northern America,2023,male,90,0.15283871,0.1419880730405484,0.8580119269594516,27718.663627842878,3935.7196357765465,"United Nations, World Population Prospects 2024"
Canada,124,America,Northern America,2023,male,91,0.17527353,0.16115079559672663,0.8388492044032734,23782.94399206633,3832.6403459538788,"United Nations, World Population Prospects 2024"
Canada,124,America,Northern America,2023,male,92,0.19238652,0.1755041989584939,0.8244958010415061,19950.303646112454,3501.362060389686,"United Nations, World Population Prospects 2024"
Canada,124,America,Northern America,2023,male,93,0.22538263,0.20255629477974313,0.7974437052202569,16448.941585722765,3331.836660652436,"United Nations, World Population Prospects 2024"
Canada,124,America,Northern America,2023,male,94,0.24101266,0.21509263584436866,0.7849073641556313,13117.10492507033,2821.3926729805275,"United Nations, World Population Prospects 2024"
Canada,124,America,Northern America,2023,male,95,0.27228639,0.23965851417171052,0.7603414858282895,10295.712252089803,2467.4551006753177,"United Nations, World Population Prospects 2024"
Canada,124,America,Northern America,2023,male,96,0.30221374,0.26254186112189565,0.7374581388781043,7828.257151414486,2055.2452018731483,"United Nations, World Population Prospects 2024"
Canada,124,America,Northern America,2023,male,97,0.33401974,0.2862184361816923,0.7137815638183077,5773.011949541336,1652.342452255944,"United Nations, World Population Prospects 2024"
Canada,124,America,Northern America,2023,male,98,0.36763329,0.31054918137259335,0.6894508186274066,4120.669497285392,1279.6705390889942,"United Nations, World Population Prospects 2024"
Canada,124,America,Northern America,2023,male,99,0.40289357,0.3353403371918799,0.66465966280812006,2840.9989581963982,952.7015486033597,"United Nations, World Population Prospects 2024"
Canada,124,America,Northern America,2023,male,100,0.4887298,1,0,1888.2974095930385,1888.2974095930385,"United Nations, World Population Prospects 2024"
China,156,Asia,Eastern Asia,2023,both,0,0.00512402,0.00511092575710105,0.994889074242899,100000,511.092575710105,"United Nations, World Population Prospects 2024"
China,156,Asia,Eastern Asia,2023,both,1,6.4786e-4,6.476502066685538e-4,0.9993523497933314,99488.9074242899,64.43401145456997,"United Nations, World Population Prospects 2024"
China,156,Asia,Eastern Asia,2023,both,2,5.6411e-4,5.639509348190797e-4,0.9994360490651809,99424.47341283533,56.07052472506322,"United Nations, World Population Prospects 2024"
China,156,Asia,Eastern Asia,2023,both,3,4.9171e-4,4.915891403518988e-4,0.9995084108596481,99368.40288811026,48.84842775390726,"United Nations, World Population Prospects 2024"
China,156,Asia,Eastern Asia,2023,both,4,3.9935e-4,3.9927027570769806e-4,0.9996007297242923,99319.55446035635,39.65534589255221,"United Nations, World Population Prospects 2024"
China,156,Asia,Eastern Asia,2023,both,5,3.1367e-4,3.1362081327974923e-4,0.9996863791867202,99279.8991144638,31.136242702609593,"United Nations, World Population Prospects 2024"
China,156,Asia,Eastern Asia,2023,both,6,2.5509e-4,2.550574686951553e-4,0.9997449425313049,99248.76287176118,25.314138229197123,"United Nations, World Population Prospects 2024"
China,156,Asia,Eastern Asia,2023,both,7,2.3887e-4,2.3884147396855657e-4,0.9997611585260314,99223.448733532,23.69867474776029,"United Nations, World Population Prospects 2024"
China,156,Asia,Eastern Asia,2023,both,8,2.4963e-4,2.495988463199966e-4,0.99975040115368,99199.75005878424,24.76014316990456,"United Nations, World Population Prospects 2024"
China,156,Asia,Eastern Asia,2023,both,9,2.5552e-4,2.554873589350225e-4,0.999744512641065,99174.98991561432,25.33795624594779,"United Nations, World Population Prospects 2024"
China,156,Asia,Eastern Asia,2023,both,10,2.4725e-4,2.4721943749703943e-4,0.9997527805625029,99149.65195936838,24.511721185422285,"United Nations, World Population Prospects 2024"
China,156,Asia,Eastern Asia,2023,both,11,2.4353e-4,2.4350035017986032e-4,0.9997564996498202,99125.14023818295,24.137006359625314,"United Nations, World Population Prospects 2024"
China,156,Asia,Eastern Asia,2023,both,12,2.4395e-4,2.4392024782777117e-4,0.9997560797521722,99101.00323182333,24.172741268287098,"United Nations, World Population Prospects 2024"
China,156,Asia,Eastern Asia,2023,both,13,2.5151e-4,2.5147837533690947e-4,0.9997485216246631,99076.83049055503,24.915680365295156,"United Nations, World Population Prospects 2024"
China,156,Asia,Eastern Asia,2023,both,14,2.6289e-4,2.628554489655107e-4,0.9997371445510345,99051.91481018974,26.036335538325943,"United Nations, World Population Prospects 2024"
China,156,Asia,Eastern Asia,2023,both,15,2.8006e-4,2.8002078868895986e-4,0.9997199792113111,99025.87847465141,27.729304591088983,"United Nations, World Population Prospects 2024"
China,156,Asia,Eastern Asia,2023,both,16,3.0277e-4,3.027241721012065e-4,0.9996972758278988,98998.14917006032,29.969132747058254,"United Nations, World Population Prospects 2024"
China,156,Asia,Eastern Asia,2023,both,17,3.2683e-4,3.267765998019434e-4,0.999673223400198,98968.18003731327,32.3404853611798,"United Nations, World Population Prospects 2024"
China,156,Asia,Eastern Asia,2023,both,18,3.563e-4,3.5623653646102947e-4,0.999643763463539,98935.83955195209,35.24456081385154,"United Nations, World Population Prospects 2024"
China,156,Asia,Eastern Asia,2023,both,19,3.9281e-4,3.9273286530159044e-4,0.9996072671346984,98900.59499113823,38.84151405090184,"United Nations, World Population Prospects 2024"
China,156,Asia,Eastern Asia,2023,both,20,4.3613e-4,4.360349160460324e-4,0.999563965083954,98861.75347708733,43.10717637754533,"United Nations, World Population Prospects 2024"
China,156,Asia,Eastern Asia,2023,both,21,4.837e-4,4.8358304544046015e-4,0.9995164169545595,98818.64630070979,47.787021924400904,"United Nations, World Population Prospects 2024"
China,156,Asia,Eastern Asia,2023,both,22,5.322e-4,5.320584192546364e-4,0.9994679415807454,98770.85927878538,52.55186725629269,"United Nations, World Population Prospects 2024"
China,156,Asia,Eastern Asia,2023,both,23,5.7496e-4,5.747947580029694e-4,0.9994252052419971,98718.3074115291,56.74276561907261,"United Nations, World Population Prospects 2024"
China,156,Asia,Eastern Asia,2023,both,24,0.00061152000000000005,6.113330787978268e-4,0.9993886669212022,98661.56464591002,60.315078073995,"United Nations, World Population Prospects 2024"
China,156,Asia,Eastern Asia,2023,both,25,6.4209e-4,6.41883926374857e-4,0.9993581160736251,98601.24956783604,63.29055721806977,"United Nations, World Population Prospects 2024"
China,156,Asia,Eastern Asia,2023,both,26,6.701e-4,6.698755581942271e-4,0.9993301244418058,98537.95901061795,66.00817029555756,"United Nations, World Population Prospects 2024"
China,156,Asia,Eastern Asia,2023,both,27,6.9856e-4,6.983160921553319e-4,0.9993016839078447,98471.9508403224,68.76454789772589,"United Nations, World Population Prospects 2024"
China,156,Asia,Eastern Asia,2023,both,28,7.3021e-4,7.299434939806302e-4,0.9992700565060194,98403.18629242468,71.82876562111933,"United Nations, World Population Prospects 2024"
China,156,Asia,Eastern Asia,2023,both,29,7.6488e-4,7.645875911216514e-4,0.9992354124088784,98331.35752680356,75.182935783140593,"United Nations, World Population Prospects 2024"
China,156,Asia,Eastern Asia,2023,both,30,8.0718e-4,8.068543616481825e-4,0.9991931456383518,98256.17459102043,79.27842302763017,"United Nations, World Population Prospects 2024"
China,156,Asia,Eastern Asia,2023,both,31,8.4249e-4,8.421352547346193e-4,0.9991578647452654,98176.8961679928,82.67822546348688,"United Nations, World Population Prospects 2024"
China,156,Asia,Eastern Asia,2023,both,32,8.673e-4,8.669240583820826e-4,0.9991330759416179,98094.2179425293,85.04023752255401,"United Nations, World Population Prospects 2024"
China,156,Asia,Eastern Asia,2023,both,33,8.7627e-4,8.758862435806687e-4,0.9991241137564193,98009.17770500676,85.8448904964686,"United Nations, World Population Prospects 2024"
China,156,Asia,Eastern Asia,2023,both,34,8.928e-4,8.924016319115148e-4,0.9991075983680885,97923.33281451029,87.38694200588337,"United Nations, World Population Prospects 2024"
China,156,Asia,Eastern Asia,2023,both,35,9.1157e-4,9.111547093507985e-4,0.9990888452906492,97835.94587250441,89.14368282552222,"United Nations, World Population Prospects 2024"
China,156,Asia,Eastern Asia,2023,both,36,9.3943e-4,9.389889428087286e-4,0.9990610110571913,97746.80218967889,91.78316645102049,"United Nations, World Population Prospects 2024"
China,156,Asia,Eastern Asia,2023,both,37,9.82e-4,9.815180746253589e-4,0.9990184819253747,97655.01902322787,95.85016624918141,"United Nations, World Population Prospects 2024"
China,156,Asia,Eastern Asia,2023,both,38,0.00104742,0.0010468717427995786,0.9989531282572004,97559.16885697868,102.13193712738364,"United Nations, World Population Prospects 2024"
China,156,Asia,Eastern Asia,2023,both,39,0.00113666,0.0011360143689536928,0.9988639856310463,97457.03691985129,110.71259429660161,"United Nations, World Population Prospects 2024"
China,156,Asia,Eastern Asia,2023,both,40,0.00124603,0.0012452541879620868,0.9987547458120379,97346.32432555468,121.22091804911253,"United Nations, World Population Prospects 2024"
China,156,Asia,Eastern Asia,2023,both,41,0.00136513,0.001364198845614943,0.9986358011543851,97225.10340750558,132.63437383331257,"United Nations, World Population Prospects 2024"
China,156,Asia,Eastern Asia,2023,both,42,0.0014872,0.0014860949398027626,0.9985139050601972,97092.46903367227,144.2886269238968,"United Nations, World Population Prospects 2024"
China,156,Asia,Eastern Asia,2023,both,43,0.00160354,0.0016022553597202372,0.9983977446402797,96948.18040674838,155.33574167183707,"United Nations, World Population Prospects 2024"
China,156,Asia,Eastern Asia,2023,both,44,0.00171746,0.0017159864309721313,0.9982840135690279,96792.84466507654,166.09520806046459,"United Nations, World Population Prospects 2024"
China,156,Asia,Eastern Asia,2023,both,45,0.00183741,0.001835723511631247,0.9981642764883688,96626.74945701606,177.37999583074622,"United Nations, World Population Prospects 2024"
China,156,Asia,Eastern Asia,2023,both,46,0.00197845,0.001976494801929561,0.9980235051980705,96449.36946118533,190.63167738941655,"United Nations, World Population Prospects 2024"
China,156,Asia,Eastern Asia,2023,both,47,0.00216185,0.0021595157254644523,0.9978404842745355,96258.7377837959,207.8722579574665,"United Nations, World Population Prospects 2024"
China,156,Asia,Eastern Asia,2023,both,48,0.00241477,0.0024118579588783195,0.9975881420411217,96050.86552583845,231.66104447564467,"United Nations, World Population Prospects 2024"
China,156,Asia,Eastern Asia,2023,both,49,0.00275534,0.00275154927311291,0.9972484507268871,95819.2044813628,263.65126244095114,"United Nations, World Population Prospects 2024"
China,156,Asia,Eastern Asia,2023,both,50,0.00317521,0.0031701770111262507,0.9968298229888738,95555.55321892185,302.92801810007705,"United Nations, World Population Prospects 2024"
China,156,Asia,Eastern Asia,2023,both,51,0.00359123,0.003584793091752553,0.9964152069082475,95252.62520082177,341.460952791201,"United Nations, World Population Prospects 2024"
China,156,Asia,Eastern Asia,2023,both,52,0.00401972,0.004011657130799092,0.9959883428692009,94911.16424803057,380.7510488480557,"United Nations, World Population Prospects 2024"
China,156,Asia,Eastern Asia,2023,both,53,0.00439807,0.00438841971145981,0.9956115802885402,94530.41319918251,414.8391286157331,"United Nations, World Population Prospects 2024"
China,156,Asia,Eastern Asia,2023,both,54,0.00473454,0.004723358535040754,0.9952766414649592,94115.57407056678,444.5416000664719,"United Nations, World Population Prospects 2024"
China,156,Asia,Eastern Asia,2023,both,55,0.00506443,0.005051638166061327,0.9949483618339386,93671.03247050031,473.1921626823492,"United Nations, World Population Prospects 2024"
China,156,Asia,Eastern Asia,2023,both,56,0.00542924,0.0054145415771438546,0.9945854584228562,93197.84030781797,504.6235812466938,"United Nations, World Population Prospects 2024"
China,156,Asia,Eastern Asia,2023,both,57,0.0058929,0.005875587874108333,0.9941244121258916,92693.21672657126,544.6271402107378,"United Nations, World Population Prospects 2024"
China,156,Asia,Eastern Asia,2023,both,58,0.00651428,0.006493130963413826,0.9935068690365861,92148.58958636053,598.3328602781104,"United Nations, World Population Prospects 2024"
China,156,Asia,Eastern Asia,2023,both,59,0.00734983,0.0073229188955071176,0.9926770811044929,91550.25672608243,670.4151048679566,"United Nations, World Population Prospects 2024"
China,156,Asia,Eastern Asia,2023,both,60,0.00836059,0.008325785759418829,0.9916742142405812,90879.84162121447,756.646091188146,"United Nations, World Population Prospects 2024"
China,156,Asia,Eastern Asia,2023,both,61,0.00947952,0.009434801306161108,0.9905651986938389,90123.19553002632,850.2944429021053,"United Nations, World Population Prospects 2024"
China,156,Asia,Eastern Asia,2023,both,62,0.01071803,0.010660898087237025,0.989339101912763,89272.9010871242,951.7293004418226,"United Nations, World Population Prospects 2024"
China,156,Asia,Eastern Asia,2023,both,63,0.01197674,0.011905445785620762,0.9880945542143792,88321.17178668239,1051.502922428845,"United Nations, World Population Prospects 2024"
China,156,Asia,Eastern Asia,2023,both,64,0.01314828,0.013062405914779413,0.9869375940852206,87269.66886425354,1139.9518387532662,"United Nations, World Population Prospects 2024"
China,156,Asia,Eastern Asia,2023,both,65,0.01430202,0.014200472280715878,0.9857995277192841,86129.71702550029,1223.0826591665193,"United Nations, World Population Prospects 2024"
China,156,Asia,Eastern Asia,2023,both,66,0.01552055,0.015401033742871039,0.984598966257129,84906.63436633376,1307.64994086952,"United Nations, World Population Prospects 2024"
China,156,Asia,Eastern Asia,2023,both,67,0.0168154,0.016675199921619005,0.983324800078381,83598.98442546424,1394.0297785389296,"United Nations, World Population Prospects 2024"
China,156,Asia,Eastern Asia,2023,both,68,0.01831587,0.018149656624361778,0.9818503433756383,82204.95464692531,1491.9916996629274,"United Nations, World Population Prospects 2024"
China,156,Asia,Eastern Asia,2023,both,69,0.0202189,0.020016543751768683,0.9799834562482314,80712.9629472624,1615.5945541687622,"United Nations, World Population Prospects 2024"
China,156,Asia,Eastern Asia,2023,both,70,0.02228973,0.022044052016226185,0.9779559479837738,79097.36839309362,1743.6265032039607,"United Nations, World Population Prospects 2024"
China,156,Asia,Eastern Asia,2023,both,71,0.02455986,0.02426192525618877,0.9757380747438112,77353.74188988967,1876.7507040190214,"United Nations, World Population Prospects 2024"
China,156,Asia,Eastern Asia,2023,both,72,0.02706122,0.026699953344280346,0.9733000466557197,75476.99118587065,2015.2321432294052,"United Nations, World Population Prospects 2024"
China,156,Asia,Eastern Asia,2023,both,73,0.02976162,0.02932523672410359,0.9706747632758964,73461.75904264125,2154.2834740945123,"United Nations, World Population Prospects 2024"
China,156,Asia,Eastern Asia,2023,both,74,0.03533261,0.03471924915505579,0.9652807508449442,71307.47556854672,2475.742010882427,"United Nations, World Population Prospects 2024"
China,156,Asia,Eastern Asia,2023,both,75,0.03836726,0.037645090512295615,0.9623549094877044,68831.73355766431,2591.176839896488,"United Nations, World Population Prospects 2024"
China,156,Asia,Eastern Asia,2023,both,76,0.0419661,0.04110362067225309,0.958896379327747,66240.55671776782,2722.7267164459945,"United Nations, World Population Prospects 2024"
China,156,Asia,Eastern Asia,2023,both,77,0.04631408,0.04526585674472806,0.954734143255272,63517.83000132183,2875.188993575824,"United Nations, World Population Prospects 2024"
China,156,Asia,Eastern Asia,2023,both,78,0.05184044,0.050530673817892,0.949469326182108,60642.64100774601,3064.313512217935,"United Nations, World Population Prospects 2024"
China,156,Asia,Eastern Asia,2023,both,79,0.05868975,0.05701660485753134,0.94298339514246865,57578.32749552807,3282.9207471700565,"United Nations, World Population Prospects 2024"
China,156,Asia,Eastern Asia,2023,both,80,0.06681881,0.06465860449566936,0.9353413955043306,54295.40674835801,3510.6652308735775,"United Nations, World Population Prospects 2024"
China,156,Asia,Eastern Asia,2023,both,81,0.07620391,0.0734069612651871,0.9265930387348129,50784.741517484435,3727.953553436519,"United Nations, World Population Prospects 2024"
China,156,Asia,Eastern Asia,2023,both,82,0.08665917,0.08306020575463696,0.916939794245363,47056.78796404792,3908.5464904461446,"United Nations, World Population Prospects 2024"
China,156,Asia,Eastern Asia,2023,both,83,0.09800921,0.09343067659841207,0.9065693234015879,43148.24147360177,4031.369394910278,"United Nations, World Population Prospects 2024"
China,156,Asia,Eastern Asia,2023,both,84,0.11023404,0.10447565332611165,0.8955243466738884,39116.87207869149,4086.760766495229,"United Nations, World Population Prospects 2024"
China,156,Asia,Eastern Asia,2023,both,85,0.12322557,0.1160739317961398,0.8839260682038602,35030.11131219626,4066.082751263054,"United Nations, World Population Prospects 2024"
China,156,Asia,Eastern Asia,2023,both,86,0.13695972,0.1281818451870492,0.8718181548129508,30964.02856093321,3969.0263153649103,"United Nations, World Population Prospects 2024"
China,156,Asia,Eastern Asia,2023,both,87,0.15180994,0.1410997664598575,0.8589002335401426,26995.0022455683,3808.988512433016,"United Nations, World Population Prospects 2024"
China,156,Asia,Eastern Asia,2023,both,88,0.16862563,0.15551382190387558,0.8444861780961244,23186.01373313528,3605.7456103556137,"United Nations, World Population Prospects 2024"
China,156,Asia,Eastern Asia,2023,both,89,0.18814879,0.17197074610269075,0.8280292538973093,19580.268122779667,3367.2333179651514,"United Nations, World Population Prospects 2024"
China,156,Asia,Eastern Asia,2023,both,90,0.21056381,0.19050688249528522,0.8094931175047148,16213.034804814519,3088.694716452769,"United Nations, World Population Prospects 2024"
China,156,Asia,Eastern Asia,2023,both,91,0.23656531,0.21154339552910262,0.7884566044708974,13124.340088361749,2776.367466370767,"United Nations, World Population Prospects 2024"
China,156,Asia,Eastern Asia,2023,both,92,0.26696619,0.2355272797429767,0.7644727202570233,10347.972621990983,2437.229842512334,"United Nations, World Population Prospects 2024"
China,156,Asia,Eastern Asia,2023,both,93,0.30220674,0.26253657827446025,0.7374634217255398,7910.742779478648,2076.8593409337172,"United Nations, World Population Prospects 2024"
China,156,Asia,Eastern Asia,2023,both,94,0.34195926,0.29202835919528336,0.7079716408047166,5833.883438544931,1703.6594082948138,"United Nations, World Population Prospects 2024"
China,156,Asia,Eastern Asia,2023,both,95,0.37094451,0.312908639097589,0.687091360902411,4130.224030250117,1292.3827804737232,"United Nations, World Population Prospects 2024"
China,156,Asia,Eastern Asia,2023,both,96,0.40835796,0.3391173295517914,0.6608826704482086,2837.8412497763934,962.3611463160888,"United Nations, World Population Prospects 2024"
China,156,Asia,Eastern Asia,2023,both,97,0.44606752,0.36472216433338683,0.6352778356666131,1875.4801034603047,684.0291624982466,"United Nations, World Population Prospects 2024"
China,156,Asia,Eastern Asia,2023,both,98,0.48353092,0.3893898933217228,0.6106101066782772,1191.450940962058,463.938954799282,"United Nations, World Population Prospects 2024"
China,156,Asia,Eastern Asia,2023,both,99,0.52028036,0.41287498665426253,0.5871250133457375,727.511986162776,300.37150157777216,"United Nations, World Population Prospects 2024"
China,156,Asia,Eastern Asia,2023,both,100,0.59062382,1,0,427.1404845850039,427.1404845850039,"United Nations, World Population Prospects 2024"
China,156,Asia,Eastern Asia,2023,female,0,0.00472819,0.004717038472931336,0.9952829615270686,100000,471.7038472931336,"United Nations, World Population Prospects 2024"
China,156,Asia,Eastern Asia,2023,female,1,6.0241e-4,6.022286057328102e-4,0.9993977713942672,99528.29615270687,59.938787023006874,"United Nations, World Population Prospects 2024"
China,156,Asia,Eastern Asia,2023,female,2,5.061e-4,5.059719637945618e-4,0.9994940280362055,99468.35736568386,50.328200111734326,"United Nations, World Population Prospects 2024"
China,156,Asia,Eastern Asia,2023,female,3,4.3426e-4,4.3416572959513304e-4,0.9995658342704049,99418.02916557214,43.16390116758084,"United Nations, World Population Prospects 2024"
China,156,Asia,Eastern Asia,2023,female,4,3.5153e-4,3.514682241875757e-4,0.9996485317758125,99374.86526440455,34.927107423359864,"United Nations, World Population Prospects 2024"
China,156,Asia,Eastern Asia,2023,female,5,2.7951e-4,2.7947094253842554e-4,0.9997205290574616,99339.9381569812,27.76262614844044,"United Nations, World Population Prospects 2024"
China,156,Asia,Eastern Asia,2023,female,6,2.3214e-4,2.3211305863728398e-4,0.9997678869413628,99312.17553083276,23.051652822384423,"United Nations, World Population Prospects 2024"
China,156,Asia,Eastern Asia,2023,female,7,2.1826e-4,2.1823618388525258e-4,0.9997817638161147,99289.12387801037,21.668479496447095,"United Nations, World Population Prospects 2024"
China,156,Asia,Eastern Asia,2023,female,8,2.2402e-4,2.2399491033009392e-4,0.9997760050896699,99267.45539851392,22.235404770686724,"United Nations, World Population Prospects 2024"
China,156,Asia,Eastern Asia,2023,female,9,2.2356e-4,2.2353501325621825e-4,0.9997764649867438,99245.21999374325,22.184781566917692,"United Nations, World Population Prospects 2024"
China,156,Asia,Eastern Asia,2023,female,10,2.0774e-4,2.077184242872693e-4,0.9997922815757128,99223.03521217631,20.6104525272735,"United Nations, World Population Prospects 2024"
China,156,Asia,Eastern Asia,2023,female,11,1.9698e-4,1.96960601350373e-4,0.9998030393986497,99202.42475964905,19.53896923607561,"United Nations, World Population Prospects 2024"
China,156,Asia,Eastern Asia,2023,female,12,1.9024e-4,1.9022190609229253e-4,0.9998097780939077,99182.88579041298,18.866757586786512,"United Nations, World Population Prospects 2024"
China,156,Asia,Eastern Asia,2023,female,13,1.8837e-4,1.8835226004238788e-4,0.9998116477399576,99164.0190328262,18.67776709971918,"United Nations, World Population Prospects 2024"
China,156,Asia,Eastern Asia,2023,female,14,1.9098e-4,1.909617650610543e-4,0.9998090382349389,99145.34126572646,18.932969365683707,"United Nations, World Population Prospects 2024"
China,156,Asia,Eastern Asia,2023,female,15,1.9871e-4,1.9869025912930423e-4,0.9998013097408707,99126.40829636078,19.695451750961137,"United Nations, World Population Prospects 2024"
China,156,Asia,Eastern Asia,2023,female,16,2.1289e-4,2.1286734133585153e-4,0.9997871326586641,99106.71284460982,21.09658247176778,"United Nations, World Population Prospects 2024"
China,156,Asia,Eastern Asia,2023,female,17,2.3297e-4,2.3294286565029473e-4,0.9997670571343497,99085.61626213805,23.081287396827882,"United Nations, World Population Prospects 2024"
China,156,Asia,Eastern Asia,2023,female,18,2.5974e-4,2.5970627194646227e-4,0.9997402937280535,99062.53497474121,25.72716164785607,"United Nations, World Population Prospects 2024"
China,156,Asia,Eastern Asia,2023,female,19,2.925e-4,2.9245722813038593e-4,0.9997075427718696,99036.80781309336,28.964030295899033,"United Nations, World Population Prospects 2024"
China,156,Asia,Eastern Asia,2023,female,20,3.3098e-4,3.309252351828295e-4,0.9996690747648171,99007.84378279746,32.76419398876709,"United Nations, World Population Prospects 2024"
China,156,Asia,Eastern Asia,2023,female,21,3.7143e-4,3.713610326858148e-4,0.9996286389673141,98975.07958880869,36.7554877662607,"United Nations, World Population Prospects 2024"
China,156,Asia,Eastern Asia,2023,female,22,4.1033e-4,4.102458319138954e-4,0.9995897541680862,98938.32410104242,40.589035078998755,"United Nations, World Population Prospects 2024"
China,156,Asia,Eastern Asia,2023,female,23,4.4198e-4,4.4188234841982267e-4,0.9995581176515802,98897.73506596342,43.70116342434936,"United Nations, World Population Prospects 2024"
China,156,Asia,Eastern Asia,2023,female,24,4.6635e-4,4.6624128418855935e-4,0.9995337587158114,98854.03390253907,46.0898317139392,"United Nations, World Population Prospects 2024"
China,156,Asia,Eastern Asia,2023,female,25,4.8688e-4,4.867615027797633e-4,0.9995132384972203,98807.94407082513,48.09590334249364,"United Nations, World Population Prospects 2024"
China,156,Asia,Eastern Asia,2023,female,26,5.0468e-4,5.045526811764319e-4,0.9994954473188236,98759.84816748265,49.829546185480694,"United Nations, World Population Prospects 2024"
China,156,Asia,Eastern Asia,2023,female,27,5.2334e-4,5.232030934465378e-4,0.9994767969065534,98710.01862129717,51.64538709682803,"United Nations, World Population Prospects 2024"
China,156,Asia,Eastern Asia,2023,female,28,5.4427e-4,5.441219253798368e-4,0.9994558780746201,98658.373234200335,53.682183999035644,"United Nations, World Population Prospects 2024"
China,156,Asia,Eastern Asia,2023,female,29,5.6434e-4,5.641808051022243e-4,0.9994358191948978,98604.6910502013,55.630873983558665,"United Nations, World Population Prospects 2024"
China,156,Asia,Eastern Asia,2023,female,30,5.9088e-4,5.907054819724062e-4,0.9994092945180276,98549.06017621774,58.21347008932036,"United Nations, World Population Prospects 2024"
China,156,Asia,Eastern Asia,2023,female,31,6.1232e-4,6.121325894864028e-4,0.9993878674105136,98490.84670612842,60.28945703493073,"United Nations, World Population Prospects 2024"
China,156,Asia,Eastern Asia,2023,female,32,6.3389e-4,6.336891553906447e-4,0.9993663108446094,98430.55724909349,62.37437668780855,"United Nations, World Population Prospects 2024"
China,156,Asia,Eastern Asia,2023,female,33,6.4473e-4,6.445222285917801e-4,0.9993554777714082,98368.18287240567,63.400480447446675,"United Nations, World Population Prospects 2024"
China,156,Asia,Eastern Asia,2023,female,34,6.6621e-4,6.659881560152906e-4,0.9993340118439847,98304.78239195823,65.46982075270466,"United Nations, World Population Prospects 2024"
China,156,Asia,Eastern Asia,2023,female,35,6.8748e-4,6.872437668275907e-4,0.9993127562331724,98239.31257120553,67.51435522198838,"United Nations, World Population Prospects 2024"
China,156,Asia,Eastern Asia,2023,female,36,7.1106e-4,7.108072866853647e-4,0.9992891927133146,98171.79821598354,69.78122951892638,"United Nations, World Population Prospects 2024"
China,156,Asia,Eastern Asia,2023,female,37,7.3915e-4,7.388769295587585e-4,0.9992611230704412,98102.01698646462,72.48531709448015,"United Nations, World Population Prospects 2024"
China,156,Asia,Eastern Asia,2023,female,38,7.7466e-4,7.743600671152044e-4,0.9992256399328848,98029.53166937013,75.91015472276551,"United Nations, World Population Prospects 2024"
China,156,Asia,Eastern Asia,2023,female,39,8.1761e-4,8.172758935283462e-4,0.9991827241064717,97953.62151464736,80.05513354772084,"United Nations, World Population Prospects 2024"
China,156,Asia,Eastern Asia,2023,female,40,8.7102e-4,8.706408272133404e-4,0.9991293591727867,97873.56638109965,85.21272279636038,"United Nations, World Population Prospects 2024"
China,156,Asia,Eastern Asia,2023,female,41,9.3105e-4,9.306167746259921e-4,0.999069383225374,97788.35365830328,91.00348227747604,"United Nations, World Population Prospects 2024"
China,156,Asia,Eastern Asia,2023,female,42,9.9825e-4,9.977519970344802e-4,0.9990022480029656,97697.35017602581,97.47772624310667,"United Nations, World Population Prospects 2024"
China,156,Asia,Eastern Asia,2023,female,43,0.00106853,0.0010679594266569173,0.9989320405733431,97599.8724497827,104.2327038232582,"United Nations, World Population Prospects 2024"
China,156,Asia,Eastern Asia,2023,female,44,0.00114315,0.0011424969772902054,0.9988575030227098,97495.63974595944,111.38847370873347,"United Nations, World Population Prospects 2024"
China,156,Asia,Eastern Asia,2023,female,45,0.001225,0.0012242501467850941,0.9987757498532149,97384.25127225071,119.22268391460942,"United Nations, World Population Prospects 2024"
China,156,Asia,Eastern Asia,2023,female,46,0.001321,0.0013201280554193955,0.9986798719445806,97265.0285883361,128.40229305063204,"United Nations, World Population Prospects 2024"
China,156,Asia,Eastern Asia,2023,female,47,0.00143966,0.0014386244349729733,0.998561375565027,97136.62629528547,139.74312411923592,"United Nations, World Population Prospects 2024"
China,156,Asia,Eastern Asia,2023,female,48,0.0015985,0.0015972234191822187,0.9984027765808178,96996.88317116624,154.92569338866835,"United Nations, World Population Prospects 2024"
China,156,Asia,Eastern Asia,2023,female,49,0.00180095,0.0017993297485446793,0.9982006702514553,96841.95747777757,174.25061499706405,"United Nations, World Population Prospects 2024"
China,156,Asia,Eastern Asia,2023,female,50,0.00203823,0.0020361549239746534,0.9979638450760253,96667.7068627805,196.8304273179889,"United Nations, World Population Prospects 2024"
China,156,Asia,Eastern Asia,2023,female,51,0.00227255,0.002269970689055294,0.9977300293109447,96470.87643546252,218.98606185597495,"United Nations, World Population Prospects 2024"
China,156,Asia,Eastern Asia,2023,female,52,0.00250664,0.002503502310484224,0.9974964976895158,96251.89037360653,240.96682993879818,"United Nations, World Population Prospects 2024"
China,156,Asia,Eastern Asia,2023,female,53,0.00273592,0.0027321824836496664,0.9972678175163503,96010.92354366774,262.31936354503637,"United Nations, World Population Prospects 2024"
China,156,Asia,Eastern Asia,2023,female,54,0.00295136,0.0029470111545794103,0.9970529888454206,95748.6041801227,282.17220455423035,"United Nations, World Population Prospects 2024"
China,156,Asia,Eastern Asia,2023,female,55,0.00317316,0.0031681335027472115,0.9968318664972527,95466.43197556847,302.4504015295361,"United Nations, World Population Prospects 2024"
China,156,Asia,Eastern Asia,2023,female,56,0.00342973,0.003423858544816543,0.9965761414551835,95163.98157403893,325.82801147103726,"United Nations, World Population Prospects 2024"
China,156,Asia,Eastern Asia,2023,female,57,0.00374534,0.0037383393240979414,0.996261660675902,94838.1535625679,354.5371988877868,"United Nations, World Population Prospects 2024"
China,156,Asia,Eastern Asia,2023,female,58,0.00416894,0.004160268046066017,0.9958397319539339,94483.6163636801,393.0771700345786,"United Nations, World Population Prospects 2024"
China,156,Asia,Eastern Asia,2023,female,59,0.00471935,0.004708240083580777,0.9952917599164193,94090.53919364551,443.0008481172499,"United Nations, World Population Prospects 2024"
China,156,Asia,Eastern Asia,2023,female,60,0.00539066,0.005376169449198492,0.9946238305508015,93647.53834552827,503.4650346458734,"United Nations, World Population Prospects 2024"
China,156,Asia,Eastern Asia,2023,female,61,0.00614421,0.006125392152142442,0.9938746078478575,93144.0733108824,570.5439756770594,"United Nations, World Population Prospects 2024"
China,156,Asia,Eastern Asia,2023,female,62,0.00696341,0.006939249580040923,0.9930607504199591,92573.52933520534,642.3908245622297,"United Nations, World Population Prospects 2024"
China,156,Asia,Eastern Asia,2023,female,63,0.00781669,0.007786258615073072,0.9922137413849269,91931.13851064311,715.7996192219708,"United Nations, World Population Prospects 2024"
China,156,Asia,Eastern Asia,2023,female,64,0.00864975,0.00861250200538944,0.9913874979946106,91215.33889142114,785.592289124642,"United Nations, World Population Prospects 2024"
China,156,Asia,Eastern Asia,2023,female,65,0.00949008,0.009445261854689026,0.9905547381453109,90429.7466022965,854.1326361118656,"United Nations, World Population Prospects 2024"
China,156,Asia,Eastern Asia,2023,female,66,0.01036522,0.01031177807582644,0.9896882219241736,89575.61396618462,923.6838522251952,"United Nations, World Population Prospects 2024"
China,156,Asia,Eastern Asia,2023,female,67,0.01130766,0.011244087838854052,0.988755912161146,88651.93011395943,996.8100892853106,"United Nations, World Population Prospects 2024"
China,156,Asia,Eastern Asia,2023,female,68,0.01242553,0.012348809747012105,0.9876511902529879,87655.12002467412,1082.4364005362117,"United Nations, World Population Prospects 2024"
China,156,Asia,Eastern Asia,2023,female,69,0.01375325,0.01365931997875112,0.9863406800212489,86572.68362413792,1182.523987041287,"United Nations, World Population Prospects 2024"
China,156,Asia,Eastern Asia,2023,female,70,0.0152003,0.015085646821311013,0.984914353178689,85390.15963709663,1288.1657903006067,"United Nations, World Population Prospects 2024"
China,156,Asia,Eastern Asia,2023,female,71,0.01689245,0.016750967559028742,0.9832490324409713,84101.99384679602,1408.789770577315,"United Nations, World Population Prospects 2024"
China,156,Asia,Eastern Asia,2023,female,72,0.01877356,0.018598975508674682,0.9814010244913253,82693.20407621871,1538.0088773474292,"United Nations, World Population Prospects 2024"
China,156,Asia,Eastern Asia,2023,female,73,0.02088093,0.020665175953736174,0.9793348240462638,81155.19519887128,1677.0863883444802,"United Nations, World Population Prospects 2024"
China,156,Asia,Eastern Asia,2023,female,74,0.02573541,0.025408461414020506,0.9745915385859795,79478.1088105268,2019.4164609715933,"United Nations, World Population Prospects 2024"
China,156,Asia,Eastern Asia,2023,female,75,0.02846149,0.028062144773574178,0.9719378552264258,77458.6923495552,2173.6570386849608,"United Nations, World Population Prospects 2024"
China,156,Asia,Eastern Asia,2023,female,76,0.03158344,0.031092436941699032,0.968907563058301,75285.03531087024,2340.795213056818,"United Nations, World Population Prospects 2024"
China,156,Asia,Eastern Asia,2023,female,77,0.03533659,0.03472309216432846,0.9652769078356715,72944.24009781342,2532.849571773279,"United Nations, World Population Prospects 2024"
China,156,Asia,Eastern Asia,2023,female,78,0.03995277,0.03917028922194115,0.9608297107780589,70411.39052604014,2758.034531424039,"United Nations, World Population Prospects 2024"
China,156,Asia,Eastern Asia,2023,female,79,0.04562767,0.04460994605142392,0.9553900539485761,67653.35599461611,3018.0125611176018,"United Nations, World Population Prospects 2024"
China,156,Asia,Eastern Asia,2023,female,80,0.0524648,0.0511237025843269,0.9488762974156731,64635.34343349851,3304.3980741300043,"United Nations, World Population Prospects 2024"
China,156,Asia,Eastern Asia,2023,female,81,0.0604602,0.058686112937294296,0.9413138870627057,61330.9453593685,3599.2747859109254,"United Nations, World Population Prospects 2024"
China,156,Asia,Eastern Asia,2023,female,82,0.06947965,0.06714697581104506,0.932853024188955,57731.67057345758,3876.507087527178,"United Nations, World Population Prospects 2024"
China,156,Asia,Eastern Asia,2023,female,83,0.07940574,0.07637349313078265,0.9236265068692173,53855.1634859304,4113.106958549883,"United Nations, World Population Prospects 2024"
China,156,Asia,Eastern Asia,2023,female,84,0.09010826,0.08622353370346471,0.9137764662965353,49742.056527380526,4288.935887468241,"United Nations, World Population Prospects 2024"
China,156,Asia,Eastern Asia,2023,female,85,0.10153774,0.09663185016130141,0.9033681498386986,45453.12063991228,4392.21914303956,"United Nations, World Population Prospects 2024"
China,156,Asia,Eastern Asia,2023,female,86,0.11381681,0.10768843303881193,0.8923115669611881,41060.90149687272,4421.7841413592305,"United Nations, World Population Prospects 2024"
China,156,Asia,Eastern Asia,2023,female,87,0.1272103,0.11960293723662396,0.880397062763376,36639.11735551349,4382.146053476779,"United Nations, World Population Prospects 2024"
China,156,Asia,Eastern Asia,2023,female,88,0.14218713,0.13274949513864365,0.8672505048613564,32256.971302036713,4282.09665504709,"United Nations, World Population Prospects 2024"
China,156,Asia,Eastern Asia,2023,female,89,0.159419,0.1476499002741015,0.8523500997258985,27974.87464698962,4130.487451808508,"United Nations, World Population Prospects 2024"
China,156,Asia,Eastern Asia,2023,female,90,0.17975471,0.16493113576068383,0.8350688642393161,23844.387195181112,3932.681861618727,"United Nations, World Population Prospects 2024"
China,156,Asia,Eastern Asia,2023,female,91,0.20415516,0.18524572471567746,0.8147542752843225,19911.705333562386,3688.5582848407844,"United Nations, World Population Prospects 2024"
China,156,Asia,Eastern Asia,2023,female,92,0.23362451,0.20918870558059915,0.7908112944194008,16223.147048721601,3393.6991315657892,"United Nations, World Population Prospects 2024"
China,156,Asia,Eastern Asia,2023,female,93,0.26868088,0.23686088455067336,0.7631391154493267,12829.447917155812,3038.7943819543198,"United Nations, World Population Prospects 2024"
China,156,Asia,Eastern Asia,2023,female,94,0.30846211,0.26724468091876113,0.7327553190812388,9790.653535201493,2616.5000800010635,"United Nations, World Population Prospects 2024"
China,156,Asia,Eastern Asia,2023,female,95,0.33199936,0.2847336630486897,0.7152663369513104,7174.153455200429,2042.7229925726317,"United Nations, World Population Prospects 2024"
China,156,Asia,Eastern Asia,2023,female,96,0.36737091,0.3103619364825261,0.6896380635174739,5131.430462627797,1592.6006953065878,"United Nations, World Population Prospects 2024"
China,156,Asia,Eastern Asia,2023,female,97,0.40448586,0.3364427021417377,0.6635572978582622,3538.829767321209,1190.6134493371646,"United Nations, World Population Prospects 2024"
China,156,Asia,Eastern Asia,2023,female,98,0.44304926,0.3627018638175147,0.6372981361824853,2348.2163179840445,851.7024351795146,"United Nations, World Population Prospects 2024"
China,156,Asia,Eastern Asia,2023,female,99,0.48269262,0.38884605859907057,0.6111539414009295,1496.5138828045299,581.9135249673328,"United Nations, World Population Prospects 2024"
China,156,Asia,Eastern Asia,2023,female,100,0.56767274,1,0,914.600357837197,914.600357837197,"United Nations, World Population Prospects 2024"
China,156,Asia,Eastern Asia,2023,male,0,0.00548161,0.005466627041272146,0.9945333729587279,100000,546.6627041272146,"United Nations, World Population Prospects 2024"
China,156,Asia,Eastern Asia,2023,male,1,6.8902e-4,6.887827074694498e-4,0.9993112172925306,99453.33729587279,68.50173892952367,"United Nations, World Population Prospects 2024"
China,156,Asia,Eastern Asia,2023,male,2,6.165e-4,6.163100224355842e-4,0.9993836899775644,99384.83555694328,61.25187023185656,"United Nations, World Population Prospects 2024"
China,156,Asia,Eastern Asia,2023,male,3,5.4272e-4,5.425727674538238e-4,0.9994574272325462,99323.58368671141,53.89027167433047,"United Nations, World Population Prospects 2024"
China,156,Asia,Eastern Asia,2023,male,4,4.4138e-4,4.4128261334006204e-4,0.9995587173866599,99269.69341503708,43.80598973565431,"United Nations, World Population Prospects 2024"
China,156,Asia,Eastern Asia,2023,male,5,3.4379e-4,3.437309143744736e-4,0.9996562690856255,99225.88742530142,34.10700501431744,"United Nations, World Population Prospects 2024"
China,156,Asia,Eastern Asia,2023,male,6,2.7526e-4,2.7522212117946207e-4,0.9997247778788205,99191.78042028712,27.299772210838853,"United Nations, World Population Prospects 2024"
China,156,Asia,Eastern Asia,2023,male,7,2.5686e-4,2.5682701570637283e-4,0.9997431729842936,99164.48064807626,25.46811762891779,"United Nations, World Population Prospects 2024"
China,156,Asia,Eastern Asia,2023,male,8,2.7187e-4,2.718330483745692e-4,0.9997281669516255,99139.01253044735,26.949259988996115,"United Nations, World Population Prospects 2024"
China,156,Asia,Eastern Asia,2023,male,9,2.8317e-4,2.8312991305126065e-4,0.9997168700869488,99112.06327045835,28.061589856095917,"United Nations, World Population Prospects 2024"
China,156,Asia,Eastern Asia,2023,male,10,2.8129e-4,2.812504435313695e-4,0.9997187495564687,99084.00168060226,27.867419419532347,"United Nations, World Population Prospects 2024"
China,156,Asia,Eastern Asia,2023,male,11,2.8352e-4,2.8347981390158133e-4,0.9997165201860985,99056.13426118274,28.08041450617014,"United Nations, World Population Prospects 2024"
China,156,Asia,Eastern Asia,2023,male,12,2.8998e-4,2.899379618949049e-4,0.9997100620381051,99028.05384667657,28.711992102724302,"United Nations, World Population Prospects 2024"
China,156,Asia,Eastern Asia,2023,male,13,3.0551e-4,3.0546333894765907e-4,0.9996945366610523,98999.34185457384,30.24066951651886,"United Nations, World Population Prospects 2024"
China,156,Asia,Eastern Asia,2023,male,14,3.243e-4,3.2424742328031515e-4,0.9996757525767197,98969.10118505733,32.090476043623624,"United Nations, World Population Prospects 2024"
China,156,Asia,Eastern Asia,2023,male,15,3.4944e-4,3.493789565087188e-4,0.9996506210434912,98937.0107090137,34.56650956160715,"United Nations, World Population Prospects 2024"
China,156,Asia,Eastern Asia,2023,male,16,0.00037936000000000003,3.7928805664141625e-4,0.9996207119433586,98902.44419945209,37.5125158574963,"United Nations, World Population Prospects 2024"
China,156,Asia,Eastern Asia,2023,male,17,4.0681e-4,4.06727269639719e-4,0.9995932727303602,98864.9316835946,40.211063726785774,"United Nations, World Population Prospects 2024"
China,156,Asia,Eastern Asia,2023,male,18,4.3859e-4,4.3849384049324903e-4,0.9995615061595068,98824.7206198678,43.33403128027821,"United Nations, World Population Prospects 2024"
China,156,Asia,Eastern Asia,2023,male,19,4.7837e-4,4.782556084322971e-4,0.9995217443915677,98781.38658858753,47.24275214471088,"United Nations, World Population Prospects 2024"
China,156,Asia,Eastern Asia,2023,male,20,5.2591e-4,5.25771745690612e-4,0.9994742282543094,98734.14383644282,51.91162316415452,"United Nations, World Population Prospects 2024"
China,156,Asia,Eastern Asia,2023,male,21,5.7973e-4,5.795620052593454e-4,0.9994204379947407,98682.23221327866,57.19247238499616,"United Nations, World Population Prospects 2024"
China,156,Asia,Eastern Asia,2023,male,22,6.3667e-4,6.364673901533555e-4,0.9993635326098467,98625.03974089367,62.77162164765757,"United Nations, World Population Prospects 2024"
China,156,Asia,Eastern Asia,2023,male,23,6.8925e-4,6.890125490502835e-4,0.9993109874509497,98562.26811924601,67.91063959701918,"United Nations, World Population Prospects 2024"
China,156,Asia,Eastern Asia,2023,male,24,7.3666e-4,7.363887659258465e-4,0.9992636112340741,98494.357479649,72.5301383550979,"United Nations, World Population Prospects 2024"
China,156,Asia,Eastern Asia,2023,male,25,7.7637e-4,7.760687417554816e-4,0.9992239312582445,98421.8273412939,76.3821037060332,"United Nations, World Population Prospects 2024"
China,156,Asia,Eastern Asia,2023,male,26,8.138e-4,8.134689994641182e-4,0.9991865310005359,98345.44523758788,80.00097093927383,"United Nations, World Population Prospects 2024"
China,156,Asia,Eastern Asia,2023,male,27,8.515e-4,8.511376281548132e-4,0.9991488623718452,98265.4442666486,83.63741716269428,"United Nations, World Population Prospects 2024"
China,156,Asia,Eastern Asia,2023,male,28,8.9339e-4,8.92991105338201e-4,0.9991070088946618,98181.8068494859,87.67548022262417,"United Nations, World Population Prospects 2024"
China,156,Asia,Eastern Asia,2023,male,29,9.4196e-4,9.415165645284384e-4,0.9990584834354715,98094.13136926327,92.35724956719008,"United Nations, World Population Prospects 2024"
China,156,Asia,Eastern Asia,2023,male,30,9.9949e-4,9.989907593629622e-4,0.9990010092406371,98001.77411969609,97.9028667467527,"United Nations, World Population Prospects 2024"
China,156,Asia,Eastern Asia,2023,male,31,0.00104856,0.0010480105490293548,0.9989519894509706,97903.87125294932,102.60428986390268,"United Nations, World Population Prospects 2024"
China,156,Asia,Eastern Asia,2023,male,32,0.00107781,0.001077229475649425,0.9989227705243505,97801.26696308542,105.35440752849395,"United Nations, World Population Prospects 2024"
China,156,Asia,Eastern Asia,2023,male,33,0.0010865,0.0010859100793493934,0.9989140899206506,97695.91255555693,106.08897615531623,"United Nations, World Population Prospects 2024"
China,156,Asia,Eastern Asia,2023,male,34,0.0010999,0.001099295442471413,0.9989007045575286,97589.823579401607,107.28004829242542,"United Nations, World Population Prospects 2024"
China,156,Asia,Eastern Asia,2023,male,35,0.00111774,0.0011171156775612813,0.9988828843224388,97482.54353110917,108.89927766715212,"United Nations, World Population Prospects 2024"
China,156,Asia,Eastern Asia,2023,male,36,0.00115087,0.0011502081299847222,0.9988497918700153,97373.64425344202,111.99995726654913,"United Nations, World Population Prospects 2024"
China,156,Asia,Eastern Asia,2023,male,37,0.00120817,0.0012074406032431897,0.9987925593967568,97261.64429617548,117.43765846139867,"United Nations, World Population Prospects 2024"
China,156,Asia,Eastern Asia,2023,male,38,0.00130283,0.0013019818694804922,0.9986980181305195,97144.20663771409,126.47999576737023,"United Nations, World Population Prospects 2024"
China,156,Asia,Eastern Asia,2023,male,39,0.00143684,0.0014358084864671522,0.9985641915135328,97017.7266419467,139.2988752502574,"United Nations, World Population Prospects 2024"
China,156,Asia,Eastern Asia,2023,male,40,0.00160036,0.0015990804478072738,0.9984009195521927,96878.42776669645,154.91639965603358,"United Nations, World Population Prospects 2024"
China,156,Asia,Eastern Asia,2023,male,41,0.00177669,0.001775113087164583,0.9982248869128354,96723.51136704041,171.69517086414575,"United Nations, World Population Prospects 2024"
China,156,Asia,Eastern Asia,2023,male,42,0.00195223,0.0019503262572853697,0.9980496737427146,96551.81619617627,188.3075423159934,"United Nations, World Population Prospects 2024"
China,156,Asia,Eastern Asia,2023,male,43,0.00211389,0.0021116580935363273,0.9978883419064637,96363.50865386028,203.48678297048198,"United Nations, World Population Prospects 2024"
China,156,Asia,Eastern Asia,2023,male,44,0.00226687,0.002264303559095496,0.9977356964409045,96160.02187088979,217.7354797649565,"United Nations, World Population Prospects 2024"
China,156,Asia,Eastern Asia,2023,male,45,0.00242495,0.0024220133693400093,0.99757798663066,95942.28639112484,232.3735003243524,"United Nations, World Population Prospects 2024"
China,156,Asia,Eastern Asia,2023,male,46,0.00261112,0.0026077154709896948,0.9973922845290103,95709.9128908005,249.58422057241646,"United Nations, World Population Prospects 2024"
China,156,Asia,Eastern Asia,2023,male,47,0.00285913,0.002855048522558848,0.9971449514774412,95460.32867022806,272.54387033291664,"United Nations, World Population Prospects 2024"
China,156,Asia,Eastern Asia,2023,male,48,0.00320575,0.003200619806527612,0.9967993801934724,95187.78479989516,304.65990937003244,"United Nations, World Population Prospects 2024"
China,156,Asia,Eastern Asia,2023,male,49,0.00368379,0.0036770173201830414,0.996322982679817,94883.12489052511,348.88689361555146,"United Nations, World Population Prospects 2024"
China,156,Asia,Eastern Asia,2023,male,50,0.00428562,0.004276456366533229,0.9957235436334668,94534.23799690958,404.2715439372514,"United Nations, World Population Prospects 2024"
China,156,Asia,Eastern Asia,2023,male,51,0.00488439,0.004872490428238608,0.9951275095717614,94129.96645297232,458.64736055252894,"United Nations, World Population Prospects 2024"
China,156,Asia,Eastern Asia,2023,male,52,0.00551098,0.005495836278094075,0.994504163721906,93671.3190924198,514.8022336850469,"United Nations, World Population Prospects 2024"
China,156,Asia,Eastern Asia,2023,male,53,0.00604489,0.006026674707164703,0.9939733252928353,93156.51685873476,561.424023960099,"United Nations, World Population Prospects 2024"
China,156,Asia,Eastern Asia,2023,male,54,0.00651033,0.006489206561921862,0.9935107934380781,92595.09283477467,600.8686840251838,"United Nations, World Population Prospects 2024"
China,156,Asia,Eastern Asia,2023,male,55,0.00695654,0.006932427146628696,0.9930675728533713,91994.22415074948,637.7432568357009,"United Nations, World Population Prospects 2024"
China,156,Asia,Eastern Asia,2023,male,56,0.00743821,0.007410649018183229,0.9925893509818168,91356.48089391379,677.0108154411572,"United Nations, World Population Prospects 2024"
China,156,Asia,Eastern Asia,2023,male,57,0.0080598,0.0080274501785255609,0.9919725498214744,90679.47007847263,727.9249282700383,"United Nations, World Population Prospects 2024"
China,156,Asia,Eastern Asia,2023,male,58,0.00889148,0.008852125750466124,0.9911478742495339,89951.54515020258,796.2623891183244,"United Nations, World Population Prospects 2024"
China,156,Asia,Eastern Asia,2023,male,59,0.01003043,0.009980376267238899,0.9900196237327611,89155.28276108427,889.8032681676987,"United Nations, World Population Prospects 2024"
China,156,Asia,Eastern Asia,2023,male,60,0.01140543,0.011340756895540448,0.9886592431044595,88265.47949291657,1000.9973451974776,"United Nations, World Population Prospects 2024"
China,156,Asia,Eastern Asia,2023,male,61,0.01292465,0.012841663000152539,0.9871583369998475,87264.48214771909,1120.6210716238359,"United Nations, World Population Prospects 2024"
China,156,Asia,Eastern Asia,2023,male,62,0.01463381,0.014527513563370608,0.9854724864366294,86143.86107609524,1251.456110184087,"United Nations, World Population Prospects 2024"
China,156,Asia,Eastern Asia,2023,male,63,0.01635165,0.01621904591890011,0.9837809540810999,84892.40496591116,1376.8738143079768,"United Nations, World Population Prospects 2024"
China,156,Asia,Eastern Asia,2023,male,64,0.01791658,0.017757503137220867,0.9822424968627791,83515.53115160318,1483.0273064312605,"United Nations, World Population Prospects 2024"
China,156,Asia,Eastern Asia,2023,male,65,0.01945574,0.01926830047783072,0.9807316995221693,82032.50384517192,1580.6269330375765,"United Nations, World Population Prospects 2024"
China,156,Asia,Eastern Asia,2023,male,66,0.02111473,0.02089414290696897,0.979105857093031,80451.87691213435,1680.9730133360126,"United Nations, World Population Prospects 2024"
China,156,Asia,Eastern Asia,2023,male,67,0.02287998,0.022621193769488984,0.977378806230511,78770.90389879832,1781.8918804925122,"United Nations, World Population Prospects 2024"
China,156,Asia,Eastern Asia,2023,male,68,0.02490081,0.024594597302768622,0.9754054026972314,76989.01201830582,1893.5137473282452,"United Nations, World Population Prospects 2024"
China,156,Asia,Eastern Asia,2023,male,69,0.0275698,0.027194920737130722,0.9728050792628693,75095.49827097758,2042.2161231945724,"United Nations, World Population Prospects 2024"
China,156,Asia,Eastern Asia,2023,male,70,0.03048823,0.030030442481313965,0.9699695575186861,73053.282147783,2193.822387610198,"United Nations, World Population Prospects 2024"
China,156,Asia,Eastern Asia,2023,male,71,0.03356705,0.03301297589376264,0.9669870241062374,70859.4597601728,2339.2816369076286,"United Nations, World Population Prospects 2024"
China,156,Asia,Eastern Asia,2023,male,72,0.03694953,0.03627927884889716,0.9637207211511029,68520.17812326518,2485.8626489100407,"United Nations, World Population Prospects 2024"
China,156,Asia,Eastern Asia,2023,male,73,0.04042153,0.03962076404869144,0.9603792359513086,66034.31547435514,2616.3300325262794,"United Nations, World Population Prospects 2024"
China,156,Asia,Eastern Asia,2023,male,74,0.04679515,0.04572528911845428,0.9542747108815457,63417.98544182886,2899.8057196375494,"United Nations, World Population Prospects 2024"
China,156,Asia,Eastern Asia,2023,male,75,0.05010154,0.04887713025180206,0.9511228697481979,60518.179722191315,2957.9549528835114,"United Nations, World Population Prospects 2024"
China,156,Asia,Eastern Asia,2023,male,76,0.05435454,0.05291641626766138,0.9470835837323386,57560.2247693078,3045.880814352845,"United Nations, World Population Prospects 2024"
China,156,Asia,Eastern Asia,2023,male,77,0.05979793,0.05806193814361197,0.9419380618563881,54514.34395495496,3165.208466652182,"United Nations, World Population Prospects 2024"
China,156,Asia,Eastern Asia,2023,male,78,0.06671946,0.06456557001693883,0.9354344299830611,51349.135488302774,3315.3862026792913,"United Nations, World Population Prospects 2024"
China,156,Asia,Eastern Asia,2023,male,79,0.07531008,0.07257718326121175,0.9274228167387882,48033.74928562348,3486.1542246257945,"United Nations, World Population Prospects 2024"
China,156,Asia,Eastern Asia,2023,male,80,0.08558854,0.08207615103216861,0.9179238489678314,44547.595060997686,3656.295140346335,"United Nations, World Population Prospects 2024"
China,156,Asia,Eastern Asia,2023,male,81,0.09739534,0.09287265795107565,0.9071273420489243,40891.299920651356,3797.6837107055003,"United Nations, World Population Prospects 2024"
China,156,Asia,Eastern Asia,2023,male,82,0.11044291,0.1046632528903613,0.8953367471096387,37093.61620994585,3882.338533999568,"United Nations, World Population Prospects 2024"
China,156,Asia,Eastern Asia,2023,male,83,0.12460071,0.11729329601890229,0.8827067039810977,33211.27767594629,3895.460223610729,"United Nations, World Population Prospects 2024"
China,156,Asia,Eastern Asia,2023,male,84,0.1398602,0.13071900678371418,0.8692809932162858,29315.81745233556,3832.1345404219783,"United Nations, World Population Prospects 2024"
China,156,Asia,Eastern Asia,2023,male,85,0.15634789,0.14501174947239145,0.8549882505276085,25483.68291191358,3695.433442056275,"United Nations, World Population Prospects 2024"
China,156,Asia,Eastern Asia,2023,male,86,0.17438974,0.16040338748103178,0.8395966125189682,21788.249469857303,3494.9090222469063,"United Nations, World Population Prospects 2024"
China,156,Asia,Eastern Asia,2023,male,87,0.19450276,0.17726362759279465,0.8227363724072053,18293.340447610397,3242.743888533417,"United Nations, World Population Prospects 2024"
China,156,Asia,Eastern Asia,2023,male,88,0.21749309,0.19616123358472337,0.8038387664152766,15050.596559076981,2952.3435872145337,"United Nations, World Population Prospects 2024"
China,156,Asia,Eastern Asia,2023,male,89,0.24413965,0.21757973038799078,0.7824202696120093,12098.252971862446,2632.3346197835394,"United Nations, World Population Prospects 2024"
China,156,Asia,Eastern Asia,2023,male,90,0.27479636,0.24160084377838553,0.7583991562216145,9465.918352078908,2286.973860999569,"United Nations, World Population Prospects 2024"
China,156,Asia,Eastern Asia,2023,male,91,0.30958393,0.2680863215046703,0.7319136784953297,7178.944491079339,1924.5768208996776,"United Nations, World Population Prospects 2024"
China,156,Asia,Eastern Asia,2023,male,92,0.34853236,0.2968086503181076,0.7031913496818925,5254.367670179662,1559.541776461125,"United Nations, World Population Prospects 2024"
China,156,Asia,Eastern Asia,2023,male,93,0.39246713,0.32808570289532046,0.6719142971046795,3694.8258937185374,1212.219550416477,"United Nations, World Population Prospects 2024"
China,156,Asia,Eastern Asia,2023,male,94,0.44151061,0.3616700318169005,0.6383299681830995,2482.6063433020604,897.8843151708952,"United Nations, World Population Prospects 2024"
China,156,Asia,Eastern Asia,2023,male,95,0.49995088,0.3999685625823176,0.6000314374176824,1584.7220281311654,633.8389916841573,"United Nations, World Population Prospects 2024"
China,156,Asia,Eastern Asia,2023,male,96,0.56460145,0.44030346313654306,0.559696536863457,950.8830364470081,418.67709398540933,"United Nations, World Population Prospects 2024"
China,156,Asia,Eastern Asia,2023,male,97,0.63601716,0.4825591954795924,0.5174408045204075,532.2059424615987,256.82087142372734,"United Nations, World Population Prospects 2024"
China,156,Asia,Eastern Asia,2023,male,98,0.71578804,0.5271310054079184,0.47286899459208165,275.3850710378714,145.16400937052416,"United Nations, World Population Prospects 2024"
China,156,Asia,Eastern Asia,2023,male,99,0.80623375,0.5746019910137564,0.4253980089862436,130.22106166734721,74.82528130598287,"United Nations, World Population Prospects 2024"
China,156,Asia,Eastern Asia,2023,male,100,0.96153311,1,0,55.39578036136435,55.39578036136435,"United Nations, World Population Prospects 2024"
Colombia,170,America,Latin America,2023,both,0,0.00992018,0.009871217870950478,0.9901287821290495,100000,987.1217870950478,"United Nations, World Population Prospects 2024"
Colombia,170,America,Latin America,2023,both,1,7.196e-4,7.193411810430607e-4,0.9992806588189569,99012.87821290495,71.22404075214378,"United Nations, World Population Prospects 2024"
Colombia,170,America,Latin America,2023,both,2,5.7283e-4,5.726659798733746e-4,0.9994273340201266,98941.6541721528,56.66051933678845,"United Nations, World Population Prospects 2024"
Colombia,170,America,Latin America,2023,both,3,4.5992e-4,4.598142611125146e-4,0.9995401857388875,98884.99365281602,45.468730291585295,"United Nations, World Population Prospects 2024"
Colombia,170,America,Latin America,2023,both,4,3.748e-4,3.7472977564004505e-4,0.99962527022436,98839.52492252443,37.03811299858622,"United Nations, World Population Prospects 2024"
Colombia,170,America,Latin America,2023,both,5,3.1103e-4,3.109816376906145e-4,0.9996890183623094,98802.48680952584,30.725759155931684,"United Nations, World Population Prospects 2024"
Colombia,170,America,Latin America,2023,both,6,2.6574e-4,2.6570469581706674e-4,0.9997342953041829,98771.76105036991,26.24412072520454,"United Nations, World Population Prospects 2024"
Colombia,170,America,Latin America,2023,both,7,2.3706e-4,2.370319046083468e-4,0.9997629680953917,98745.5169296447,23.405837949369435,"United Nations, World Population Prospects 2024"
Colombia,170,America,Latin America,2023,both,8,2.231e-4,2.2307511597081348e-4,0.9997769248840291,98722.11109169535,22.02244638066347,"United Nations, World Population Prospects 2024"
Colombia,170,America,Latin America,2023,both,9,2.2197e-4,2.2194536739339983e-4,0.9997780546326066,98700.08864531468,21.906027436145497,"United Nations, World Population Prospects 2024"
Colombia,170,America,Latin America,2023,both,10,2.3178e-4,2.3175314212835874e-4,0.9997682468578717,98678.18261787853,22.86897888120934,"United Nations, World Population Prospects 2024"
Colombia,170,America,Latin America,2023,both,11,0.00025603000000000003,2.559972285147917e-4,0.9997440027714852,98655.31363899732,25.255486869840844,"United Nations, World Population Prospects 2024"
Colombia,170,America,Latin America,2023,both,12,2.9806e-4,2.9801558673710855e-4,0.9997019844132629,98630.05815212749,29.39329465012141,"United Nations, World Population Prospects 2024"
Colombia,170,America,Latin America,2023,both,13,3.6388e-4,3.638138077158242e-4,0.9996361861922842,98600.66485747736,35.872283325110686,"United Nations, World Population Prospects 2024"
Colombia,170,America,Latin America,2023,both,14,4.6066e-4,4.6055392061546466e-4,0.9995394460793845,98564.79257415225,45.39440165467585,"United Nations, World Population Prospects 2024"
Colombia,170,America,Latin America,2023,both,15,5.9588e-4,5.957025163922661e-4,0.9994042974836077,98519.39817249757,58.68825340480843,"United Nations, World Population Prospects 2024"
Colombia,170,America,Latin America,2023,both,16,7.6917e-4,7.688743024763822e-4,0.9992311256975236,98460.70991909275,75.70390966037185,"United Nations, World Population Prospects 2024"
Colombia,170,America,Latin America,2023,both,17,9.6386e-4,9.633957107051397e-4,0.9990366042892949,98385.00600943239,94.78369278718655,"United Nations, World Population Prospects 2024"
Colombia,170,America,Latin America,2023,both,18,0.00115028,0.0011496188082386297,0.9988503811917614,98290.2223166452,112.99628824117163,"United Nations, World Population Prospects 2024"
Colombia,170,America,Latin America,2023,both,19,0.00129123,0.0012903969004051448,0.9987096030995949,98177.22602840402,126.68758815742785,"United Nations, World Population Prospects 2024"
Colombia,170,America,Latin America,2023,both,20,0.00137297,0.0013720281232737946,0.9986279718767263,98050.5384402466,134.5280962421566,"United Nations, World Population Prospects 2024"
Colombia,170,America,Latin America,2023,both,21,0.00140331,0.0014023260509147455,0.9985976739490853,97916.01034400446,137.31017210703516,"United Nations, World Population Prospects 2024"
Colombia,170,America,Latin America,2023,both,22,0.00140316,0.0014021762611786822,0.9985978237388213,97778.70017189742,137.10297222994248,"United Nations, World Population Prospects 2024"
Colombia,170,America,Latin America,2023,both,23,0.00139515,0.00139417745666067,0.9986058225433393,97641.59719966748,136.12971364811798,"United Nations, World Population Prospects 2024"
Colombia,170,America,Latin America,2023,both,24,0.0013899,0.0013889347597886847,0.9986110652402114,97505.46748601936,135.42873306077772,"United Nations, World Population Prospects 2024"
Colombia,170,America,Latin America,2023,both,25,0.00139247,0.0013915011881702544,0.9986084988118298,97370.03875295859,135.4905246169256,"United Nations, World Population Prospects 2024"
Colombia,170,America,Latin America,2023,both,26,0.00140097,0.001399989328475243,0.9986000106715247,97234.54822834166,136.12732987878968,"United Nations, World Population Prospects 2024"
Colombia,170,America,Latin America,2023,both,27,0.0014115,0.001410504536423419,0.9985894954635766,97098.42089846286,136.95776315683239,"United Nations, World Population Prospects 2024"
Colombia,170,America,Latin America,2023,both,28,0.00142164,0.0014206301876500149,0.99857936981235,96961.46313530604,137.74638156872982,"United Nations, World Population Prospects 2024"
Colombia,170,America,Latin America,2023,both,29,0.00142989,0.001428868437654841,0.9985711315623451,96823.7167537373,138.34835288584748,"United Nations, World Population Prospects 2024"
Colombia,170,America,Latin America,2023,both,30,0.001437,0.0014359682568074836,0.9985640317431925,96685.36840085145,138.83711992136003,"United Nations, World Population Prospects 2024"
Colombia,170,America,Latin America,2023,both,31,0.00144487,0.0014438269288926256,0.9985561730711073,96546.5312809301,139.39648175458112,"United Nations, World Population Prospects 2024"
Colombia,170,America,Latin America,2023,both,32,0.00145529,0.0014542318354760749,0.9985457681645239,96407.1347991755,140.19832459199435,"United Nations, World Population Prospects 2024"
Colombia,170,America,Latin America,2023,both,33,0.00146979,0.0014687106518854827,0.9985312893481145,96266.9364745835,141.3882750246039,"United Nations, World Population Prospects 2024"
Colombia,170,America,Latin America,2023,both,34,0.00148961,0.0014885013567469878,0.9985114986432531,96125.5481995589,143.0830089130914,"United Nations, World Population Prospects 2024"
Colombia,170,America,Latin America,2023,both,35,0.00151589,0.0015147419089438256,0.9984852580910561,95982.46519064582,145.38866254801314,"United Nations, World Population Prospects 2024"
Colombia,170,America,Latin America,2023,both,36,0.00154915,0.0015479509958573835,0.9984520490041426,95837.07652809781,148.35109805172928,"United Nations, World Population Prospects 2024"
Colombia,170,America,Latin America,2023,both,37,0.00158964,0.0015883775257749635,0.998411622474225,95688.72543004608,151.9898209431364,"United Nations, World Population Prospects 2024"
Colombia,170,America,Latin America,2023,both,38,0.00163735,0.0016360106389901247,0.9983639893610099,95536.73560910294,156.2991158708791,"United Nations, World Population Prospects 2024"
Colombia,170,America,Latin America,2023,both,39,0.00169235,0.0016909191864573996,0.9983090808135426,95380.43649323206,161.2806100790876,"United Nations, World Population Prospects 2024"
Colombia,170,America,Latin America,2023,both,40,0.00175457,0.001753032091241835,0.9982469679087582,95219.15588315297,166.92223596412592,"United Nations, World Population Prospects 2024"
Colombia,170,America,Latin America,2023,both,41,0.00182366,0.00182199864697373,0.9981780013530263,95052.23364718886,173.18504109700896,"United Nations, World Population Prospects 2024"
Colombia,170,America,Latin America,2023,both,42,0.00189979,0.0018979871115326907,0.9981020128884673,94879.04860609185,180.07921140884602,"United Nations, World Population Prospects 2024"
Colombia,170,America,Latin America,2023,both,43,0.00198359,0.001981624634595531,0.9980183753654045,94698.969394683,187.65781062331206,"United Nations, World Population Prospects 2024"
Colombia,170,America,Latin America,2023,both,44,0.00207644,0.0020742864343381412,0.9979257135656618,94511.31158405969,196.04353151032024,"United Nations, World Population Prospects 2024"
Colombia,170,America,Latin America,2023,both,45,0.00218041,0.002178035494813377,0.9978219645051867,94315.26805254938,205.42200152129067,"United Nations, World Population Prospects 2024"
Colombia,170,America,Latin America,2023,both,46,0.00229798,0.002295342674220747,0.9977046573257793,94109.84605102809,216.01434570526962,"United Nations, World Population Prospects 2024"
Colombia,170,America,Latin America,2023,both,47,0.00243223,0.0024292757213561227,0.9975707242786439,93893.83170532282,228.0940057468385,"United Nations, World Population Prospects 2024"
Colombia,170,America,Latin America,2023,both,48,0.00258553,0.002582191832775302,0.9974178081672247,93665.73769957598,241.8629028987188,"United Nations, World Population Prospects 2024"
Colombia,170,America,Latin America,2023,both,49,0.00276017,0.002756365980655587,0.9972436340193445,93423.87479667726,257.5103902705881,"United Nations, World Population Prospects 2024"
Colombia,170,America,Latin America,2023,both,50,0.00295754,0.0029531729364567555,0.9970468270635432,93166.36440640668,275.13638595306816,"United Nations, World Population Prospects 2024"
Colombia,170,America,Latin America,2023,both,51,0.00317839,0.0031733469329209367,0.9968266530670791,92891.22802045361,294.7760935339658,"United Nations, World Population Prospects 2024"
Colombia,170,America,Latin America,2023,both,52,0.00342425,0.0034183972765628647,0.9965816027234371,92596.45192691965,316.53145908636634,"United Nations, World Population Prospects 2024"
Colombia,170,America,Latin America,2023,both,53,0.00369679,0.0036899694788651138,0.9963100305211349,92279.92046783328,340.5100900384049,"United Nations, World Population Prospects 2024"
Colombia,170,America,Latin America,2023,both,54,0.0040008,0.003992812777320248,0.9960071872226798,91939.41037779486,367.09685249574915,"United Nations, World Population Prospects 2024"
Colombia,170,America,Latin America,2023,both,55,0.00434326,0.004333848484615354,0.9956661515153846,91572.31352529912,396.8605322043397,"United Nations, World Population Prospects 2024"
Colombia,170,America,Latin America,2023,both,56,0.00473256,0.0047213878743008,0.9952786121256992,91175.45299309478,430.47467819548024,"United Nations, World Population Prospects 2024"
Colombia,170,America,Latin America,2023,both,57,0.00517858,0.005165205784314732,0.9948347942156852,90744.9783148993,468.7164868896328,"United Nations, World Population Prospects 2024"
Colombia,170,America,Latin America,2023,both,58,0.00568936,0.005673221500262633,0.9943267784997374,90276.26182800966,512.1572295660033,"United Nations, World Population Prospects 2024"
Colombia,170,America,Latin America,2023,both,59,0.00627125,0.006251647178814928,0.9937483528211851,89764.10459844366,561.1735112717084,"United Nations, World Population Prospects 2024"
Colombia,170,America,Latin America,2023,both,60,0.00692634,0.006902435691785279,0.9930975643082147,89202.93108717195,615.7174953479583,"United Nations, World Population Prospects 2024"
Colombia,170,America,Latin America,2023,both,61,0.00765158,0.0076224182285653365,0.9923775817714346,88587.213591824,675.2487917001301,"United Nations, World Population Prospects 2024"
Colombia,170,America,Latin America,2023,both,62,0.00844335,0.008407854769715064,0.9915921452302849,87911.96480012387,739.1510325597442,"United Nations, World Population Prospects 2024"
Colombia,170,America,Latin America,2023,both,63,0.0092978,0.009254775474297539,0.9907452245257025,87172.81376756413,806.7648188815593,"United Nations, World Population Prospects 2024"
Colombia,170,America,Latin America,2023,both,64,0.01021717,0.010165240007376912,0.989834759992623,86366.04894868257,877.9316160522208,"United Nations, World Population Prospects 2024"
Colombia,170,America,Latin America,2023,both,65,0.01121255,0.011150039810561046,0.9888499601894389,85488.11733263034,953.1959115887421,"United Nations, World Population Prospects 2024"
Colombia,170,America,Latin America,2023,both,66,0.012301,0.012225805185208376,0.9877741948147917,84534.9214210416,1033.507480640553,"United Nations, World Population Prospects 2024"
Colombia,170,America,Latin America,2023,both,67,0.01350951,0.013418868828685095,0.9865811311713149,83501.41394040105,1120.4945206759787,"United Nations, World Population Prospects 2024"
Colombia,170,America,Latin America,2023,both,68,0.01486747,0.014757764688116187,0.9852422353118838,82380.91941972506,1215.7582235869636,"United Nations, World Population Prospects 2024"
Colombia,170,America,Latin America,2023,both,69,0.01640437,0.016270912961768677,0.9837290870382314,81165.1611961381,1320.6312733502875,"United Nations, World Population Prospects 2024"
Colombia,170,America,Latin America,2023,both,70,0.01815118,0.017987928932063454,0.9820120710679365,79844.52992278783,1436.2377298651213,"United Nations, World Population Prospects 2024"
Colombia,170,America,Latin America,2023,both,71,0.02013968,0.019938898482504932,0.980061101517495,78408.29219292269,1563.3749782212694,"United Nations, World Population Prospects 2024"
Colombia,170,America,Latin America,2023,both,72,0.02240949,0.022161179633309575,0.9778388203666905,76844.91721470142,1702.9740143018014,"United Nations, World Population Prospects 2024"
Colombia,170,America,Latin America,2023,both,73,0.02501773,0.024708652797820193,0.9752913472021798,75141.94320039962,1856.6561850922,"United Nations, World Population Prospects 2024"
Colombia,170,America,Latin America,2023,both,74,0.02800251,0.027615853394579875,0.9723841466054202,73285.28701530742,2023.835742194438,"United Nations, World Population Prospects 2024"
Colombia,170,America,Latin America,2023,both,75,0.03146954,0.03098204465325136,0.9690179553467486,71261.45127311298,2207.825465399082,"United Nations, World Population Prospects 2024"
Colombia,170,America,Latin America,2023,both,76,0.03558351,0.03496148384499342,0.9650385161550066,69053.6258077139,2414.21722311461,"United Nations, World Population Prospects 2024"
Colombia,170,America,Latin America,2023,both,77,0.04045331,0.03965129689735463,0.9603487031026454,66639.4085845993,2642.3389748520694,"United Nations, World Population Prospects 2024"
Colombia,170,America,Latin America,2023,both,78,0.04623467,0.04518999768486964,0.9548100023151304,63997.069609747225,2892.0274275029183,"United Nations, World Population Prospects 2024"
Colombia,170,America,Latin America,2023,both,79,0.05306765,0.051695958484368504,0.9483040415156315,61105.04218224431,3158.883723838888,"United Nations, World Population Prospects 2024"
Colombia,170,America,Latin America,2023,both,80,0.06106758,0.059258202489410855,0.9407417975105892,57946.158458405414,3433.7851914116754,"United Nations, World Population Prospects 2024"
Colombia,170,America,Latin America,2023,both,81,0.07030501,0.06791753839208454,0.9320824616079154,54512.37326699375,3702.3462042046913,"United Nations, World Population Prospects 2024"
Colombia,170,America,Latin America,2023,both,82,0.08078392,0.07764758197477804,0.9223524180252219,50810.02706278906,3945.275741498604,"United Nations, World Population Prospects 2024"
Colombia,170,America,Latin America,2023,both,83,0.092464180000000007,0.08837826796155718,0.9116217320384428,46864.75132129045,4141.825550224748,"United Nations, World Population Prospects 2024"
Colombia,170,America,Latin America,2023,both,84,0.10525862,0.09999590454117224,0.9000040954588278,42722.925771065704,4272.117607123074,"United Nations, World Population Prospects 2024"
Colombia,170,America,Latin America,2023,both,85,0.11905415,0.11236536829415142,0.8876346317058486,38450.808163942624,4320.539220549177,"United Nations, World Population Prospects 2024"
Colombia,170,America,Latin America,2023,both,86,0.13375121,0.1253672024865542,0.8746327975134458,34130.26894339345,4278.8163375469585,"United Nations, World Population Prospects 2024"
Colombia,170,America,Latin America,2023,both,87,0.1492641,0.1388978674142466,0.8611021325857534,29851.45260584649,4146.303106169532,"United Nations, World Population Prospects 2024"
Colombia,170,America,Latin America,2023,both,88,0.16555609,0.15289937837629503,0.8471006216237049,25705.149499676954,3930.3013795703373,"United Nations, World Population Prospects 2024"
Colombia,170,America,Latin America,2023,both,89,0.18271001,0.16741574388069994,0.8325842561193001,21774.848120106617,3645.45239591691,"United Nations, World Population Prospects 2024"
Colombia,170,America,Latin America,2023,both,90,0.20089299,0.18255589064327932,0.8174441093567206,18129.395724189708,3309.627983253912,"United Nations, World Population Prospects 2024"
Colombia,170,America,Latin America,2023,both,91,0.22037766,0.198504663391362,0.801495336608638,14819.767740935797,2941.7930069526255,"United Nations, World Population Prospects 2024"
Colombia,170,America,Latin America,2023,both,92,0.24143286,0.21542725129852872,0.7845727487014713,11877.97473398317,2558.8394479353674,"United Nations, World Population Prospects 2024"
Colombia,170,America,Latin America,2023,both,93,0.2641755,0.23335249409774111,0.7666475059022588,9319.135286047804,2174.643461833521,"United Nations, World Population Prospects 2024"
Colombia,170,America,Latin America,2023,both,94,0.28855923,0.2521754527629158,0.7478245472370841,7144.491824214281,1801.6654605321867,"United Nations, World Population Prospects 2024"
Colombia,170,America,Latin America,2023,both,95,0.3138555,0.2712835784257055,0.7287164215742945,5342.826363682095,1449.4210548468784,"United Nations, World Population Prospects 2024"
Colombia,170,America,Latin America,2023,both,96,0.34081098,0.2911905172283496,0.7088094827716505,3893.405308835216,1133.7227056593288,"United Nations, World Population Prospects 2024"
Colombia,170,America,Latin America,2023,both,97,0.36928865,0.3117295564641311,0.6882704435358689,2759.682603175888,860.2746338697982,"United Nations, World Population Prospects 2024"
Colombia,170,America,Latin America,2023,both,98,0.3992206,0.33279190750529564,0.6672080924947044,1899.4079693060894,632.1076012361335,"United Nations, World Population Prospects 2024"
Colombia,170,America,Latin America,2023,both,99,0.43051333,0.35425712312386287,0.6457428768761371,1267.300368069956,448.9501825262751,"United Nations, World Population Prospects 2024"
Colombia,170,America,Latin America,2023,both,100,0.50412406,1,0,818.3501855436807,818.3501855436807,"United Nations, World Population Prospects 2024"
Colombia,170,America,Latin America,2023,female,0,0.00871248,0.008674690964233966,0.991325309035766,100000,867.4690964233965,"United Nations, World Population Prospects 2024"
Colombia,170,America,Latin America,2023,female,1,7.2555e-4,7.252868840506386e-4,0.9992747131159494,99132.5309035766,71.8995244471087,"United Nations, World Population Prospects 2024"
Colombia,170,America,Latin America,2023,female,2,5.5357e-4,5.534168225247774e-4,0.9994465831774753,99060.6313791295,54.821819855136106,"United Nations, World Population Prospects 2024"
Colombia,170,America,Latin America,2023,female,3,4.2683e-4,4.267389275117851e-4,0.9995732610724882,99005.80955927436,42.24963298876079,"United Nations, World Population Prospects 2024"
Colombia,170,America,Latin America,2023,female,4,3.3618e-4,3.361235010007168e-4,0.9996638764989992,98963.5599262856,33.263978233917356,"United Nations, World Population Prospects 2024"
Colombia,170,America,Latin America,2023,female,5,2.7228e-4,2.7224293684657776e-4,0.9997277570631534,98930.29594805169,26.933074311998684,"United Nations, World Population Prospects 2024"
Colombia,170,America,Latin America,2023,female,6,2.3043e-4,2.304034540660398e-4,0.999769596545934,98903.36287373968,22.787676424856546,"United Nations, World Population Prospects 2024"
Colombia,170,America,Latin America,2023,female,7,2.072e-4,2.0717853630363892e-4,0.9997928214636964,98880.57519731483,20.485932838241588,"United Nations, World Population Prospects 2024"
Colombia,170,America,Latin America,2023,female,8,1.9918e-4,1.99160165639104e-4,0.9998008398343609,98860.08926447658,19.688991753009763,"United Nations, World Population Prospects 2024"
Colombia,170,America,Latin America,2023,female,9,2.0293e-4,2.0290941179653207e-4,0.9997970905882034,98840.40027272358,20.05564748107213,"United Nations, World Population Prospects 2024"
Colombia,170,America,Latin America,2023,female,10,2.1502e-4,2.1499688568482e-4,0.9997850031143152,98820.3446252425,21.246066336727782,"United Nations, World Population Prospects 2024"
Colombia,170,America,Latin America,2023,female,11,2.3654e-4,2.3651202772248127e-4,0.9997634879722775,98799.09855890577,23.36717513732008,"United Nations, World Population Prospects 2024"
Colombia,170,America,Latin America,2023,female,12,2.6679e-4,2.6675441629463837e-4,0.9997332455837054,98775.73138376846,26.348862569353148,"United Nations, World Population Prospects 2024"
Colombia,170,America,Latin America,2023,female,13,3.0463e-4,3.045836073478468e-4,0.9996954163926521,98749.3825211991,30.077443151679233,"United Nations, World Population Prospects 2024"
Colombia,170,America,Latin America,2023,female,14,3.4816e-4,3.480994028559508e-4,0.999651900597144,98719.30507804743,34.36413114802274,"United Nations, World Population Prospects 2024"
Colombia,170,America,Latin America,2023,female,15,3.9415e-4,3.9407233819395047e-4,0.999605927661806,98684.9409468994,38.88900542347657,"United Nations, World Population Prospects 2024"
Colombia,170,America,Latin America,2023,female,16,4.3862e-4,4.385238273394262e-4,0.9995614761726606,98646.05194147592,43.258644249299856,"United Nations, World Population Prospects 2024"
Colombia,170,America,Latin America,2023,female,17,4.7696e-4,4.768462816987405e-4,0.9995231537183012,98602.79329722661,47.01837534889201,"United Nations, World Population Prospects 2024"
Colombia,170,America,Latin America,2023,female,18,5.0631e-4,5.061818575318566e-4,0.9994938181424682,98555.77492187773,49.887145220447636,"United Nations, World Population Prospects 2024"
Colombia,170,America,Latin America,2023,female,19,5.2538e-4,5.2524202417267e-4,0.9994747579758273,98505.88777665727,51.739431888737336,"United Nations, World Population Prospects 2024"
Colombia,170,America,Latin America,2023,female,20,5.3615e-4,5.360063101084177e-4,0.9994639936898916,98454.14834476853,52.772044769146156,"United Nations, World Population Prospects 2024"
Colombia,170,America,Latin America,2023,female,21,5.4217e-4,5.420230656772409e-4,0.9994579769343228,98401.37629999939,53.335815648985466,"United Nations, World Population Prospects 2024"
Colombia,170,America,Latin America,2023,female,22,5.4692e-4,5.467704801444997e-4,0.9994532295198555,98348.04048435041,53.773805316898965,"United Nations, World Population Prospects 2024"
Colombia,170,America,Latin America,2023,female,23,5.5366e-4,5.535067727201079e-4,0.9994464932272799,98294.26667903352,54.40654232640148,"United Nations, World Population Prospects 2024"
Colombia,170,America,Latin America,2023,female,24,5.6385e-4,5.636910813918787e-4,0.9994363089186081,98239.8601367071,55.376932996247334,"United Nations, World Population Prospects 2024"
Colombia,170,America,Latin America,2023,female,25,5.7811e-4,5.77942942702697e-4,0.9994220570572973,98184.48320371086,56.74502915049617,"United Nations, World Population Prospects 2024"
Colombia,170,America,Latin America,2023,female,26,5.9615e-4,5.959723555401225e-4,0.9994040276444599,98127.73817456036,58.481419263717136,"United Nations, World Population Prospects 2024"
Colombia,170,America,Latin America,2023,female,27,6.1714e-4,6.169496278533332e-4,0.9993830503721467,98069.25675529664,60.503791459033245,"United Nations, World Population Prospects 2024"
Colombia,170,America,Latin America,2023,female,28,6.4053e-4,6.403249263374665e-4,0.9993596750736625,98008.75296383761,62.757447521996276,"United Nations, World Population Prospects 2024"
Colombia,170,America,Latin America,2023,female,29,6.6588e-4,6.656583757003943e-4,0.9993343416242996,97945.99551631563,65.19857228174875,"United Nations, World Population Prospects 2024"
Colombia,170,America,Latin America,2023,female,30,6.9317e-4,6.929298409110878e-4,0.9993070701590889,97880.79694403386,67.82452505467988,"United Nations, World Population Prospects 2024"
Colombia,170,America,Latin America,2023,female,31,7.2269e-4,7.224289539096495e-4,0.9992775710460904,97812.97241897919,70.66292334343653,"United Nations, World Population Prospects 2024"
Colombia,170,America,Latin America,2023,female,32,7.549e-4,7.546151705038933e-4,0.9992453848294961,97742.30949563575,73.75782954549348,"United Nations, World Population Prospects 2024"
Colombia,170,America,Latin America,2023,female,33,7.9043e-4,7.901177336199073e-4,0.9992098822663801,97668.55166609025,77.16965468835005,"United Nations, World Population Prospects 2024"
Colombia,170,America,Latin America,2023,female,34,8.3004e-4,8.296956597073083e-4,0.9991703043402926,97591.3820114019,80.97114607969804,"United Nations, World Population Prospects 2024"
Colombia,170,America,Latin America,2023,female,35,8.7459e-4,8.742077133379958e-4,0.999125792286662,97510.4108653222,85.24435330922178,"United Nations, World Population Prospects 2024"
Colombia,170,America,Latin America,2023,female,36,9.2496e-4,9.2453242224536e-4,0.9990754675777547,97425.16651201299,90.0727251830089,"United Nations, World Population Prospects 2024"
Colombia,170,America,Latin America,2023,female,37,9.8204e-4,9.81558035373471e-4,0.9990184419646265,97335.09378682998,95.54004343029338,"United Nations, World Population Prospects 2024"
Colombia,170,America,Latin America,2023,female,38,0.0010466,0.0010460526006740671,0.998953947399326,97239.55374339968,101.71768808166895,"United Nations, World Population Prospects 2024"
Colombia,170,America,Latin America,2023,female,39,0.00111912,0.0011184941354215835,0.9988815058645785,97137.83605531801,108.64809995541644,"United Nations, World Population Prospects 2024"
Colombia,170,America,Latin America,2023,female,40,0.00119973,0.001199010755413204,0.9988009892445868,97029.1879553626,116.33903994748907,"United Nations, World Population Prospects 2024"
Colombia,170,America,Latin America,2023,female,41,0.00128815,0.0012873208688114202,0.9987126791311886,96912.84891541512,124.75793286478209,"United Nations, World Population Prospects 2024"
Colombia,170,America,Latin America,2023,female,42,0.00138387,0.0013829131140144543,0.9986170868859855,96788.09098255033,133.849520300193,"United Nations, World Population Prospects 2024"
Colombia,170,America,Latin America,2023,female,43,0.00148615,0.0014850464990727019,0.9985149535009273,96654.24146225014,143.53604290404215,"United Nations, World Population Prospects 2024"
Colombia,170,America,Latin America,2023,female,44,0.00159414,0.0015928703708135356,0.9984071296291864,96510.7054193461,153.72904312878973,"United Nations, World Population Prospects 2024"
Colombia,170,America,Latin America,2023,female,45,0.00170694,0.0017054844202118817,0.9982945155797881,96356.97637621731,164.33532198836298,"United Nations, World Population Prospects 2024"
Colombia,170,America,Latin America,2023,female,46,0.0018239,0.001822238209864514,0.9981777617901355,96192.64105422894,175.28590603679788,"United Nations, World Population Prospects 2024"
Colombia,170,America,Latin America,2023,female,47,0.00194508,0.0019431901698322314,0.9980568098301678,96017.35514819215,186.57998065725718,"United Nations, World Population Prospects 2024"
Colombia,170,America,Latin America,2023,female,48,0.00207158,0.002069436498369354,0.9979305635016307,95830.77516753488,198.31570379872423,"United Nations, World Population Prospects 2024"
Colombia,170,America,Latin America,2023,female,49,0.00220636,0.0022039286699698625,0.9977960713300301,95632.45946373616,210.76711919185882,"United Nations, World Population Prospects 2024"
Colombia,170,America,Latin America,2023,female,50,0.00235365,0.0023508834216173554,0.9976491165783826,95421.69234454431,224.32527459546094,"United Nations, World Population Prospects 2024"
Colombia,170,America,Latin America,2023,female,51,0.0025196,0.0025164298017357734,0.9974835701982643,95197.36706994883,239.55749154159898,"United Nations, World Population Prospects 2024"
Colombia,170,America,Latin America,2023,female,52,0.0027108,0.0027071307549747076,0.9972928692450252,94957.80957840725,257.0632067347381,"United Nations, World Population Prospects 2024"
Colombia,170,America,Latin America,2023,female,53,0.00293298,0.002928685112569268,0.9970713148874307,94700.7463716725,277.3486660479154,"United Nations, World Population Prospects 2024"
Colombia,170,America,Latin America,2023,female,54,0.00319122,0.0031861361692669555,0.996813863830733,94423.3977056246,300.84580265496896,"United Nations, World Population Prospects 2024"
Colombia,170,America,Latin America,2023,female,55,0.00348733,0.003481259849045314,0.9965187401509547,94122.55190296962,327.6650608294917,"United Nations, World Population Prospects 2024"
Colombia,170,America,Latin America,2023,female,56,0.00382194,0.0038146503176824183,0.9961853496823175,93794.88684214013,357.7946948893563,"United Nations, World Population Prospects 2024"
Colombia,170,America,Latin America,2023,female,57,0.0041942,0.004185422749951078,0.995814577250049,93437.09214725076,391.0737311623786,"United Nations, World Population Prospects 2024"
Colombia,170,America,Latin America,2023,female,58,0.00460289,0.004592321025736923,0.9954076789742631,93046.01841608838,427.2971867333076,"United Nations, World Population Prospects 2024"
Colombia,170,America,Latin America,2023,female,59,0.00504939,0.005036673934500935,0.9949633260654991,92618.72122935507,466.49029906270107,"United Nations, World Population Prospects 2024"
Colombia,170,America,Latin America,2023,female,60,0.00553638,0.0055210965557254054,0.9944789034442746,92152.23093029238,508.7813647916494,"United Nations, World Population Prospects 2024"
Colombia,170,America,Latin America,2023,female,61,0.00607025,0.00605188178230548,0.9939481182176945,91643.44956550072,554.6153228930849,"United Nations, World Population Prospects 2024"
Colombia,170,America,Latin America,2023,female,62,0.00665919,0.006637091174411136,0.9933629088255889,91088.83424260764,604.5648978390101,"United Nations, World Population Prospects 2024"
Colombia,170,America,Latin America,2023,female,63,0.0073117,0.0072850668882167135,0.9927149331117833,90484.26934476863,659.1839545080566,"United Nations, World Population Prospects 2024"
Colombia,170,America,Latin America,2023,female,64,0.00803692,0.008004753219378057,0.9919952467806219,89825.08539026057,719.0276414585973,"United Nations, World Population Prospects 2024"
Colombia,170,America,Latin America,2023,female,65,0.0088425,0.008803577184373588,0.9911964228156264,89106.05774880198,784.4520569868284,"United Nations, World Population Prospects 2024"
Colombia,170,America,Latin America,2023,female,66,0.00973608,0.009688913979192729,0.9903110860208073,88321.60569181513,855.7404400521757,"United Nations, World Population Prospects 2024"
Colombia,170,America,Latin America,2023,female,67,0.01072651,0.010669287888386173,0.9893307121116138,87465.86525176297,933.1984967778517,"United Nations, World Population Prospects 2024"
Colombia,170,America,Latin America,2023,female,68,0.01182457,0.011755070671992041,0.988244929328008,86532.66675498511,1017.1976131407862,"United Nations, World Population Prospects 2024"
Colombia,170,America,Latin America,2023,female,69,0.01304664,0.012962084177046189,0.9870379158229539,85515.46914184433,1108.458709456182,"United Nations, World Population Prospects 2024"
Colombia,170,America,Latin America,2023,female,70,0.01441452,0.01431137420514622,0.9856886257948538,84407.01043238815,1207.9803118355876,"United Nations, World Population Prospects 2024"
Colombia,170,America,Latin America,2023,female,71,0.01595987,0.015833519543223845,0.9841664804567761,83199.03012055256,1317.3334693910383,"United Nations, World Population Prospects 2024"
Colombia,170,America,Latin America,2023,female,72,0.01772506,0.017569351098806297,0.9824306489011937,81881.69665116153,1438.6082770302087,"United Nations, World Population Prospects 2024"
Colombia,170,America,Latin America,2023,female,73,0.01976803,0.01957455480667253,0.9804254451933274,80443.08837413132,1574.637642197435,"United Nations, World Population Prospects 2024"
Colombia,170,America,Latin America,2023,female,74,0.02216551,0.02192254777404447,0.9780774522259555,78868.45073193389,1728.9973790356933,"United Nations, World Population Prospects 2024"
Colombia,170,America,Latin America,2023,female,75,0.02501717,0.024708106549042246,0.9752918934509578,77139.45335289818,1905.9698325782824,"United Nations, World Population Prospects 2024"
Colombia,170,America,Latin America,2023,female,76,0.02845108,0.028052024799138858,0.9719479752008612,75233.4835203199,2110.4515454376183,"United Nations, World Population Prospects 2024"
Colombia,170,America,Latin America,2023,female,77,0.03260601,0.03208296132116622,0.9679170386788338,73123.0319748823,2346.0034065365494,"United Nations, World Population Prospects 2024"
Colombia,170,America,Latin America,2023,female,78,0.03763595,0.03694079896853018,0.9630592010314698,70777.02856834575,2614.5599839331776,"United Nations, World Population Prospects 2024"
Colombia,170,America,Latin America,2023,female,79,0.04366498,0.042732033310078056,0.957267966689922,68162.46858441258,2912.7208780462674,"United Nations, World Population Prospects 2024"
Colombia,170,America,Latin America,2023,female,80,0.05077262,0.049515601588244335,0.9504843984117557,65249.7477063663,3230.8805111618935,"United Nations, World Population Prospects 2024"
Colombia,170,America,Latin America,2023,female,81,0.05897677,0.05728745545779032,0.9427125445422097,62018.86719520441,3552.903091987886,"United Nations, World Population Prospects 2024"
Colombia,170,America,Latin America,2023,female,82,0.06820718,0.0659577828174835,0.9340422171825165,58465.96410321653,3856.2853625347425,"United Nations, World Population Prospects 2024"
Colombia,170,America,Latin America,2023,female,83,0.07837813,0.07542239678975067,0.9245776032102493,54609.678740681775,4118.7928585405125,"United Nations, World Population Prospects 2024"
Colombia,170,America,Latin America,2023,female,84,0.08939748,0.08557249719665594,0.9144275028033441,50490.885882141265,4320.631190606208,"United Nations, World Population Prospects 2024"
Colombia,170,America,Latin America,2023,female,85,0.10123198,0.09635488224389198,0.903645117756108,46170.254691535054,4448.729453973361,"United Nations, World Population Prospects 2024"
Colombia,170,America,Latin America,2023,female,86,0.11394321,0.10780158091380326,0.8921984190861967,41721.52523756169,4497.646378744292,"United Nations, World Population Prospects 2024"
Colombia,170,America,Latin America,2023,female,87,0.12764308,0.11998542537501168,0.8800145746249883,37223.8788588174,4466.32293898311,"United Nations, World Population Prospects 2024"
Colombia,170,America,Latin America,2023,female,88,0.14250497,0.13302650121740442,0.8669734987825956,32757.555919834293,4357.62305244903,"United Nations, World Population Prospects 2024"
Colombia,170,America,Latin America,2023,female,89,0.15872022,0.14705029260345742,0.8529497073965426,28399.932867385258,4176.21843806755,"United Nations, World Population Prospects 2024"
Colombia,170,America,Latin America,2023,female,90,0.17648442,0.16217384179575245,0.8378261582042476,24223.71442931771,3928.452831565656,"United Nations, World Population Prospects 2024"
Colombia,170,America,Latin America,2023,female,91,0.19596742,0.17847935102789456,0.8215206489721054,20295.261597752055,3622.285118908137,"United Nations, World Population Prospects 2024"
Colombia,170,America,Latin America,2023,female,92,0.21727815,0.1959863718496482,0.8040136281503518,16672.976478843917,3267.676168023142,"United Nations, World Population Prospects 2024"
Colombia,170,America,Latin America,2023,female,93,0.24042684,0.2146259236922907,0.7853740763077093,13405.300310820776,2877.1249615824604,"United Nations, World Population Prospects 2024"
Colombia,170,America,Latin America,2023,female,94,0.26525481,0.23419423618837829,0.7658057638116217,10528.175349238314,2465.6379843721797,"United Nations, World Population Prospects 2024"
Colombia,170,America,Latin America,2023,female,95,0.29070932,0.2538159839503338,0.7461840160496662,8062.537364866134,2046.400854399829,"United Nations, World Population Prospects 2024"
Colombia,170,America,Latin America,2023,female,96,0.31804058,0.2744046698267897,0.7255953301732103,6016.1365104663055,1650.8559527874013,"United Nations, World Population Prospects 2024"
Colombia,170,America,Latin America,2023,female,97,0.34668654,0.29546898070161515,0.7045310192983849,4365.280557678904,1289.804996853964,"United Nations, World Population Prospects 2024"
Colombia,170,America,Latin America,2023,female,98,0.3764918,0.3168467065613271,0.6831532934386729,3075.47556082494,974.4543025572326,"United Nations, World Population Prospects 2024"
Colombia,170,America,Latin America,2023,female,99,0.40726876,0.33836584162708944,0.6616341583729106,2101.0212582677077,710.9138263301594,"United Nations, World Population Prospects 2024"
Colombia,170,America,Latin America,2023,female,100,0.48310598,1,0,1390.1074319375484,1390.1074319375484,"United Nations, World Population Prospects 2024"
Colombia,170,America,Latin America,2023,male,0,0.01107808,0.011017056085659291,0.9889829439143407,100000,1101.7056085659292,"United Nations, World Population Prospects 2024"
Colombia,170,America,Latin America,2023,male,1,7.1389e-4,7.136352714580293e-4,0.9992863647285419,98898.29439143407,70.57731116476715,"United Nations, World Population Prospects 2024"
Colombia,170,America,Latin America,2023,male,2,5.913e-4,5.911252338246198e-4,0.9994088747661753,98827.7170802693,58.41955736742756,"United Nations, World Population Prospects 2024"
Colombia,170,America,Latin America,2023,male,3,4.9167e-4,4.915491600122484e-4,0.9995084508399877,98769.29752290186,48.54996523238226,"United Nations, World Population Prospects 2024"
Colombia,170,America,Latin America,2023,male,4,4.1188e-4,4.117951948975628e-4,0.9995882048051025,98720.74755766949,40.6527294809436,"United Nations, World Population Prospects 2024"
Colombia,170,America,Latin America,2023,male,5,3.4825e-4,3.4818937152568304e-4,0.9996518106284743,98680.09482818855,34.359360200321774,"United Nations, World Population Prospects 2024"
Colombia,170,America,Latin America,2023,male,6,2.9966e-4,2.996151086682682e-4,0.9997003848913317,98645.73546798823,29.55575275190253,"United Nations, World Population Prospects 2024"
Colombia,170,America,Latin America,2023,male,7,2.6573e-4,2.6569469847388726e-4,0.9997343053015261,98616.17971523631,26.20179613408639,"United Nations, World Population Prospects 2024"
Colombia,170,America,Latin America,2023,male,8,2.4605e-4,2.460197334222957e-4,0.9997539802665777,98589.97791910224,24.255080085767553,"United Nations, World Population Prospects 2024"
Colombia,170,America,Latin America,2023,male,9,2.4022e-4,2.4019115064089654e-4,0.9997598088493591,98565.72283901645,23.674614382455058,"United Nations, World Population Prospects 2024"
Colombia,170,America,Latin America,2023,male,10,2.4784e-4,2.478092914726007e-4,0.9997521907085274,98542.04822463401,24.419635150805405,"United Nations, World Population Prospects 2024"
Colombia,170,America,Latin America,2023,male,11,2.7471e-4,2.746722723900259e-4,0.99972532772761,98517.6285894832,27.060060915149933,"United Nations, World Population Prospects 2024"
Colombia,170,America,Latin America,2023,male,12,3.2805e-4,3.279962004232256e-4,0.9996720037995768,98490.56852856805,32.304532254893644,"United Nations, World Population Prospects 2024"
Colombia,170,America,Latin America,2023,male,13,4.2068e-4,4.205915327769957e-4,0.999579408467223,98458.26399631315,41.41071216877144,"United Nations, World Population Prospects 2024"
Colombia,170,America,Latin America,2023,male,14,5.6845e-4,5.682884782072815e-4,0.9994317115217927,98416.8532841444,55.92916378279571,"United Nations, World Population Prospects 2024"
Colombia,170,America,Latin America,2023,male,15,7.8928e-4,7.889686414153518e-4,0.9992110313585847,98360.9241203616,77.6036846716002,"United Nations, World Population Prospects 2024"
Colombia,170,America,Latin America,2023,male,16,0.00108648,0.0010858901010614992,0.9989141098989385,98283.32043569,106.72488476057111,"United Nations, World Population Prospects 2024"
Colombia,170,America,Latin America,2023,male,17,0.00143226,0.0014312350496438985,0.9985687649503561,98176.59555092943,140.51378460720343,"United Nations, World Population Prospects 2024"
Colombia,170,America,Latin America,2023,male,18,0.00177147,0.0017699023355548173,0.9982300976644451,98036.08176632221,173.51429008685673,"United Nations, World Population Prospects 2024"
Colombia,170,America,Latin America,2023,male,19,0.00203194,0.0020298777051479004,0.997970122294852,97862.56747623534,198.64904388854217,"United Nations, World Population Prospects 2024"
Colombia,170,America,Latin America,2023,male,20,0.00218541,0.002183024598106526,0.9978169754018935,97663.9184323468,213.20273628528244,"United Nations, World Population Prospects 2024"
Colombia,170,America,Latin America,2023,male,21,0.00224298,0.002240467338284787,0.9977595326617152,97450.71569606152,218.33514560950246,"United Nations, World Population Prospects 2024"
Colombia,170,America,Latin America,2023,male,22,0.00224142,0.002238910830243438,0.9977610891697566,97232.38055045203,217.69462986475847,"United Nations, World Population Prospects 2024"
Colombia,170,America,Latin America,2023,male,23,0.00222215,0.0022196837648609568,0.9977803162351391,97014.68592058728,215.34192329101242,"United Nations, World Population Prospects 2024"
Colombia,170,America,Latin America,2023,male,24,0.00220454,0.0022021126772592374,0.9977978873227408,96799.34399729627,213.16306256682398,"United Nations, World Population Prospects 2024"
Colombia,170,America,Latin America,2023,male,25,0.00219818,0.0021957666548273456,0.9978042333451727,96586.18093472943,212.0807154135996,"United Nations, World Population Prospects 2024"
Colombia,170,America,Latin America,2023,male,26,0.00219963,0.0021972134716656605,0.9978027865283343,96374.10021931583,211.75447132153724,"United Nations, World Population Prospects 2024"
Colombia,170,America,Latin America,2023,male,27,0.00220185,0.002199428594075068,0.9978005714059249,96162.3457479943,211.5022129114717,"United Nations, World Population Prospects 2024"
Colombia,170,America,Latin America,2023,male,28,0.00220055,0.002198131450917841,0.9978018685490821,95950.84353508284,210.91256691656238,"United Nations, World Population Prospects 2024"
Colombia,170,America,Latin America,2023,male,29,0.00219312,0.0021907177465478457,0.9978092822534521,95739.93096816627,209.73916582522753,"United Nations, World Population Prospects 2024"
Colombia,170,America,Latin America,2023,male,30,0.00218116,0.0021787838618958937,0.99782121613810415,95530.19180234104,208.13964022276005,"United Nations, World Population Prospects 2024"
Colombia,170,America,Latin America,2023,male,31,0.00216782,0.0021654728223531234,0.9978345271776469,95322.05216211827,206.4173133279939,"United Nations, World Population Prospects 2024"
Colombia,170,America,Latin America,2023,male,32,0.00215648,0.0021541573014313047,0.9978458426985687,95115.63484879029,204.89403928979544,"United Nations, World Population Prospects 2024"
Colombia,170,America,Latin America,2023,male,33,0.00215036,0.002148050459107377,0.9978519495408926,94910.7408095005,203.8730603700688,"United Nations, World Population Prospects 2024"
Colombia,170,America,Latin America,2023,male,34,0.00215122,0.002148908612407409,0.9978510913875925,94706.86774913043,203.51640376023585,"United Nations, World Population Prospects 2024"
Colombia,170,America,Latin America,2023,male,35,0.00216011,0.002157779479484285,0.9978422205205157,94503.35134537017,203.91739227553336,"United Nations, World Population Prospects 2024"
Colombia,170,America,Latin America,2023,male,36,0.00217717,0.0021748025425741917,0.9978251974574258,94299.43395309465,205.0826487244973,"United Nations, World Population Prospects 2024"
Colombia,170,America,Latin America,2023,male,37,0.00220218,0.0021997578686084544,0.9978002421313915,94094.35130437015,206.98478967339642,"United Nations, World Population Prospects 2024"
Colombia,170,America,Latin America,2023,male,38,0.00223467,0.0022321759117276694,0.9977678240882724,93887.36651469675,209.5731179496531,"United Nations, World Population Prospects 2024"
Colombia,170,America,Latin America,2023,male,39,0.00227404,0.002271457307612099,0.9977285426923879,93677.7933967471,212.78510837201765,"United Nations, World Population Prospects 2024"
Colombia,170,America,Latin America,2023,male,40,0.00231974,0.002317052520293287,0.9976829474797068,93465.00828837509,216.56333301381247,"United Nations, World Population Prospects 2024"
Colombia,170,America,Latin America,2023,male,41,0.00237132,0.0023685117503580706,0.997631488249642,93248.44495536128,220.86003757939093,"United Nations, World Population Prospects 2024"
Colombia,170,America,Latin America,2023,male,42,0.00242957,0.002426622175780195,0.9975733778242198,93027.58491778189,225.74280052076472,"United Nations, World Population Prospects 2024"
Colombia,170,America,Latin America,2023,male,43,0.00249629,0.0024931781521552784,0.9975068218478447,92801.84211726113,231.37152524651898,"United Nations, World Population Prospects 2024"
Colombia,170,America,Latin America,2023,male,44,0.00257525,0.0025719383079362435,0.9974280616920638,92570.4705920146,238.0855394992878,"United Nations, World Population Prospects 2024"
Colombia,170,America,Latin America,2023,male,45,0.00267184,0.0026682753975309304,0.9973317246024691,92332.38505251532,246.36823143097925,"United Nations, World Population Prospects 2024"
Colombia,170,America,Latin America,2023,male,46,0.00279187,0.0027879781637020528,0.997212021836298,92086.01682108434,256.73380407948304,"United Nations, World Population Prospects 2024"
Colombia,170,America,Latin America,2023,male,47,0.00294172,0.0029373994965764655,0.9970626005034235,91829.28301700485,269.7392897051278,"United Nations, World Population Prospects 2024"
Colombia,170,America,Latin America,2023,male,48,0.00312532,0.0031204438072801157,0.9968795561927198,91559.54372729974,285.70641122124545,"United Nations, World Population Prospects 2024"
Colombia,170,America,Latin America,2023,male,49,0.00334444,0.003338856697054053,0.996661143302946,91273.83731607848,304.75026298861076,"United Nations, World Population Prospects 2024"
Colombia,170,America,Latin America,2023,male,50,0.00359745,0.0035909907950821157,0.9964090092049179,90969.08705308987,326.66915424466936,"United Nations, World Population Prospects 2024"
Colombia,170,America,Latin America,2023,male,51,0.00387912,0.0038716107785982615,0.9961283892214018,90642.4178988452,350.9321621353771,"United Nations, World Population Prospects 2024"
Colombia,170,America,Latin America,2023,male,52,0.00418552,0.004176779003971648,0.9958232209960284,90291.48573670984,377.1275818624952,"United Nations, World Population Prospects 2024"
Colombia,170,America,Latin America,2023,male,53,0.0045143,0.004504133495081577,0.9954958665049184,89914.35815484734,404.98627225400924,"United Nations, World Population Prospects 2024"
Colombia,170,America,Latin America,2023,male,54,0.00486989,0.004858060888928807,0.9951419391110712,89509.37188259333,434.8419787354106,"United Nations, World Population Prospects 2024"
Colombia,170,America,Latin America,2023,male,55,0.00526452,0.005250698795588325,0.9947493012044116,89074.52990385793,467.70352688378307,"United Nations, World Population Prospects 2024"
Colombia,170,America,Latin America,2023,male,56,0.00571519,0.005698904838029371,0.9943010951619706,88606.82637697413,504.96187152216635,"United Nations, World Population Prospects 2024"
Colombia,170,America,Latin America,2023,male,57,0.00624431,0.006224874975470958,0.993775125024529,88101.86450545196,548.423091652321,"United Nations, World Population Prospects 2024"
Colombia,170,America,Latin America,2023,male,58,0.00687032,0.006846800146010431,0.9931531998539895,87553.44141379965,599.4609154557191,"United Nations, World Population Prospects 2024"
Colombia,170,America,Latin America,2023,male,59,0.00760539,0.007576578582507192,0.9924234214174928,86953.98049834392,658.8136663075006,"United Nations, World Population Prospects 2024"
Colombia,170,America,Latin America,2023,male,60,0.00845174,0.008416174341336177,0.9915838256586639,86295.16683203643,726.2751688731097,"United Nations, World Population Prospects 2024"
Colombia,170,America,Latin America,2023,male,61,0.00939639,0.009352450364459945,0.99064754963554,85568.89166316332,800.2788120215853,"United Nations, World Population Prospects 2024"
Colombia,170,America,Latin America,2023,male,62,0.01042319,0.010369150188722207,0.9896308498112778,84768.61285114173,878.978477943136,"United Nations, World Population Prospects 2024"
Colombia,170,America,Latin America,2023,male,63,0.01151511,0.011449190655097788,0.9885508093449022,83889.6343731986,960.4684179251956,"United Nations, World Population Prospects 2024"
Colombia,170,America,Latin America,2023,male,64,0.01266644,0.012586725498339408,0.9874132745016606,82929.1659552734,1043.80664768526,"United Nations, World Population Prospects 2024"
Colombia,170,America,Latin America,2023,male,65,0.01389216,0.01379632959095486,0.9862036704090451,81885.35930758815,1129.7174056812494,"United Nations, World Population Prospects 2024"
Colombia,170,America,Latin America,2023,male,66,0.01522135,0.015106380249494678,0.9848936197505054,80755.6419019069,1219.925433862231,"United Nations, World Population Prospects 2024"
Colombia,170,America,Latin America,2023,male,67,0.01670142,0.016563106302568083,0.9834368936974319,79535.71646804467,1317.3585267111387,"United Nations, World Population Prospects 2024"
Colombia,170,America,Latin America,2023,male,68,0.0183829,0.01821547338713581,0.9817845266128642,78218.35794133352,1424.7844174658237,"United Nations, World Population Prospects 2024"
Colombia,170,America,Latin America,2023,male,69,0.02031349,0.020109245521099797,0.9798907544789002,76793.57352386772,1544.2608244340847,"United Nations, World Population Prospects 2024"
Colombia,170,America,Latin America,2023,male,70,0.02253815,0.022286996168650763,0.9777130038313493,75249.31269943362,1677.0811438258804,"United Nations, World Population Prospects 2024"
Colombia,170,America,Latin America,2023,male,71,0.0250915,0.02478060867866958,0.9752193913213304,73572.23155560775,1823.1646797959816,"United Nations, World Population Prospects 2024"
Colombia,170,America,Latin America,2023,male,72,0.02801296,0.027626016748926497,0.9723739832510735,71749.06687581177,1982.1409232310232,"United Nations, World Population Prospects 2024"
Colombia,170,America,Latin America,2023,male,73,0.03135086,0.030867006401838433,0.9691329935981615,69766.92595258074,2153.496150014898,"United Nations, World Population Prospects 2024"
Colombia,170,America,Latin America,2023,male,74,0.03517151,0.03456368156411545,0.9654363184358845,67613.42980256584,2336.969057153559,"United Nations, World Population Prospects 2024"
Colombia,170,America,Latin America,2023,male,75,0.03957235,0.03880455625906088,0.9611954437409391,65276.46074541227,2533.0240933877294,"United Nations, World Population Prospects 2024"
Colombia,170,America,Latin America,2023,male,76,0.04467667,0.04370047416836815,0.9562995258316318,62743.436652024546,2741.917932646442,"United Nations, World Population Prospects 2024"
Colombia,170,America,Latin America,2023,male,77,0.05063958,0.049389059387998355,0.9506109406120017,60001.5187193781,2963.41857140146,"United Nations, World Population Prospects 2024"
Colombia,170,America,Latin America,2023,male,78,0.05764037,0.05602569899034397,0.9439743010096561,57038.10014797664,3195.599429871633,"United Nations, World Population Prospects 2024"
Colombia,170,America,Latin America,2023,male,79,0.06586833,0.06376817829430592,0.9362318217056941,53842.50071810501,3433.4381856034147,"United Nations, World Population Prospects 2024"
Colombia,170,America,Latin America,2023,male,80,0.07552091,0.07277296955779645,0.9272270304422036,50409.06253250159,3668.4171731147962,"United Nations, World Population Prospects 2024"
Colombia,170,America,Latin America,2023,male,81,0.08677578,0.08316732524085553,0.9168326747591444,46740.6453593868,3887.294454571607,"United Nations, World Population Prospects 2024"
Colombia,170,America,Latin America,2023,male,82,0.0997833,0.09504152166559283,0.9049584783344071,42853.35090481519,4072.8476784632453,"United Nations, World Population Prospects 2024"
Colombia,170,America,Latin America,2023,male,83,0.11462123,0.10840828454181367,0.8915917154581863,38780.50322635194,4204.127828437084,"United Nations, World Population Prospects 2024"
Colombia,170,America,Latin America,2023,male,84,0.13127142,0.12318601823131471,0.8768139817686853,34576.37539791486,4259.326010140321,"United Nations, World Population Prospects 2024"
Colombia,170,America,Latin America,2023,male,85,0.14956054,0.13915452690622987,0.8608454730937701,30317.049387774536,4218.7546647485715,"United Nations, World Population Prospects 2024"
Colombia,170,America,Latin America,2023,male,86,0.16920366,0.15600532409206797,0.843994675907932,26098.294723025967,4071.472926515973,"United Nations, World Population Prospects 2024"
Colombia,170,America,Latin America,2023,male,87,0.189896,0.17342924047534677,0.8265707595246532,22026.82179650999,3820.094974254541,"United Nations, World Population Prospects 2024"
Colombia,170,America,Latin America,2023,male,88,0.2113744,0.1911701609641497,0.8088298390358503,18206.72682225545,3480.5828972408763,"United Nations, World Population Prospects 2024"
Colombia,170,America,Latin America,2023,male,89,0.23366279,0.20921939609335571,0.7907806039066443,14726.143925014574,3080.994938775388,"United Nations, World Population Prospects 2024"
Colombia,170,America,Latin America,2023,male,90,0.25694898,0.22769586931468874,0.7723041306853112,11645.148986239185,2651.5523217207974,"United Nations, World Population Prospects 2024"
Colombia,170,America,Latin America,2023,male,91,0.28165081,0.24688336073651865,0.7531166392634814,8993.596664518387,2220.3693696450437,"United Nations, World Population Prospects 2024"
Colombia,170,America,Latin America,2023,male,92,0.30819701,0.2670456712878248,0.7329543287121751,6773.2272948733435,1808.7610297444696,"United Nations, World Population Prospects 2024"
Colombia,170,America,Latin America,2023,male,93,0.33665701,0.2881526972587217,0.7118473027412783,4964.466265128873,1430.524344746817,"United Nations, World Population Prospects 2024"
Colombia,170,America,Latin America,2023,male,94,0.36685031,0.3099902925419901,0.6900097074580098,3533.941920382056,1095.4876897256358,"United Nations, World Population Prospects 2024"
Colombia,170,America,Latin America,2023,male,95,0.39867983,0.3324160440370235,0.6675839559629765,2438.45423065642,810.5813089201508,"United Nations, World Population Prospects 2024"
Colombia,170,America,Latin America,2023,male,96,0.43051097,0.3542555251252374,0.6457444748747626,1627.8729217362693,576.6829767268365,"United Nations, World Population Prospects 2024"
Colombia,170,America,Latin America,2023,male,97,0.46292454,0.3759145134020225,0.6240854865979775,1051.1899450094327,395.15755667131964,"United Nations, World Population Prospects 2024"
Colombia,170,America,Latin America,2023,male,98,0.4956544,0.3972139732168044,0.6027860267831956,656.0323883381129,260.58523153069143,"United Nations, World Population Prospects 2024"
Colombia,170,America,Latin America,2023,male,99,0.52842858,0.4179897222962098,0.5820102777037902,395.44715680742155,165.29284725675987,"United Nations, World Population Prospects 2024"
Colombia,170,America,Latin America,2023,male,100,0.59456558,1,0,230.1543095506617,230.1543095506617,"United Nations, World Population Prospects 2024"
India,356,Asia,Southern Asia,2023,both,0,0.02308667,0.022823213995078123,0.9771767860049219,100000,2282.321399507812,"United Nations, World Population Prospects 2024"
India,356,Asia,Southern Asia,2023,both,1,0.00282578,0.0028217931167233124,0.9971782068832767,97717.67860049219,275.7390728570498,"United Nations, World Population Prospects 2024"
India,356,Asia,Southern Asia,2023,both,2,9.6757e-4,9.671021304957982e-4,0.9990328978695042,97441.93952763514,94.23630731681867,"United Nations, World Population Prospects 2024"
India,356,Asia,Southern Asia,2023,both,3,6.8007e-4,6.798388310030998e-4,0.9993201611689969,97347.70322031833,66.18074875813791,"United Nations, World Population Prospects 2024"
India,356,Asia,Southern Asia,2023,both,4,6.5701e-4,6.567942398082519e-4,0.9993432057601918,97281.5224715602,63.893943599097746,"United Nations, World Population Prospects 2024"
India,356,Asia,Southern Asia,2023,both,5,5.9807e-4,5.978912096021366e-4,0.9994021087903978,97217.62852796109,58.12556551523384,"United Nations, World Population Prospects 2024"
India,356,Asia,Southern Asia,2023,both,6,5.1103e-4,5.108994575251105e-4,0.9994891005424749,97159.50296244585,49.63873735692295,"United Nations, World Population Prospects 2024"
India,356,Asia,Southern Asia,2023,both,7,4.1541e-4,4.153237351835837e-4,0.9995846762648164,97109.86422508892,40.332031533134604,"United Nations, World Population Prospects 2024"
India,356,Asia,Southern Asia,2023,both,8,3.3081e-4,0.00033075529142102253,0.999669244708579,97069.53219355579,32.106261408781876,"United Nations, World Population Prospects 2024"
India,356,Asia,Southern Asia,2023,both,9,2.7689e-4,2.76851671270371e-4,0.9997231483287297,97037.42593214702,26.86497354508974,"United Nations, World Population Prospects 2024"
India,356,Asia,Southern Asia,2023,both,10,2.7308e-4,2.7304271874718225e-4,0.9997269572812528,97010.56095860193,26.488027311325926,"United Nations, World Population Prospects 2024"
India,356,Asia,Southern Asia,2023,both,11,2.9798e-4,2.9793561057338063e-4,0.9997020643894267,96984.0729312906,28.895008984677343,"United Nations, World Population Prospects 2024"
India,356,Asia,Southern Asia,2023,both,12,3.4641e-4,3.4635001044644063e-4,0.9996536499895535,96955.17792230593,33.580426886227166,"United Nations, World Population Prospects 2024"
India,356,Asia,Southern Asia,2023,both,13,4.1307e-4,4.129847042041172e-4,0.9995870152957959,96921.5974954197,40.02713727263641,"United Nations, World Population Prospects 2024"
India,356,Asia,Southern Asia,2023,both,14,4.8644e-4,4.863217168320321e-4,0.999513678283168,96881.57035814704,47.115611625957385,"United Nations, World Population Prospects 2024"
India,356,Asia,Southern Asia,2023,both,15,5.4683e-4,5.466805293430696e-4,0.999453319470657,96834.45474652109,52.93751097947567,"United Nations, World Population Prospects 2024"
India,356,Asia,Southern Asia,2023,both,16,5.8669e-4,5.865179478925754e-4,0.9994134820521074,96781.51723554163,56.76409688291979,"United Nations, World Population Prospects 2024"
India,356,Asia,Southern Asia,2023,both,17,6.1224e-4,6.120526384463188e-4,0.9993879473615537,96724.7531386587,59.20064036158492,"United Nations, World Population Prospects 2024"
India,356,Asia,Southern Asia,2023,both,18,6.3274e-4,6.325398833571023e-4,0.9993674601166429,96665.55249829713,61.144817301922714,"United Nations, World Population Prospects 2024"
India,356,Asia,Southern Asia,2023,both,19,6.5849e-4,6.582732668182663e-4,0.9993417267331818,96604.4076809952,63.59209903321232,"United Nations, World Population Prospects 2024"
India,356,Asia,Southern Asia,2023,both,20,7.0029e-4,7.000448827845174e-4,0.9992999551172155,96540.81558196199,67.58290392799628,"United Nations, World Population Prospects 2024"
India,356,Asia,Southern Asia,2023,both,21,7.6117e-4,7.608804203252305e-4,0.9992391195796748,96473.232678034,73.40459383019626,"United Nations, World Population Prospects 2024"
India,356,Asia,Southern Asia,2023,both,22,8.3659e-4,8.362402049034899e-4,0.9991637597950965,96399.8280842038,80.61341198979578,"United Nations, World Population Prospects 2024"
India,356,Asia,Southern Asia,2023,both,23,9.1969e-4,9.19267279537841e-4,0.9990807327204622,96319.214672214,88.54310243894747,"United Nations, World Population Prospects 2024"
India,356,Asia,Southern Asia,2023,both,24,0.00100061,0.0010001096401464865,0.9989998903598535,96230.67156977506,96.24122231470247,"United Nations, World Population Prospects 2024"
India,356,Asia,Southern Asia,2023,both,25,0.00106617,0.0010656019435879023,0.998934398056412,96134.43034746035,102.44103582396957,"United Nations, World Population Prospects 2024"
India,356,Asia,Southern Asia,2023,both,26,0.001111,0.00111038318214232,0.9988896168178577,96031.98931163638,106.63230587931207,"United Nations, World Population Prospects 2024"
India,356,Asia,Southern Asia,2023,both,27,0.00114154,0.0011408888148911245,0.9988591111851088,95925.35700575708,109.44016687230622,"United Nations, World Population Prospects 2024"
India,356,Asia,Southern Asia,2023,both,28,0.00116644,0.0011657601053913335,0.9988342398946086,95815.91683888476,111.69837331226555,"United Nations, World Population Prospects 2024"
India,356,Asia,Southern Asia,2023,both,29,0.00119575,0.0011950355181395923,0.9988049644818604,95704.218465572485,114.36994030215016,"United Nations, World Population Prospects 2024"
India,356,Asia,Southern Asia,2023,both,30,0.00124082,0.0012400506601699239,0.99875994933983,95589.84852527034,118.5362547693045,"United Nations, World Population Prospects 2024"
India,356,Asia,Southern Asia,2023,both,31,0.00130795,0.001307095192421536,0.9986929048075784,95471.31227050103,124.7900932829471,"United Nations, World Population Prospects 2024"
India,356,Asia,Southern Asia,2023,both,32,0.00139512,0.0013941474984709664,0.998605852501529,95346.52217721808,132.92711538127512,"United Nations, World Population Prospects 2024"
India,356,Asia,Southern Asia,2023,both,33,0.00149895,0.001497827415797545,0.9985021725842025,95213.59506183681,142.6135330402649,"United Nations, World Population Prospects 2024"
India,356,Asia,Southern Asia,2023,both,34,0.00161477,0.001613467310695354,0.9983865326893047,95070.98152879653,153.393920892435,"United Nations, World Population Prospects 2024"
India,356,Asia,Southern Asia,2023,both,35,0.00173476,0.0017332566078834537,0.9982667433921165,94917.5876079041,164.51653592575641,"United Nations, World Population Prospects 2024"
India,356,Asia,Southern Asia,2023,both,36,0.00185402,0.0018523028966917377,0.9981476971033083,94753.07107197834,175.51138801706358,"United Nations, World Population Prospects 2024"
India,356,Asia,Southern Asia,2023,both,37,0.00197878,0.0019768241499542767,0.9980231758500457,94577.55968396128,186.96320402699664,"United Nations, World Population Prospects 2024"
India,356,Asia,Southern Asia,2023,both,38,0.00211868,0.0021164379725981076,0.9978835620274019,94390.59647993429,199.7718426463182,"United Nations, World Population Prospects 2024"
India,356,Asia,Southern Asia,2023,both,39,0.00228539,0.0022827814770201168,0.9977172185229799,94190.82463728798,215.01706978725105,"United Nations, World Population Prospects 2024"
India,356,Asia,Southern Asia,2023,both,40,0.00249442,0.0024913128097505508,0.9975086871902494,93975.80756750073,234.12313319956732,"United Nations, World Population Prospects 2024"
India,356,Asia,Southern Asia,2023,both,41,0.00275701,0.002753214679797825,0.9972467853202022,93741.68443430116,258.09098169349323,"United Nations, World Population Prospects 2024"
India,356,Asia,Southern Asia,2023,both,42,0.00306277,0.0030580868916054984,0.9969419131083945,93483.59345260767,285.8809517175971,"United Nations, World Population Prospects 2024"
India,356,Asia,Southern Asia,2023,both,43,0.00339065,0.003384911474953724,0.9966150885250463,93197.71250089008,315.46600648370094,"United Nations, World Population Prospects 2024"
India,356,Asia,Southern Asia,2023,both,44,0.00371005,0.0037031805075789285,0.9962968194924211,92882.24649440637,343.95972471822694,"United Nations, World Population Prospects 2024"
India,356,Asia,Southern Asia,2023,both,45,0.00397923,0.003971328585077202,0.9960286714149228,92538.28676968814,367.49994346253396,"United Nations, World Population Prospects 2024"
India,356,Asia,Southern Asia,2023,both,46,0.00416828,0.004159610788770691,0.9958403892112293,92170.78682622561,383.39459929185153,"United Nations, World Population Prospects 2024"
India,356,Asia,Southern Asia,2023,both,47,0.00431097,0.004301697755014532,0.9956983022449855,91787.39222693376,394.8416190812393,"United Nations, World Population Prospects 2024"
India,356,Asia,Southern Asia,2023,both,48,0.00446283,0.004452893746101543,0.9955471062538984,91392.55060785254,406.9613170419753,"United Nations, World Population Prospects 2024"
India,356,Asia,Southern Asia,2023,both,49,0.00468861,0.004677644175371456,0.9953223558246286,90985.58929081055,425.59821178889945,"United Nations, World Population Prospects 2024"
India,356,Asia,Southern Asia,2023,both,50,0.00506837,0.005055558280040096,0.9949444417199599,90559.99107902165,457.8313127399052,"United Nations, World Population Prospects 2024"
India,356,Asia,Southern Asia,2023,both,51,0.00568932,0.005673181726868845,0.9943268182731312,90102.15976628174,511.1659263374868,"United Nations, World Population Prospects 2024"
India,356,Asia,Southern Asia,2023,both,52,0.00656823,0.006546729786507185,0.9934532702134928,89590.99383994426,586.5280279747449,"United Nations, World Population Prospects 2024"
India,356,Asia,Southern Asia,2023,both,53,0.00768811,0.007658669652628464,0.9923413303473715,89004.46581196951,681.6558012625385,"United Nations, World Population Prospects 2024"
India,356,Asia,Southern Asia,2023,both,54,0.00899205,0.008951802472289525,0.9910481975277105,88322.81001070698,790.6483490134048,"United Nations, World Population Prospects 2024"
India,356,Asia,Southern Asia,2023,both,55,0.01035541,0.010302068926210417,0.9896979310737896,87532.16166169356,901.76236269896,"United Nations, World Population Prospects 2024"
India,356,Asia,Southern Asia,2023,both,56,0.0116009,0.011533997623484858,0.9884660023765152,86630.3992989946,999.194819636148,"United Nations, World Population Prospects 2024"
India,356,Asia,Southern Asia,2023,both,57,0.01268064,0.012600747230320652,0.9873992527696793,85631.20447935846,1079.0171626722977,"United Nations, World Population Prospects 2024"
India,356,Asia,Southern Asia,2023,both,58,0.01363596,0.013543619870594685,0.9864563801294053,84552.18731668616,1145.1426842445146,"United Nations, World Population Prospects 2024"
India,356,Asia,Southern Asia,2023,both,59,0.01454552,0.01444049772576,0.98555950227424,83407.04463244164,1204.4392383271363,"United Nations, World Population Prospects 2024"
India,356,Asia,Southern Asia,2023,both,60,0.01551977,0.015400265709127725,0.9845997342908723,82202.60539411451,1265.9419650519394,"United Nations, World Population Prospects 2024"
India,356,Asia,Southern Asia,2023,both,61,0.01668709,0.016549012568925606,0.9834509874310744,80936.66342906257,1339.4218603744578,"United Nations, World Population Prospects 2024"
India,356,Asia,Southern Asia,2023,both,62,0.01809122,0.017929040888449037,0.982070959111551,79597.24156868811,1427.1021986927647,"United Nations, World Population Prospects 2024"
India,356,Asia,Southern Asia,2023,both,63,0.01972681,0.019534136896464726,0.9804658631035352,78170.13936999535,1526.986203669216,"United Nations, World Population Prospects 2024"
India,356,Asia,Southern Asia,2023,both,64,0.02158019,0.021349823377523305,0.9786501766224767,76643.15316632613,1636.3177831975288,"United Nations, World Population Prospects 2024"
India,356,Asia,Southern Asia,2023,both,65,0.02362579,0.023349959381571233,0.9766500406184287,75006.83538312861,1751.4065595362529,"United Nations, World Population Prospects 2024"
India,356,Asia,Southern Asia,2023,both,66,0.0258248,0.025495590734203665,0.9745044092657963,73255.428823592345,1867.690432344897,"United Nations, World Population Prospects 2024"
India,356,Asia,Southern Asia,2023,both,67,0.02816269,0.02777162812318572,0.9722283718768143,71387.73839124745,1982.5537231569926,"United Nations, World Population Prospects 2024"
India,356,Asia,Southern Asia,2023,both,68,0.03064801,0.030185448043257873,0.9698145519567422,69405.18466809046,2095.0265957313622,"United Nations, World Population Prospects 2024"
India,356,Asia,Southern Asia,2023,both,69,0.03329216,0.03274704998616628,0.9672529500138337,67310.15807235909,2204.209110972297,"United Nations, World Population Prospects 2024"
India,356,Asia,Southern Asia,2023,both,70,0.03610905,0.03546867983323388,0.9645313201667661,65105.94896138679,2309.222058950294,"United Nations, World Population Prospects 2024"
India,356,Asia,Southern Asia,2023,both,71,0.03912014,0.03836962740214021,0.9616303725978598,62796.72690243651,2409.4870133204436,"United Nations, World Population Prospects 2024"
India,356,Asia,Southern Asia,2023,both,72,0.04237299,0.041493880116383636,0.9585061198836163,60387.23988911606,2505.7008925182818,"United Nations, World Population Prospects 2024"
India,356,Asia,Southern Asia,2023,both,73,0.04594206,0.044910421363545366,0.9550895786364546,57881.53899659778,2599.4843055076894,"United Nations, World Population Prospects 2024"
India,356,Asia,Southern Asia,2023,both,74,0.04990432,0.04868941395274488,0.9513105860472552,55282.05469109009,2691.650845012767,"United Nations, World Population Prospects 2024"
India,356,Asia,Southern Asia,2023,both,75,0.05435642,0.05291819809923733,0.9470818019007626,52590.403846077315,2782.989408845612,"United Nations, World Population Prospects 2024"
India,356,Asia,Southern Asia,2023,both,76,0.05946182,0.057745008353687274,0.9422549916463128,49807.41443723171,2876.129562753509,"United Nations, World Population Prospects 2024"
India,356,Asia,Southern Asia,2023,both,77,0.06526391,0.06320152081677541,0.9367984791832246,46931.2848744782,2966.128577952351,"United Nations, World Population Prospects 2024"
India,356,Asia,Southern Asia,2023,both,78,0.07164511,0.06916735849606982,0.9308326415039302,43965.15629652585,3040.953726897545,"United Nations, World Population Prospects 2024"
India,356,Asia,Southern Asia,2023,both,79,0.0784465,0.07548570530922975,0.9245142946907703,40924.2025696283,3089.192295186185,"United Nations, World Population Prospects 2024"
India,356,Asia,Southern Asia,2023,both,80,0.0854377,0.08193742733240125,0.9180625726675987,37835.010274442124,3100.1034049827563,"United Nations, World Population Prospects 2024"
India,356,Asia,Southern Asia,2023,both,81,0.09231574,0.08824264735493505,0.911757352645065,34734.906869459366,3065.100137788214,"United Nations, World Population Prospects 2024"
India,356,Asia,Southern Asia,2023,both,82,0.09896037,0.09429465311915347,0.9057053468808465,31669.806731671153,2986.293440113563,"United Nations, World Population Prospects 2024"
India,356,Asia,Southern Asia,2023,both,83,0.10560921,0.10031226069722596,0.899687739302774,28683.51329155758,2877.30806301507,"United Nations, World Population Prospects 2024"
India,356,Asia,Southern Asia,2023,both,84,0.112614,0.10661105152195337,0.8933889484780466,25806.205228542516,2751.2266752062487,"United Nations, World Population Prospects 2024"
India,356,Asia,Southern Asia,2023,both,85,0.12045015,0.11360809401720669,0.8863919059827933,23054.978553336266,2619.2321710521105,"United Nations, World Population Prospects 2024"
India,356,Asia,Southern Asia,2023,both,86,0.12972172,0.12182034749591605,0.8781796525040839,20435.746382284153,2489.4897256282648,"United Nations, World Population Prospects 2024"
India,356,Asia,Southern Asia,2023,both,87,0.14082508,0.13156150057808552,0.8684384994219145,17946.25665665589,2361.036455509105,"United Nations, World Population Prospects 2024"
India,356,Asia,Southern Asia,2023,both,88,0.15357814,0.142626020526007,0.857373979473993,15585.220201146785,2222.8579363111003,"United Nations, World Population Prospects 2024"
India,356,Asia,Southern Asia,2023,both,89,0.16759701,0.1546385321873091,0.8453614678126908,13362.362264835683,2066.3360871892774,"United Nations, World Population Prospects 2024"
India,356,Asia,Southern Asia,2023,both,90,0.18229112,0.16706397998815117,0.8329360200118489,11296.026177646405,1887.1590912879508,"United Nations, World Population Prospects 2024"
India,356,Asia,Southern Asia,2023,both,91,0.19681322,0.17918065879082792,0.8208193412091721,9408.867086358456,1685.8870030090457,"United Nations, World Population Prospects 2024"
India,356,Asia,Southern Asia,2023,both,92,0.21051148,0.19046404590488714,0.8095359540951128,7722.980083349409,1470.950033117591,"United Nations, World Population Prospects 2024"
India,356,Asia,Southern Asia,2023,both,93,0.22369323,0.20119072809337105,0.798809271906629,6252.030050231819,1257.8504778677748,"United Nations, World Population Prospects 2024"
India,356,Asia,Southern Asia,2023,both,94,0.23697551,0.2118713494543353,0.7881286505456647,4994.179572364043,1058.123565414045,"United Nations, World Population Prospects 2024"
India,356,Asia,Southern Asia,2023,both,95,0.25708676,0.22780405658841402,0.7721959434115859,3936.0560069499984,896.6495253424043,"United Nations, World Population Prospects 2024"
India,356,Asia,Southern Asia,2023,both,96,0.27512286,0.24185318941413125,0.7581468105858687,3039.4064816075943,735.0901515027797,"United Nations, World Population Prospects 2024"
India,356,Asia,Southern Asia,2023,both,97,0.29393888,0.25627437815605625,0.7437256218439438,2304.3163301048144,590.5372345724569,"United Nations, World Population Prospects 2024"
India,356,Asia,Southern Asia,2023,both,98,0.31350082,0.27101855101136296,0.728981448988637,1713.7790955323574,464.46592722474367,"United Nations, World Population Prospects 2024"
India,356,Asia,Southern Asia,2023,both,99,0.33376617,0.2860322291842974,0.7139677708157026,1249.3131683076138,357.3438304803241,"United Nations, World Population Prospects 2024"
India,356,Asia,Southern Asia,2023,both,100,0.39442945,1,0,891.9693378272897,891.9693378272897,"United Nations, World Population Prospects 2024"
India,356,Asia,Southern Asia,2023,female,0,0.02295186,0.022691454457052677,0.9773085455429473,100000,2269.145445705268,"United Nations, World Population Prospects 2024"
India,356,Asia,Southern Asia,2023,female,1,0.00313023,0.00312533848585571,0.9968746615141443,97730.85455429474,305.44200099410415,"United Nations, World Population Prospects 2024"
India,356,Asia,Southern Asia,2023,female,2,0.00107649,0.0010759108963395998,0.9989240891036604,97425.41255330063,104.82106294647697,"United Nations, World Population Prospects 2024"
India,356,Asia,Southern Asia,2023,female,3,7.1097e-4,7.107173506426068e-4,0.9992892826493573,97320.59149035414,69.16743294699592,"United Nations, World Population Prospects 2024"
India,356,Asia,Southern Asia,2023,female,4,6.3127e-4,6.310708119642656e-4,0.9993689291880358,97251.42405740714,61.372535144589044,"United Nations, World Population Prospects 2024"
India,356,Asia,Southern Asia,2023,female,5,5.4196e-4,5.418131794646286e-4,0.9994581868205353,97190.05152226257,52.658850827608155,"United Nations, World Population Prospects 2024"
India,356,Asia,Southern Asia,2023,female,6,4.5036e-4,4.5025861076602774e-4,0.999549741389234,97137.39267143495,43.73694747767443,"United Nations, World Population Prospects 2024"
India,356,Asia,Southern Asia,2023,female,7,3.6699e-4,3.6692267152438866e-4,0.9996330773284756,97093.65572395729,35.625863546303655,"United Nations, World Population Prospects 2024"
India,356,Asia,Southern Asia,2023,female,8,3.0238e-4,3.02334290078683e-4,0.9996976657099214,97058.02986041097,29.343970554282965,"United Nations, World Population Prospects 2024"
India,356,Asia,Southern Asia,2023,female,9,2.671e-4,2.670643335582533e-4,0.9997329356664417,97028.6858898567,25.912901333207675,"United Nations, World Population Prospects 2024"
India,356,Asia,Southern Asia,2023,female,10,2.7164e-4,2.716031108654823e-4,0.9997283968891345,97002.77298852349,26.34625490626116,"United Nations, World Population Prospects 2024"
India,356,Asia,Southern Asia,2023,female,11,3.0377e-4,3.037238689001721e-4,0.9996962761310998,96976.42673361722,29.4540555196483,"United Nations, World Population Prospects 2024"
India,356,Asia,Southern Asia,2023,female,12,3.5867e-4,3.586056894486828e-4,0.9996413943105513,96946.97267809758,34.765735977191795,"United Nations, World Population Prospects 2024"
India,356,Asia,Southern Asia,2023,female,13,4.2927e-4,4.291778834049953e-4,0.999570822116595,96912.20694212038,41.592575851526114,"United Nations, World Population Prospects 2024"
India,356,Asia,Southern Asia,2023,female,14,4.9993e-4,4.998050662266206e-4,0.9995001949337734,96870.61436626886,48.41642382874643,"United Nations, World Population Prospects 2024"
India,356,Asia,Southern Asia,2023,female,15,5.4596e-4,5.458110045119882e-4,0.999454188995488,96822.1979424401,52.846621118021794,"United Nations, World Population Prospects 2024"
India,356,Asia,Southern Asia,2023,female,16,5.6049e-4,5.603329694869662e-4,0.999439667030513,96769.35132132209,54.22305798120388,"United Nations, World Population Prospects 2024"
India,356,Asia,Southern Asia,2023,female,17,5.5503e-4,5.548760135830904e-4,0.9994451239864169,96715.12826334087,53.664904823939864,"United Nations, World Population Prospects 2024"
India,356,Asia,Southern Asia,2023,female,18,5.4417e-4,5.440219797796317e-4,0.9994559780202203,96661.46335851694,52.58596066469671,"United Nations, World Population Prospects 2024"
India,356,Asia,Southern Asia,2023,female,19,5.4219e-4,5.420430548380487e-4,0.9994579569451619,96608.87739785225,52.36617102920635,"United Nations, World Population Prospects 2024"
India,356,Asia,Southern Asia,2023,female,20,5.6263e-4,5.624717682545135e-4,0.9994375282317455,96556.51122682304,54.310311606237946,"United Nations, World Population Prospects 2024"
India,356,Asia,Southern Asia,2023,female,21,6.0878e-4,6.08594749844095e-4,0.9993914052501559,96502.2009152168,58.73073282540096,"United Nations, World Population Prospects 2024"
India,356,Asia,Southern Asia,2023,female,22,6.7549e-4,6.752619336582167e-4,0.9993247380663418,96443.4701823914,65.12460416407018,"United Nations, World Population Prospects 2024"
India,356,Asia,Southern Asia,2023,female,23,7.555e-4,7.552147176404113e-4,0.9992447852823596,96378.34557822734,72.78634504251094,"United Nations, World Population Prospects 2024"
India,356,Asia,Southern Asia,2023,female,24,8.3723e-4,8.368796696171032e-4,0.9991631203303829,96305.55923318482,80.59616459335807,"United Nations, World Population Prospects 2024"
India,356,Asia,Southern Asia,2023,female,25,9.041e-4,9.036914862636345e-4,0.9990963085137363,96224.96306859146,86.95767989111876,"United Nations, World Population Prospects 2024"
India,356,Asia,Southern Asia,2023,female,26,9.4726e-4,9.468115616400605e-4,0.9990531884383599,96138.00538870035,91.02457501503592,"United Nations, World Population Prospects 2024"
India,356,Asia,Southern Asia,2023,female,27,9.7065e-4,9.701791478050913e-4,0.9990298208521949,96046.9808136853,93.18277799507315,"United Nations, World Population Prospects 2024"
India,356,Asia,Southern Asia,2023,female,28,9.8105e-4,9.805690063881415e-4,0.9990194309936119,95953.79803569023,94.08932039902517,"United Nations, World Population Prospects 2024"
India,356,Asia,Southern Asia,2023,female,29,9.8639e-4,9.859037571964694e-4,0.9990140962428036,95859.7087152912,94.50844698616473,"United Nations, World Population Prospects 2024"
India,356,Asia,Southern Asia,2023,female,30,9.9493e-4,9.944353032418727e-4,0.9990055646967582,95765.20026830505,95.2322959688306,"United Nations, World Population Prospects 2024"
India,356,Asia,Southern Asia,2023,female,31,0.00101165,0.0010111385408475757,0.9989888614591524,95669.96797233622,96.73559181848235,"United Nations, World Population Prospects 2024"
India,356,Asia,Southern Asia,2023,female,32,0.00103721,0.0010366723765221739,0.9989633276234778,95573.23238051773,99.0781299438173,"United Nations, World Population Prospects 2024"
India,356,Asia,Southern Asia,2023,female,33,0.00107218,0.0010716055229951775,0.9989283944770049,95474.15425057392,102.31063099820852,"United Nations, World Population Prospects 2024"
India,356,Asia,Southern Asia,2023,female,34,0.0011174,0.001116776057216833,0.9988832239427832,95371.84361957571,106.50899148697013,"United Nations, World Population Prospects 2024"
India,356,Asia,Southern Asia,2023,female,35,0.00117396,0.0011732713132045752,0.9988267286867955,95265.33462808875,111.77208426197097,"United Nations, World Population Prospects 2024"
India,356,Asia,Southern Asia,2023,female,36,0.00124382,0.0012430469366796096,0.9987569530633204,95153.56254382679,118.28034443425553,"United Nations, World Population Prospects 2024"
India,356,Asia,Southern Asia,2023,female,37,0.00133041,0.0013295255929279563,0.998670474407072,95035.28219939252,126.351839915223,"United Nations, World Population Prospects 2024"
India,356,Asia,Southern Asia,2023,female,38,0.00143824,0.0014372064760789218,0.9985627935239211,94908.9303594773,136.40372935036416,"United Nations, World Population Prospects 2024"
India,356,Asia,Southern Asia,2023,female,39,0.00157321,0.001571973477802493,0.9984280265221975,94772.52663012693,148.97989828689,"United Nations, World Population Prospects 2024"
India,356,Asia,Southern Asia,2023,female,40,0.00174318,0.0017416619848306413,0.9982583380151694,94623.54673184005,164.80223421269147,"United Nations, World Population Prospects 2024"
India,356,Asia,Southern Asia,2023,female,41,0.00195324,0.0019513342879077435,0.9980486657120923,94458.74449762735,184.32058693093717,"United Nations, World Population Prospects 2024"
India,356,Asia,Southern Asia,2023,female,42,0.00219561,0.002193202291558316,0.9978067977084417,94274.42391069642,206.7628825562795,"United Nations, World Population Prospects 2024"
India,356,Asia,Southern Asia,2023,female,43,0.00245411,0.0024511023625904712,0.9975488976374095,94067.66102814015,230.5694661894339,"United Nations, World Population Prospects 2024"
India,356,Asia,Southern Asia,2023,female,44,0.0027035,0.0026998504771175566,0.9973001495228825,93837.0915619507,253.34611642485643,"United Nations, World Population Prospects 2024"
India,356,Asia,Southern Asia,2023,female,45,0.00290942,0.002905193785548225,0.9970948062144518,93583.74544552586,271.87891569666874,"United Nations, World Population Prospects 2024"
India,356,Asia,Southern Asia,2023,female,46,0.00304854,0.0030439002741291534,0.9969560997258708,93311.86652982919,284.03201610965004,"United Nations, World Population Prospects 2024"
India,356,Asia,Southern Asia,2023,female,47,0.0031512,0.003146242779876027,0.9968537572201239,93027.83451371954,292.688152666292,"United Nations, World Population Prospects 2024"
India,356,Asia,Southern Asia,2023,female,48,0.00326566,0.003260336424875371,0.9967396635751247,92735.14636105324,302.3477755470906,"United Nations, World Population Prospects 2024"
India,356,Asia,Southern Asia,2023,female,49,0.00344816,0.0034422253281562324,0.9965577746718438,92432.79858550616,318.17452044339285,"United Nations, World Population Prospects 2024"
India,356,Asia,Southern Asia,2023,female,50,0.00376999,0.0037628969580485636,0.9962371030419515,92114.62406506277,346.6178386862117,"United Nations, World Population Prospects 2024"
India,356,Asia,Southern Asia,2023,female,51,0.00431319,0.0043039082130672405,0.9956960917869327,91768.00622637656,394.9610756945077,"United Nations, World Population Prospects 2024"
India,356,Asia,Southern Asia,2023,female,52,0.00510219,0.005089206949596918,0.9949107930504031,91373.04515068204,465.01633638668403,"United Nations, World Population Prospects 2024"
India,356,Asia,Southern Asia,2023,female,53,0.00613144,0.0061127001728261635,0.9938872998271738,90908.02881429537,555.6935234444292,"United Nations, World Population Prospects 2024"
India,356,Asia,Southern Asia,2023,female,54,0.00735473,0.007327783067021742,0.9926722169329782,90352.33529085094,662.0823126101685,"United Nations, World Population Prospects 2024"
India,356,Asia,Southern Asia,2023,female,55,0.00865199,0.008614722752446529,0.9913852772475534,89690.25297824077,772.6566630043358,"United Nations, World Population Prospects 2024"
India,356,Asia,Southern Asia,2023,female,56,0.00983985,0.009791675689980971,0.990208324310019,88917.59631523643,870.6522662514421,"United Nations, World Population Prospects 2024"
India,356,Asia,Southern Asia,2023,female,57,0.01085688,0.01079826228110277,0.9892017377188972,88046.94404898498,950.7539948905206,"United Nations, World Population Prospects 2024"
India,356,Asia,Southern Asia,2023,female,58,0.01173248,0.011664055849016267,0.9883359441509837,87096.19005409446,1015.8948250274929,"United Nations, World Population Prospects 2024"
India,356,Asia,Southern Asia,2023,female,59,0.01253635,0.012458259449574663,0.9875417405504253,86080.29522906696,1072.4106514597004,"United Nations, World Population Prospects 2024"
India,356,Asia,Southern Asia,2023,female,60,0.01337136,0.013282557073822686,0.9867174429261774,85007.88457760726,1129.1220786269996,"United Nations, World Population Prospects 2024"
India,356,Asia,Southern Asia,2023,female,61,0.01435809,0.014255747348278081,0.9857442526517219,83878.76249898026,1195.7544460716847,"United Nations, World Population Prospects 2024"
India,356,Asia,Southern Asia,2023,female,62,0.01553863,0.015418836204593112,0.9845811637954069,82683.00805290858,1274.8757580708507,"United Nations, World Population Prospects 2024"
India,356,Asia,Southern Asia,2023,female,63,0.01691076,0.01676897196978611,0.9832310280302139,81408.13229483773,1365.1306885647734,"United Nations, World Population Prospects 2024"
India,356,Asia,Southern Asia,2023,female,64,0.01846631,0.018297367569142138,0.9817026324308579,80043.00160627297,1464.5762217274112,"United Nations, World Population Prospects 2024"
India,356,Asia,Southern Asia,2023,female,65,0.02018807,0.019986327312585307,0.9800136726874147,78578.42538454555,1570.4941294430894,"United Nations, World Population Prospects 2024"
India,356,Asia,Southern Asia,2023,female,66,0.02205048,0.021810019302782195,0.9781899806972179,77007.93125510246,1679.544467141109,"United Nations, World Population Prospects 2024"
India,356,Asia,Southern Asia,2023,female,67,0.02405873,0.023772758807250615,0.9762272411927494,75328.38678796135,1790.7635704494892,"United Nations, World Population Prospects 2024"
India,356,Asia,Southern Asia,2023,female,68,0.02624597,0.025906005873511988,0.974093994126488,73537.62321751188,1905.0660989969742,"United Nations, World Population Prospects 2024"
India,356,Asia,Southern Asia,2023,female,69,0.02865473,0.028249982193864997,0.971750017806135,71632.55711851489,2023.6184630990629,"United Nations, World Population Prospects 2024"
India,356,Asia,Southern Asia,2023,female,70,0.03133875,0.030855267246784904,0.9691447327532151,69608.93865541583,2147.8024049779115,"United Nations, World Population Prospects 2024"
India,356,Asia,Southern Asia,2023,female,71,0.034364,0.033783531364102,0.966216468635898,67461.13625043792,2279.075412374628,"United Nations, World Population Prospects 2024"
India,356,Asia,Southern Asia,2023,female,72,0.03778405,0.03708346819183318,0.9629165318081668,65182.06083806329,2417.1768797664554,"United Nations, World Population Prospects 2024"
India,356,Asia,Southern Asia,2023,female,73,0.04163709,0.040787944345192124,0.9592120556548078,62764.88395829684,2560.0505937234534,"United Nations, World Population Prospects 2024"
India,356,Asia,Southern Asia,2023,female,74,0.04596196,0.044929437495504564,0.9550705625044954,60204.83336457339,2704.9692975808675,"United Nations, World Population Prospects 2024"
India,356,Asia,Southern Asia,2023,female,75,0.05079748,0.04953924558167489,0.9504607544183251,57499.864066992515,2848.499886927666,"United Nations, World Population Prospects 2024"
India,356,Asia,Southern Asia,2023,female,76,0.05617916,0.0546442266246877,0.9453557733753123,54651.364180064855,2986.3815296038038,"United Nations, World Population Prospects 2024"
India,356,Asia,Southern Asia,2023,female,77,0.06208959,0.0602200702637755,0.9397799297362245,51664.98265046105,3111.2688853875065,"United Nations, World Population Prospects 2024"
India,356,Asia,Southern Asia,2023,female,78,0.06843061,0.06616669630507933,0.9338333036949207,48553.71376507354,3212.638833177371,"United Nations, World Population Prospects 2024"
India,356,Asia,Southern Asia,2023,female,79,0.07504677,0.07233260578507346,0.9276673942149265,45341.07493189617,3279.638098920322,"United Nations, World Population Prospects 2024"
India,356,Asia,Southern Asia,2023,female,80,0.08171947,0.07851151048704945,0.9214884895129506,42061.43683297584,3302.306939012551,"United Nations, World Population Prospects 2024"
India,356,Asia,Southern Asia,2023,female,81,0.0881707,0.08444778963712114,0.9155522103628788,38759.1298939633,3273.1228478032663,"United Nations, World Population Prospects 2024"
India,356,Asia,Southern Asia,2023,female,82,0.09432708,0.09007865189805979,0.9099213481019403,35486.007046160026,3196.531675963146,"United Nations, World Population Prospects 2024"
India,356,Asia,Southern Asia,2023,female,83,0.10049593,0.09568781216348274,0.9043121878365172,32289.475370196884,3089.7092540808017,"United Nations, World Population Prospects 2024"
India,356,Asia,Southern Asia,2023,female,84,0.10711557,0.10167033220679016,0.8983296677932099,29199.766116116083,2968.749921386097,"United Nations, World Population Prospects 2024"
India,356,Asia,Southern Asia,2023,female,85,0.11474678,0.10852058609116313,0.8914794139088369,26231.016194729982,2846.6052512188894,"United Nations, World Population Prospects 2024"
India,356,Asia,Southern Asia,2023,female,86,0.1241037,0.11685276947636784,0.8831472305236322,23384.4109435111,2732.533181322756,"United Nations, World Population Prospects 2024"
India,356,Asia,Southern Asia,2023,female,87,0.13566433,0.12704649143060792,0.872953508569392,20651.877762188342,2623.7486111398234,"United Nations, World Population Prospects 2024"
India,356,Asia,Southern Asia,2023,female,88,0.14918843,0.13883234054075008,0.8611676594592499,18028.129151048517,2502.8873656109913,"United Nations, World Population Prospects 2024"
India,356,Asia,Southern Asia,2023,female,89,0.16417227,0.15171830105742923,0.8482816989425708,15525.241785437524,2355.4633071923904,"United Nations, World Population Prospects 2024"
India,356,Asia,Southern Asia,2023,female,90,0.17983167,0.16499592374488256,0.8350040762551174,13169.778478245134,2172.9597655335297,"United Nations, World Population Prospects 2024"
India,356,Asia,Southern Asia,2023,female,91,0.19505031,0.17771830477999387,0.8222816952200062,10996.818712711605,1954.335979596021,"United Nations, World Population Prospects 2024"
India,356,Asia,Southern Asia,2023,female,92,0.20896682,0.18919869516193094,0.8108013048380691,9042.482733115583,1710.8259341297594,"United Nations, World Population Prospects 2024"
India,356,Asia,Southern Asia,2023,female,93,0.22198559,0.1998083074877187,0.8001916925122813,7331.656798985825,1464.9259360861831,"United Nations, World Population Prospects 2024"
India,356,Asia,Southern Asia,2023,female,94,0.23492273,0.21022895051051718,0.7897710494894828,5866.730862899642,1233.3566722350524,"United Nations, World Population Prospects 2024"
India,356,Asia,Southern Asia,2023,female,95,0.256954,0.22769981133864495,0.7723001886613551,4633.374190664589,1055.0184290756736,"United Nations, World Population Prospects 2024"
India,356,Asia,Southern Asia,2023,female,96,0.27591705,0.24246670149951205,0.7575332985004879,3578.355761588916,867.6321183042387,"United Nations, World Population Prospects 2024"
India,356,Asia,Southern Asia,2023,female,97,0.29572317,0.2576296426890181,0.7423703573109819,2710.7236432846767,698.3627636481046,"United Nations, World Population Prospects 2024"
India,356,Asia,Southern Asia,2023,female,98,0.31633129,0.2731313015246623,0.7268686984753376,2012.360879636572,549.6387461924512,"United Nations, World Population Prospects 2024"
India,356,Asia,Southern Asia,2023,female,99,0.3376888,0.28890825844740325,0.7110917415525968,1462.7221334441208,422.59250416581114,"United Nations, World Population Prospects 2024"
India,356,Asia,Southern Asia,2023,female,100,0.40056284,1,0,1040.1296292783097,1040.1296292783097,"United Nations, World Population Prospects 2024"
India,356,Asia,Southern Asia,2023,male,0,0.02321243,0.02294611248508393,0.9770538875149161,100000,2294.6112485083927,"United Nations, World Population Prospects 2024"
India,356,Asia,Southern Asia,2023,male,1,0.00254288,0.002539650986150169,0.9974603490138498,97705.38875149161,248.1375868949113,"United Nations, World Population Prospects 2024"
India,356,Asia,Southern Asia,2023,male,2,8.6662e-4,8.66244647531778e-4,0.9991337553524682,97457.25116459669,84.42182218449203,"United Nations, World Population Prospects 2024"
India,356,Asia,Southern Asia,2023,male,3,6.515e-4,6.512878429851476e-4,0.9993487121570148,97372.82934241221,63.417739987780536,"United Nations, World Population Prospects 2024"
India,356,Asia,Southern Asia,2023,male,4,6.8075e-4,6.805183685603014e-4,0.9993194816314397,97309.41160242441,66.22084202924472,"United Nations, World Population Prospects 2024"
India,356,Asia,Southern Asia,2023,male,5,6.4972e-4,6.495090005060955e-4,0.9993504909994939,97243.19076039517,63.16032763680785,"United Nations, World Population Prospects 2024"
India,356,Asia,Southern Asia,2023,male,6,5.6674e-4,5.665794483817121e-4,0.9994334205516183,97180.03043275836,55.06020803631022,"United Nations, World Population Prospects 2024"
India,356,Asia,Southern Asia,2023,male,7,4.5978e-4,4.596743254693179e-4,0.9995403256745307,97124.97022472206,44.6458551742767,"United Nations, World Population Prospects 2024"
India,356,Asia,Southern Asia,2023,male,8,3.5682e-4,3.567563510994004e-4,0.9996432436489006,97080.32436954777,34.63402228562606,"United Nations, World Population Prospects 2024"
India,356,Asia,Southern Asia,2023,male,9,2.8585e-4,2.858091507271323e-4,0.9997141908492728,97045.69034726215,27.736546339879258,"United Nations, World Population Prospects 2024"
India,356,Asia,Southern Asia,2023,male,10,2.7439e-4,2.743523602279385e-4,0.999725647639772,97017.95380092226,26.61710460976812,"United Nations, World Population Prospects 2024"
India,356,Asia,Southern Asia,2023,male,11,2.927e-4,2.926571696232256e-4,0.9997073428303768,96991.33669631249,28.38521007551611,"United Nations, World Population Prospects 2024"
India,356,Asia,Southern Asia,2023,male,12,3.3527e-4,3.352138064335585e-4,0.9996647861935665,96962.95148623697,32.50332005073396,"United Nations, World Population Prospects 2024"
India,356,Asia,Southern Asia,2023,male,13,3.9834e-4,3.98260678420679e-4,0.9996017393215794,96930.44816618625,38.6035860462858,"United Nations, World Population Prospects 2024"
India,356,Asia,Southern Asia,2023,male,14,4.7417e-4,4.74057608051995e-4,0.999525942391948,96891.84458013996,45.9323160814068,"United Nations, World Population Prospects 2024"
India,356,Asia,Southern Asia,2023,male,15,5.4762e-4,5.474700972126822e-4,0.9994525299027873,96845.91226405856,53.020241001855034,"United Nations, World Population Prospects 2024"
India,356,Asia,Southern Asia,2023,male,16,6.1052e-4,6.103336895379316e-4,0.9993896663104621,96792.8920230567,59.07596290947883,"United Nations, World Population Prospects 2024"
India,356,Asia,Southern Asia,2023,male,17,6.6421e-4,6.639894857718277e-4,0.9993360105142282,96733.81606014722,64.23023678252372,"United Nations, World Population Prospects 2024"
India,356,Asia,Southern Asia,2023,male,18,7.1313e-4,7.128758134355824e-4,0.9992871241865644,96669.5858233647,68.91340962831195,"United Nations, World Population Prospects 2024"
India,356,Asia,Southern Asia,2023,male,19,7.6405e-4,7.637582252639936e-4,0.999236241774736,96600.67241373639,73.77955812202373,"United Nations, World Population Prospects 2024"
India,356,Asia,Southern Asia,2023,male,20,8.2537e-4,8.250295226914281e-4,0.9991749704773085,96526.89285561437,79.63753633955415,"United Nations, World Population Prospects 2024"
India,356,Asia,Southern Asia,2023,male,21,8.9957e-4,8.991655688146308e-4,0.9991008344311854,96447.2553192748,86.72205118976565,"United Nations, World Population Prospects 2024"
India,356,Asia,Southern Asia,2023,male,22,9.8259e-4,9.821074954979993e-4,0.999017892504502,96360.53326808504,94.63640199277064,"United Nations, World Population Prospects 2024"
India,356,Asia,Southern Asia,2023,male,23,0.00106838,0.001067809586796829,0.9989321904132031,96265.89686609227,102.79364755520815,"United Nations, World Population Prospects 2024"
India,356,Asia,Southern Asia,2023,male,24,0.00114859,0.0011479307491104394,0.9988520692508895,96163.10321853706,110.38858311443975,"United Nations, World Population Prospects 2024"
India,356,Asia,Southern Asia,2023,male,25,0.00121299,0.0012122547735411212,0.9987877452264589,96052.71463542261,116.44036182837418,"United Nations, World Population Prospects 2024"
India,356,Asia,Southern Asia,2023,male,26,0.0012595,0.0012587073290595246,0.9987412926709405,95936.27427359423,120.75569155083778,"United Nations, World Population Prospects 2024"
India,356,Asia,Southern Asia,2023,male,27,0.00129668,0.0012958398551882872,0.9987041601448117,95815.5185820434,124.16156772414575,"United Nations, World Population Prospects 2024"
India,356,Asia,Southern Asia,2023,male,28,0.00133517,0.0013342792551834285,0.9986657207448165,95691.35701431926,127.67899256455745,"United Nations, World Population Prospects 2024"
India,356,Asia,Southern Asia,2023,male,29,0.00138706,0.001386098698969304,0.9986139013010307,95563.67802175469,132.46068977467564,"United Nations, World Population Prospects 2024"
India,356,Asia,Southern Asia,2023,male,30,0.00146629,0.0014652157843737653,0.9985347842156262,95431.21733198,139.82732595682035,"United Nations, World Population Prospects 2024"
India,356,Asia,Southern Asia,2023,male,31,0.00158036,0.0015791122171082853,0.9984208877828917,95291.3900060232,150.4757981437416,"United Nations, World Population Prospects 2024"
India,356,Asia,Southern Asia,2023,male,32,0.00172512,0.001723633262892759,0.9982763667371073,95140.91420787945,163.9880443907273,"United Nations, World Population Prospects 2024"
India,356,Asia,Southern Asia,2023,male,33,0.00189347,0.0018916790812050551,0.998108320918795,94976.92616348872,179.6658644206287,"United Nations, World Population Prospects 2024"
India,356,Asia,Southern Asia,2023,male,34,0.00207456,0.002072410330212677,0.9979275896697873,94797.2602990681,196.4588215196488,"United Nations, World Population Prospects 2024"
India,356,Asia,Southern Asia,2023,male,35,0.0022527,0.0022501655260597224,0.9977498344739403,94600.80147754846,212.8674622223992,"United Nations, World Population Prospects 2024"
India,356,Asia,Southern Asia,2023,male,36,0.00241797,0.002415050240485007,0.997584949759515,94387.93401532606,227.95160274259618,"United Nations, World Population Prospects 2024"
India,356,Asia,Southern Asia,2023,male,37,0.00257866,0.0025753395374741484,0.9974246604625259,94159.98241258346,242.49392555499662,"United Nations, World Population Prospects 2024"
India,356,Asia,Southern Asia,2023,male,38,0.00274844,0.002744668222035914,0.9972553317779641,93917.48848702847,257.77234614377085,"United Nations, World Population Prospects 2024"
India,356,Asia,Southern Asia,2023,male,39,0.00294494,0.0029406100399344977,0.9970593899600655,93659.7161408847,275.41670162130066,"United Nations, World Population Prospects 2024"
India,356,Asia,Southern Asia,2023,male,40,0.0031909,0.0031858171879674576,0.9968141828120325,93384.2994392634,297.50530623990517,"United Nations, World Population Prospects 2024"
India,356,Asia,Southern Asia,2023,male,41,0.00350282,0.003496695851917992,0.996503304148082,93086.79413302349,325.4962069132873,"United Nations, World Population Prospects 2024"
India,356,Asia,Southern Asia,2023,male,42,0.00386881,0.0038613406034300217,0.99613865939657,92761.29792611019,358.18296610895834,"United Nations, World Population Prospects 2024"
India,356,Asia,Southern Asia,2023,male,43,0.00426439,0.004255316834721591,0.9957446831652784,92403.11496000123,393.2045306700077,"United Nations, World Population Prospects 2024"
India,356,Asia,Southern Asia,2023,male,44,0.00465289,0.0046420904319251,0.9953579095680749,92009.91042933123,427.11832484628394,"United Nations, World Population Prospects 2024"
India,356,Asia,Southern Asia,2023,male,45,0.00498468,0.004972287369298003,0.995027712630702,91582.79210448495,455.3759604261754,"United Nations, World Population Prospects 2024"
India,356,Asia,Southern Asia,2023,male,46,0.00522428,0.005210669003070319,0.9947893309969297,91127.41614405878,474.83480263173686,"United Nations, World Population Prospects 2024"
India,356,Asia,Southern Asia,2023,male,47,0.00540943,0.005394838499388128,0.9946051615006118,90652.58134142702,489.05603588964436,"United Nations, World Population Prospects 2024"
India,356,Asia,Southern Asia,2023,male,48,0.00560211,0.005586462012647165,0.9944135379873529,90163.52530553739,503.695109045736,"United Nations, World Population Prospects 2024"
India,356,Asia,Southern Asia,2023,male,49,0.00587446,0.005857255892275532,0.9941427441077245,89659.83019649165,525.1605687188244,"United Nations, World Population Prospects 2024"
India,356,Asia,Southern Asia,2023,male,50,0.00631452,0.006294646165447678,0.9937053538345523,89134.66962777283,561.0712063809059,"United Nations, World Population Prospects 2024"
India,356,Asia,Southern Asia,2023,male,51,0.00701464,0.006990123400395325,0.9930098765996047,88573.59842139191,619.14038298259,"United Nations, World Population Prospects 2024"
India,356,Asia,Southern Asia,2023,male,52,0.00798501,0.007953256583324794,0.9920467434166752,87954.45803840933,699.5243724267433,"United Nations, World Population Prospects 2024"
India,356,Asia,Southern Asia,2023,male,53,0.00919726,0.009155158812032224,0.9908448411879678,87254.9336659826,798.8327748454077,"United Nations, World Population Prospects 2024"
India,356,Asia,Southern Asia,2023,male,54,0.01058423,0.010528511904223978,0.989471488095776,86456.10089113719,910.2540874251272,"United Nations, World Population Prospects 2024"
India,356,Asia,Southern Asia,2023,male,55,0.01201659,0.011944821985786907,0.988055178014213,85545.84680371206,1021.8299116937384,"United Nations, World Population Prospects 2024"
India,356,Asia,Southern Asia,2023,male,56,0.01332271,0.013234549964421747,0.9867654500355783,84524.01689201832,1118.6373247510442,"United Nations, World Population Prospects 2024"
India,356,Asia,Southern Asia,2023,male,57,0.0144683,0.01436438587790138,0.9856356141220987,83405.37956726727,1198.0670563970584,"United Nations, World Population Prospects 2024"
India,356,Asia,Southern Asia,2023,male,58,0.01550661,0.015387307511732744,0.9846126924882672,82207.31251087021,1264.9491973178745,"United Nations, World Population Prospects 2024"
India,356,Asia,Southern Asia,2023,male,59,0.01652548,0.016390053251397547,0.9836099467486025,80942.36331355234,1326.64964500309,"United Nations, World Population Prospects 2024"
India,356,Asia,Southern Asia,2023,male,60,0.01764383,0.017489538775533043,0.982510461224467,79615.71366854924,1392.4421113478281,"United Nations, World Population Prospects 2024"
India,356,Asia,Southern Asia,2023,male,61,0.01899841,0.01881963839684252,0.9811803616031575,78223.27155720143,1472.1336849245474,"United Nations, World Population Prospects 2024"
India,356,Asia,Southern Asia,2023,male,62,0.02063536,0.02042462525252453,0.9795753747474755,76751.13787227687,1567.613228746098,"United Nations, World Population Prospects 2024"
India,356,Asia,Southern Asia,2023,male,63,0.02254792,0.02229654959176443,0.9777034504082356,75183.52464353078,1676.3331856981272,"United Nations, World Population Prospects 2024"
India,356,Asia,Southern Asia,2023,male,64,0.02471859,0.02441681537580983,0.9755831846241901,73507.19145783264,1794.8115226202049,"United Nations, World Population Prospects 2024"
India,356,Asia,Southern Asia,2023,male,65,0.02711354,0.026750884412720163,0.9732491155872799,71712.37993521245,1918.3695866079408,"United Nations, World Population Prospects 2024"
India,356,Asia,Southern Asia,2023,male,66,0.02968084,0.02924680512823878,0.9707531948717613,69794.01034860451,2041.251819783917,"United Nations, World Population Prospects 2024"
India,356,Asia,Southern Asia,2023,male,67,0.03238811,0.031871973508052064,0.968128026491948,67752.75852882059,2159.4141249280183,"United Nations, World Population Prospects 2024"
India,356,Asia,Southern Asia,2023,male,68,0.03521822,0.03460879000975139,0.9653912099902486,65593.34440389257,2270.106282511619,"United Nations, World Population Prospects 2024"
India,356,Asia,Southern Asia,2023,male,69,0.0381486,0.03743456193527793,0.9625654380647221,63323.23812138096,2370.477679397188,"United Nations, World Population Prospects 2024"
India,356,Asia,Southern Asia,2023,male,70,0.04115051,0.04032089725710624,0.9596791027428938,60952.760441983766,2457.669991318237,"United Nations, World Population Prospects 2024"
India,356,Asia,Southern Asia,2023,male,71,0.0441934,0.04323798325540039,0.9567620167445996,58495.090450665535,2529.2097414290074,"United Nations, World Population Prospects 2024"
India,356,Asia,Southern Asia,2023,male,72,0.04731313,0.046219729954059346,0.9537802700459407,55965.880709236524,2586.7278930220114,"United Nations, World Population Prospects 2024"
India,356,Asia,Southern Asia,2023,male,73,0.05061844,0.04936895037381991,0.9506310496261801,53379.15281621451,2635.2727463802435,"United Nations, World Population Prospects 2024"
India,356,Asia,Southern Asia,2023,male,74,0.0542518,0.05281903610842644,0.9471809638915736,50743.88006983427,2680.242833690237,"United Nations, World Population Prospects 2024"
India,356,Asia,Southern Asia,2023,male,75,0.05839483,0.05673822062602052,0.9432617793739795,48063.63723614403,2727.045253593355,"United Nations, World Population Prospects 2024"
India,356,Asia,Southern Asia,2023,male,76,0.0632724,0.06133208586515286,0.9386679141348472,45336.59198255068,2780.587752307199,"United Nations, World Population Prospects 2024"
India,356,Asia,Southern Asia,2023,male,77,0.06898858,0.06668821729310849,0.9333117827068915,42556.00423024348,2837.9840572329213,"United Nations, World Population Prospects 2024"
India,356,Asia,Southern Asia,2023,male,78,0.07546138,0.07271769133087891,0.9272823086691211,39718.02017301056,2888.2027312146038,"United Nations, World Population Prospects 2024"
India,356,Asia,Southern Asia,2023,male,79,0.08254032,0.07926888061403776,0.9207311193859622,36829.81744179595,2919.458401830529,"United Nations, World Population Prospects 2024"
India,356,Asia,Southern Asia,2023,male,80,0.08999338,0.08611833976239676,0.9138816602376032,33910.35903996543,2920.303821268605,"United Nations, World Population Prospects 2024"
India,356,Asia,Southern Asia,2023,male,81,0.09749768,0.0929657095020005,0.9070342904979996,30990.05521869682,2881.0124709123234,"United Nations, World Population Prospects 2024"
India,356,Asia,Southern Asia,2023,male,82,0.10488204,0.09965597882150203,0.900344021178498,28109.042747784497,2801.234168765907,"United Nations, World Population Prospects 2024"
India,356,Asia,Southern Asia,2023,male,83,0.11229908,0.10632876855677084,0.8936712314432291,25307.808579018594,2690.9481210775275,"United Nations, World Population Prospects 2024"
India,356,Asia,Southern Asia,2023,male,84,0.1199929,0.11320122817392453,0.8867987718260755,22616.860457941064,2560.2563812771978,"United Nations, World Population Prospects 2024"
India,356,Asia,Southern Asia,2023,male,85,0.12828467,0.12055217218662763,0.8794478278133724,20056.604076663865,2417.8671881289997,"United Nations, World Population Prospects 2024"
India,356,Asia,Southern Asia,2023,male,86,0.13758152,0.12872633741706377,0.8712736625829363,17638.736888534866,2270.5699963243487,"United Nations, World Population Prospects 2024"
India,356,Asia,Southern Asia,2023,male,87,0.14815619,0.13793800533656728,0.8620619946634327,15368.166892210516,2119.854286790991,"United Nations, World Population Prospects 2024"
India,356,Asia,Southern Asia,2023,male,88,0.1598987,0.14806129565243037,0.8519387043475697,13248.312605419527,1961.5623295668406,"United Nations, World Population Prospects 2024"
India,356,Asia,Southern Asia,2023,male,89,0.17258722,0.1588771381983919,0.8411228618016081,11286.750275852686,1793.206583387385,"United Nations, World Population Prospects 2024"
India,356,Asia,Southern Asia,2023,male,90,0.18590189,0.17009170525947073,0.8299082947405293,9493.543692465302,1614.7730356067157,"United Nations, World Population Prospects 2024"
India,356,Asia,Southern Asia,2023,male,91,0.19940942,0.18132996811480423,0.8186700318851958,7878.770656858585,1428.6572319920224,"United Nations, World Population Prospects 2024"
India,356,Asia,Southern Asia,2023,male,92,0.21278951,0.1923269330755278,0.8076730669244722,6450.113424866565,1240.5305329938753,"United Nations, World Population Prospects 2024"
India,356,Asia,Southern Asia,2023,male,93,0.22621736,0.20323025421021781,0.7967697457897822,5209.582891872689,1058.7448554444884,"United Nations, World Population Prospects 2024"
India,356,Asia,Southern Asia,2023,male,94,0.24001964,0.21430137103619326,0.7856986289638067,4150.8380364282,889.5302821557436,"United Nations, World Population Prospects 2024"
India,356,Asia,Southern Asia,2023,male,95,0.25728448,0.22795928672667787,0.7720407132733221,3261.3077542724573,743.445389460133,"United Nations, World Population Prospects 2024"
India,356,Asia,Southern Asia,2023,male,96,0.27393145,0.24093202105982572,0.7590679789401743,2517.862364812324,606.6336683047055,"United Nations, World Population Prospects 2024"
India,356,Asia,Southern Asia,2023,male,97,0.29123402,0.2542158657368399,0.7457841342631601,1911.2286965076185,485.8646577037763,"United Nations, World Population Prospects 2024"
India,356,Asia,Southern Asia,2023,male,98,0.30916627,0.2677730694550636,0.7322269305449365,1425.3640388038425,381.67410376137127,"United Nations, World Population Prospects 2024"
India,356,Asia,Southern Asia,2023,male,99,0.32769503,0.2815618247034707,0.7184381752965293,1043.6899350424712,293.863242535205,"United Nations, World Population Prospects 2024"
India,356,Asia,Southern Asia,2023,male,100,0.38432041,1,0,749.8266925072662,749.8266925072662,"United Nations, World Population Prospects 2024"
Japan,392,Asia,Eastern Asia,2023,both,0,0.00165173,0.001650367019641324,0.9983496329803587,100000,165.0367019641324,"United Nations, World Population Prospects 2024"
Japan,392,Asia,Eastern Asia,2023,both,1,2.6347e-4,2.634352963512352e-4,0.9997365647036488,99834.96329803587,26.300053142632766,"United Nations, World Population Prospects 2024"
Japan,392,Asia,Eastern Asia,2023,both,2,1.4803e-4,1.4801904437043093e-4,0.9998519809556295,99808.66324489325,14.773582953399254,"United Nations, World Population Prospects 2024"
Japan,392,Asia,Eastern Asia,2023,both,3,1.1681e-4,1.1680317811038245e-4,0.9998831968218896,99793.88966193984,11.656243468511414,"United Nations, World Population Prospects 2024"
Japan,392,Asia,Eastern Asia,2023,both,4,9.167e-5,9.166579849812583e-5,0.9999083342015018,99782.23341847134,9.146618102230551,"United Nations, World Population Prospects 2024"
Japan,392,Asia,Eastern Asia,2023,both,5,8.319e-5,8.31865398558747e-5,0.9999168134601442,99773.0868003691,8.29977786166255,"United Nations, World Population Prospects 2024"
Japan,392,Asia,Eastern Asia,2023,both,6,6.113e-5,6.112813161865708e-5,0.9999388718683814,99764.78702250744,6.098435032019127,"United Nations, World Population Prospects 2024"
Japan,392,Asia,Eastern Asia,2023,both,7,7.05e-5,7.049751496259757e-5,0.9999295024850374,99758.68858747542,7.03273964134466,"United Nations, World Population Prospects 2024"
Japan,392,Asia,Eastern Asia,2023,both,8,5.963e-5,5.962822218455557e-5,0.9999403717778155,99751.65584783407,5.948013898171972,"United Nations, World Population Prospects 2024"
Japan,392,Asia,Eastern Asia,2023,both,9,6.061e-5,6.060816326961212e-5,0.9999393918367304,99745.70783393591,6.045404145842216,"United Nations, World Population Prospects 2024"
Japan,392,Asia,Eastern Asia,2023,both,10,4.612e-5,4.611893649732437e-5,0.9999538810635027,99739.66242979007,4.599887157864058,"United Nations, World Population Prospects 2024"
Japan,392,Asia,Eastern Asia,2023,both,11,7.946e-5,7.945684317962048e-5,0.9999205431568203,99735.06254263221,7.924633223959567,"United Nations, World Population Prospects 2024"
Japan,392,Asia,Eastern Asia,2023,both,12,7.064e-5,7.063750508332046e-5,0.9999293624949167,99727.13790940825,7.044476211020826,"United Nations, World Population Prospects 2024"
Japan,392,Asia,Eastern Asia,2023,both,13,9.117e-5,9.116584420499191e-5,0.999908834155795,99720.09343319724,9.091066502038096,"United Nations, World Population Prospects 2024"
Japan,392,Asia,Eastern Asia,2023,both,14,9.725e-5,9.724527144867581e-5,0.9999027547285513,99711.00236669519,9.69642349156883,"United Nations, World Population Prospects 2024"
Japan,392,Asia,Eastern Asia,2023,both,15,1.3581e-4,1.3580077844813947e-4,0.9998641992215519,99701.30594320361,13.539514959383164,"United Nations, World Population Prospects 2024"
Japan,392,Asia,Eastern Asia,2023,both,16,1.4183e-4,1.4181994283875358e-4,0.9998581800571612,99687.76642824424,14.137713336576617,"United Nations, World Population Prospects 2024"
Japan,392,Asia,Eastern Asia,2023,both,17,2.0456e-4,2.045390797429239e-4,0.9997954609202571,99673.62871490765,20.387152291985085,"United Nations, World Population Prospects 2024"
Japan,392,Asia,Eastern Asia,2023,both,18,2.2699e-4,2.269642406935025e-4,0.9997730357593065,99653.24156261567,22.61772230390525,"United Nations, World Population Prospects 2024"
Japan,392,Asia,Eastern Asia,2023,both,19,2.7052e-4,0.00027048341441336643,0.9997295165855866,99630.62384031177,26.948431316461274,"United Nations, World Population Prospects 2024"
Japan,392,Asia,Eastern Asia,2023,both,20,3.1625e-4,3.162000008748617e-4,0.9996837999991252,99603.6754089953,31.494682251463754,"United Nations, World Population Prospects 2024"
Japan,392,Asia,Eastern Asia,2023,both,21,3.6277e-4,3.6270421089670645e-4,0.9996372957891033,99572.18072674384,36.115249237757865,"United Nations, World Population Prospects 2024"
Japan,392,Asia,Eastern Asia,2023,both,22,3.9403e-4,3.9395238547077654e-4,0.9996060476145292,99536.06547750608,39.21247043523893,"United Nations, World Population Prospects 2024"
Japan,392,Asia,Eastern Asia,2023,both,23,3.5965e-4,3.5958533756667204e-4,0.9996404146624334,99496.85300707085,35.77760947536912,"United Nations, World Population Prospects 2024"
Japan,392,Asia,Eastern Asia,2023,both,24,3.5188e-4,3.5181810112328834e-4,0.9996481818988767,99461.07539759547,34.99220668206225,"United Nations, World Population Prospects 2024"
Japan,392,Asia,Eastern Asia,2023,both,25,3.3612e-4,3.3606352116463304e-4,0.9996639364788353,99426.08319091341,33.413479612746094,"United Nations, World Population Prospects 2024"
Japan,392,Asia,Eastern Asia,2023,both,26,3.4801e-4,3.479494550550731e-4,0.9996520505449449,99392.66971130068,34.583625262515945,"United Nations, World Population Prospects 2024"
Japan,392,Asia,Eastern Asia,2023,both,27,3.7336e-4,3.732903141641518e-4,0.9996267096858359,99358.08608603815,37.08941116980602,"United Nations, World Population Prospects 2024"
Japan,392,Asia,Eastern Asia,2023,both,28,3.466e-4,3.4653994462759607e-4,0.9996534600553724,99320.99667486835,34.418692688066535,"United Nations, World Population Prospects 2024"
Japan,392,Asia,Eastern Asia,2023,both,29,3.9983e-4,3.997500839619647e-4,0.999600249916038,99286.57798218029,39.68981788467273,"United Nations, World Population Prospects 2024"
Japan,392,Asia,Eastern Asia,2023,both,30,4.3879e-4,4.386937527841079e-4,0.9995613062472158,99246.8881642956,43.5389898209395,"United Nations, World Population Prospects 2024"
Japan,392,Asia,Eastern Asia,2023,both,31,4.0887e-4,4.0878642974623487e-4,0.9995912135702537,99203.34917447466,40.55298292790259,"United Nations, World Population Prospects 2024"
Japan,392,Asia,Eastern Asia,2023,both,32,4.3564e-4,4.3554512955987923e-4,0.9995644548704401,99162.79619154676,43.18987291476713,"United Nations, World Population Prospects 2024"
Japan,392,Asia,Eastern Asia,2023,both,33,4.6007e-4,4.5996419213706173e-4,0.999540035807863,99119.60631863198,45.59146964529316,"United Nations, World Population Prospects 2024"
Japan,392,Asia,Eastern Asia,2023,both,34,4.8906e-4,4.889404393943549e-4,0.9995110595606056,99074.01484898668,48.44129235282639,"United Nations, World Population Prospects 2024"
Japan,392,Asia,Eastern Asia,2023,both,35,5.2155e-4,5.214140282567812e-4,0.9994785859717432,99025.57355663386,51.633323208602654,"United Nations, World Population Prospects 2024"
Japan,392,Asia,Eastern Asia,2023,both,36,5.548e-4,5.546461411604421e-4,0.9994453538588396,98973.94023342527,54.89551402591355,"United Nations, World Population Prospects 2024"
Japan,392,Asia,Eastern Asia,2023,both,37,5.7357e-4,5.734055558876548e-4,0.9994265944441123,98919.04471939935,56.72072982520297,"United Nations, World Population Prospects 2024"
Japan,392,Asia,Eastern Asia,2023,both,38,6.146e-4,6.144111914408701e-4,0.9993855888085591,98862.32398957414,60.742118271047566,"United Nations, World Population Prospects 2024"
Japan,392,Asia,Eastern Asia,2023,both,39,6.7857e-4,6.783398494641746e-4,0.9993216601505358,98801.58187130309,67.02105017340206,"United Nations, World Population Prospects 2024"
Japan,392,Asia,Eastern Asia,2023,both,40,7.4721e-4,7.469309428650908e-4,0.999253069057135,98734.5608211297,73.74789860749706,"United Nations, World Population Prospects 2024"
Japan,392,Asia,Eastern Asia,2023,both,41,7.9881e-4,7.984910786707235e-4,0.9992015089213293,98660.81292252221,78.77977893303522,"United Nations, World Population Prospects 2024"
Japan,392,Asia,Eastern Asia,2023,both,42,8.3681e-4,8.364600209449366e-4,0.999163539979055,98582.03314358917,82.45992950808103,"United Nations, World Population Prospects 2024"
Japan,392,Asia,Eastern Asia,2023,both,43,9.2434e-4,9.239129951310402e-4,0.9990760870048689,98499.57321408109,91.00503570735084,"United Nations, World Population Prospects 2024"
Japan,392,Asia,Eastern Asia,2023,both,44,0.00100014,9.996401099702072e-4,0.9990003598900298,98408.56817837372,98.37315191584014,"United Nations, World Population Prospects 2024"
Japan,392,Asia,Eastern Asia,2023,both,45,0.00112728,0.001126644977824699,0.9988733550221753,98310.19502645789,110.76068749552549,"United Nations, World Population Prospects 2024"
Japan,392,Asia,Eastern Asia,2023,both,46,0.00121197,0.001211236009146997,0.998788763990853,98199.43433896237,118.94269094921736,"United Nations, World Population Prospects 2024"
Japan,392,Asia,Eastern Asia,2023,both,47,0.00138207,0.0013811156007808145,0.9986188843992192,98080.49164801315,135.46049714732334,"United Nations, World Population Prospects 2024"
Japan,392,Asia,Eastern Asia,2023,both,48,0.00153292,0.0015317459779777191,0.9984682540220223,97945.03115086582,150.02690752824114,"United Nations, World Population Prospects 2024"
Japan,392,Asia,Eastern Asia,2023,both,49,0.00169651,0.001695072146576306,0.9983049278534237,97795.0042433376,165.7695877671932,"United Nations, World Population Prospects 2024"
Japan,392,Asia,Eastern Asia,2023,both,50,0.00184923,0.0018475217536737271,0.9981524782463262,97629.23465557041,180.37213482068327,"United Nations, World Population Prospects 2024"
Japan,392,Asia,Eastern Asia,2023,both,51,0.00208848,0.0020863014006254114,0.9979136985993746,97448.86252074971,203.30769836639328,"United Nations, World Population Prospects 2024"
Japan,392,Asia,Eastern Asia,2023,both,52,0.00214877,0.0021464638714135116,0.9978535361285865,97245.55482238333,208.7340700818078,"United Nations, World Population Prospects 2024"
Japan,392,Asia,Eastern Asia,2023,both,53,0.00243721,0.0024342436185552105,0.9975657563814447,97036.82075230152,236.21126168117578,"United Nations, World Population Prospects 2024"
Japan,392,Asia,Eastern Asia,2023,both,54,0.00275791,0.0027541122032068268,0.9972458877967931,96800.60949062034,266.599739875976,"United Nations, World Population Prospects 2024"
Japan,392,Asia,Eastern Asia,2023,both,55,0.00280793,0.0028039932915584174,0.9971960067084416,96534.00975074437,270.6807157483221,"United Nations, World Population Prospects 2024"
Japan,392,Asia,Eastern Asia,2023,both,56,0.00317863,0.003173586171893218,0.9968264138281068,96263.32903499603,305.4999698858703,"United Nations, World Population Prospects 2024"
Japan,392,Asia,Eastern Asia,2023,both,57,0.00348881,0.003482734700175341,0.9965172652998247,95957.82906511017,334.19566103855306,"United Nations, World Population Prospects 2024"
Japan,392,Asia,Eastern Asia,2023,both,58,0.00382344,0.0038161446000452015,0.9961838553999548,95623.6334040716,364.9136122516498,"United Nations, World Population Prospects 2024"
Japan,392,Asia,Eastern Asia,2023,both,59,0.00417147,0.004162787528354547,0.9958372124716455,95258.71979181995,396.5418107164086,"United Nations, World Population Prospects 2024"
Japan,392,Asia,Eastern Asia,2023,both,60,0.00454612,0.004535809832103039,0.995464190167897,94862.17798110355,430.27679958139794,"United Nations, World Population Prospects 2024"
Japan,392,Asia,Eastern Asia,2023,both,61,0.00497509,0.0049627449486167935,0.9950372550513832,94431.90118152216,468.6414405768793,"United Nations, World Population Prospects 2024"
Japan,392,Asia,Eastern Asia,2023,both,62,0.00527587,0.005261989214481497,0.9947380107855185,93963.25974094529,494.4336593143775,"United Nations, World Population Prospects 2024"
Japan,392,Asia,Eastern Asia,2023,both,63,0.00585714,0.005840037042717809,0.9941599629572822,93468.82608163089,545.8614066560729,"United Nations, World Population Prospects 2024"
Japan,392,Asia,Eastern Asia,2023,both,64,0.00646572,0.00644488459040307,0.993555115409597,92922.96467497482,598.877783128314,"United Nations, World Population Prospects 2024"
Japan,392,Asia,Eastern Asia,2023,both,65,0.0068835500000000004,0.006859939631275567,0.9931400603687245,92324.08689184651,633.3376625907069,"United Nations, World Population Prospects 2024"
Japan,392,Asia,Eastern Asia,2023,both,66,0.00782058,0.00779011837800766,0.9922098816219923,91690.7492292558,714.2817906641174,"United Nations, World Population Prospects 2024"
Japan,392,Asia,Eastern Asia,2023,both,67,0.00842871,0.008393337496156386,0.9916066625038437,90976.46743859169,763.5961954201821,"United Nations, World Population Prospects 2024"
Japan,392,Asia,Eastern Asia,2023,both,68,0.00938162,0.009337818069620842,0.9906621819303791,90212.87124317151,842.3913792068653,"United Nations, World Population Prospects 2024"
Japan,392,Asia,Eastern Asia,2023,both,69,0.01059908,0.010543205858822935,0.989456794141177,89370.47986396465,942.2513669075691,"United Nations, World Population Prospects 2024"
Japan,392,Asia,Eastern Asia,2023,both,70,0.01171356,0.011645355713563912,0.988354644286436,88428.22849705708,1029.7781759685388,"United Nations, World Population Prospects 2024"
Japan,392,Asia,Eastern Asia,2023,both,71,0.01288868,0.012806152797282361,0.9871938472027176,87398.45032108853,1119.2379090575514,"United Nations, World Population Prospects 2024"
Japan,392,Asia,Eastern Asia,2023,both,72,0.01414509,0.014045750795440463,0.9859542492045595,86279.21241203097,1211.8563163662607,"United Nations, World Population Prospects 2024"
Japan,392,Asia,Eastern Asia,2023,both,73,0.01482849,0.014719357080363697,0.9852806429196364,85067.35609566471,1252.1367902545423,"United Nations, World Population Prospects 2024"
Japan,392,Asia,Eastern Asia,2023,both,74,0.0169631,0.01682043662573698,0.983179563374263,83815.21930541018,1409.8085845988987,"United Nations, World Population Prospects 2024"
Japan,392,Asia,Eastern Asia,2023,both,75,0.01861954,0.018447795269038166,0.9815522047309618,82405.41072081128,1520.1981460385293,"United Nations, World Population Prospects 2024"
Japan,392,Asia,Eastern Asia,2023,both,76,0.02030107,0.020097073947498333,0.9799029260525016,80885.21257477276,1625.55609837433,"United Nations, World Population Prospects 2024"
Japan,392,Asia,Eastern Asia,2023,both,77,0.02245342,0.022204140553209874,0.9777958594467901,79259.65647639842,1759.892552601082,"United Nations, World Population Prospects 2024"
Japan,392,Asia,Eastern Asia,2023,both,78,0.02503394,0.024724464618109065,0.9752755353818909,77499.76392379733,1916.1401710457326,"United Nations, World Population Prospects 2024"
Japan,392,Asia,Eastern Asia,2023,both,79,0.0276962,0.027317899002819064,0.9726821009971809,75583.6237527516,2064.785799944744,"United Nations, World Population Prospects 2024"
Japan,392,Asia,Eastern Asia,2023,both,80,0.03120703,0.03072757187139117,0.9692724281286088,73518.83795280686,2259.0553770960337,"United Nations, World Population Prospects 2024"
Japan,392,Asia,Eastern Asia,2023,both,81,0.03603,0.03539240580934466,0.9646075941906553,71259.78257571082,2522.0551428052254,"United Nations, World Population Prospects 2024"
Japan,392,Asia,Eastern Asia,2023,both,82,0.04063187,0.039822831934894755,0.9601771680651052,68737.7274329056,2737.3309671472043,"United Nations, World Population Prospects 2024"
Japan,392,Asia,Eastern Asia,2023,both,83,0.04549041,0.044478732119795174,0.9555212678802049,66000.3964657584,2935.613954200744,"United Nations, World Population Prospects 2024"
Japan,392,Asia,Eastern Asia,2023,both,84,0.05253851,0.05119368990548196,0.948806310094518,63064.78251155765,3228.518919853344,"United Nations, World Population Prospects 2024"
Japan,392,Asia,Eastern Asia,2023,both,85,0.0585131,0.05684986896609985,0.9431501310339001,59836.26359170431,3401.683744609401,"United Nations, World Population Prospects 2024"
Japan,392,Asia,Eastern Asia,2023,both,86,0.0672768,0.0650873651752876,0.9349126348247124,56434.5798470949,3673.178107021792,"United Nations, World Population Prospects 2024"
Japan,392,Asia,Eastern Asia,2023,both,87,0.07831568,0.07536456636847391,0.9246354336315261,52761.40174007311,3976.340163133455,"United Nations, World Population Prospects 2024"
Japan,392,Asia,Eastern Asia,2023,both,88,0.08872111,0.08495256698008861,0.9150474330199114,48785.06157693966,4144.416211242714,"United Nations, World Population Prospects 2024"
Japan,392,Asia,Eastern Asia,2023,both,89,0.10051977,0.09570942529143632,0.9042905747085637,44640.645365696946,4272.530512589675,"United Nations, World Population Prospects 2024"
Japan,392,Asia,Eastern Asia,2023,both,90,0.11423712,0.10806462427449955,0.8919353757255004,40368.11485310727,4362.365164270881,"United Nations, World Population Prospects 2024"
Japan,392,Asia,Eastern Asia,2023,both,91,0.12898345,0.12116904901256983,0.8788309509874301,36005.74968883639,4362.782448780938,"United Nations, World Population Prospects 2024"
Japan,392,Asia,Eastern Asia,2023,both,92,0.14543703,0.1355779992293691,0.8644220007706309,31642.96724005545,4290.09018808719,"United Nations, World Population Prospects 2024"
Japan,392,Asia,Eastern Asia,2023,both,93,0.16489496,0.15233529852182762,0.8476647014781724,27352.877051968262,4166.808691142433,"United Nations, World Population Prospects 2024"
Japan,392,Asia,Eastern Asia,2023,both,94,0.18605823,0.17022257453773315,0.8297774254622668,23186.068360825826,3946.7922497876502,"United Nations, World Population Prospects 2024"
Japan,392,Asia,Eastern Asia,2023,both,95,0.20983765,0.1899122770398993,0.8100877229601007,19239.276111038176,3653.7747348465987,"United Nations, World Population Prospects 2024"
Japan,392,Asia,Eastern Asia,2023,both,96,0.23581999,0.2109472059957743,0.7890527940042257,15585.501376191576,3287.7179693509083,"United Nations, World Population Prospects 2024"
Japan,392,Asia,Eastern Asia,2023,both,97,0.26407932,0.2332774454209493,0.7667225545790507,12297.783406840668,2868.79549748793,"United Nations, World Population Prospects 2024"
Japan,392,Asia,Eastern Asia,2023,both,98,0.29470788,0.25685873358311734,0.7431412664168826,9428.987909352738,2421.9178933668695,"United Nations, World Population Prospects 2024"
Japan,392,Asia,Eastern Asia,2023,both,99,0.32781888,0.28165325302284683,0.7183467469771532,7007.070015985868,1973.564064161271,"United Nations, World Population Prospects 2024"
Japan,392,Asia,Eastern Asia,2023,both,100,0.42239998,1,0,5033.505951824597,5033.505951824597,"United Nations, World Population Prospects 2024"
Japan,392,Asia,Eastern Asia,2023,female,0,0.00156137,0.001560152012725945,0.998439847987274,100000,156.0152012725945,"United Nations, World Population Prospects 2024"
Japan,392,Asia,Eastern Asia,2023,female,1,2.7251e-4,2.7247287420852475e-4,0.9997275271257915,99843.9847987274,27.204777510541508,"United Nations, World Population Prospects 2024"
Japan,392,Asia,Eastern Asia,2023,female,2,1.4805e-4,1.4803904140995962e-4,0.9998519609585901,99816.78002121687,14.776780430969753,"United Nations, World Population Prospects 2024"
Japan,392,Asia,Eastern Asia,2023,female,3,1.1237e-4,1.1236368684625454e-4,0.9998876363131537,99802.0032407859,11.214121038776547,"United Nations, World Population Prospects 2024"
Japan,392,Asia,Eastern Asia,2023,female,4,9.592e-5,9.591539989742092e-5,0.9999040846001026,99790.78911974712,9.571473444499745,"United Nations, World Population Prospects 2024"
Japan,392,Asia,Eastern Asia,2023,female,5,8.716e-5,8.715620173272848e-5,0.9999128437982673,99781.21764630263,8.696551934318439,"United Nations, World Population Prospects 2024"
Japan,392,Asia,Eastern Asia,2023,female,6,6.917e-5,6.91676078382829e-5,0.9999308323921617,99772.5210943683,6.901026612092076,"United Nations, World Population Prospects 2024"
Japan,392,Asia,Eastern Asia,2023,female,7,6.052e-5,6.0518168720214536e-5,0.9999394818312798,99765.62006775622,6.037632627737292,"United Nations, World Population Prospects 2024"
Japan,392,Asia,Eastern Asia,2023,female,8,4.457e-5,4.456900677968392e-5,0.9999554309932203,99759.58243512847,4.4461855058896775,"United Nations, World Population Prospects 2024"
Japan,392,Asia,Eastern Asia,2023,female,9,4.516e-5,4.5158980310224595e-5,0.9999548410196898,99755.13624962258,4.504840233740477,"United Nations, World Population Prospects 2024"
Japan,392,Asia,Eastern Asia,2023,female,10,4.436e-5,4.4359016117022525e-5,0.999955640983883,99750.63140938884,4.424839866372253,"United Nations, World Population Prospects 2024"
Japan,392,Asia,Eastern Asia,2023,female,11,6.348e-5,6.347798520874946e-5,0.9999365220147912,99746.20656952246,6.331688225249016,"United Nations, World Population Prospects 2024"
Japan,392,Asia,Eastern Asia,2023,female,12,6.368e-5,6.367797249335582e-5,0.9999363220275066,99739.87488129722,6.351233009181995,"United Nations, World Population Prospects 2024"
Japan,392,Asia,Eastern Asia,2023,female,13,8.429e-5,8.428644774765965e-5,0.9999157135522524,99733.52364828804,8.40618442967141,"United Nations, World Population Prospects 2024"
Japan,392,Asia,Eastern Asia,2023,female,14,8.656e-5,8.655625384533356e-5,0.9999134437461547,99725.11746385838,8.631832581957433,"United Nations, World Population Prospects 2024"
Japan,392,Asia,Eastern Asia,2023,female,15,1.171e-4,1.170931441964073e-4,0.9998829068558036,99716.4856312764,11.676116830782023,"United Nations, World Population Prospects 2024"
Japan,392,Asia,Eastern Asia,2023,female,16,1.1636e-4,1.1635323056904551e-4,0.999883646769431,99704.80951444563,11.600976690277054,"United Nations, World Population Prospects 2024"
Japan,392,Asia,Eastern Asia,2023,female,17,1.3907e-4,1.390603304399229e-4,0.99986093966956,99693.20853775534,13.8633705218764,"United Nations, World Population Prospects 2024"
Japan,392,Asia,Eastern Asia,2023,female,18,1.7119e-4,1.7117534824606686e-4,0.9998288246517539,99679.34516723346,17.062646621941088,"United Nations, World Population Prospects 2024"
Japan,392,Asia,Eastern Asia,2023,female,19,1.8729e-4,1.8727246287021453e-4,0.9998127275371298,99662.28252061154,18.664001102902056,"United Nations, World Population Prospects 2024"
Japan,392,Asia,Eastern Asia,2023,female,20,2.0711e-4,2.070885549446927e-4,0.9997929114450553,99643.61851950863,20.635052968665264,"United Nations, World Population Prospects 2024"
Japan,392,Asia,Eastern Asia,2023,female,21,2.3577e-4,2.357422095296296e-4,0.9997642577904704,99622.98346653995,23.485342242335886,"United Nations, World Population Prospects 2024"
Japan,392,Asia,Eastern Asia,2023,female,22,2.5678e-4,2.5674703624801613e-4,0.999743252963752,99599.49812429764,25.57187595520326,"United Nations, World Population Prospects 2024"
Japan,392,Asia,Eastern Asia,2023,female,23,2.4601e-4,2.459797432616801e-4,0.9997540202567383,99573.92624834242,24.493168814124736,"United Nations, World Population Prospects 2024"
Japan,392,Asia,Eastern Asia,2023,female,24,2.2635e-4,2.2632438573764413e-4,0.9997736756142623,99549.4330795283,22.530464292254955,"United Nations, World Population Prospects 2024"
Japan,392,Asia,Eastern Asia,2023,female,25,2.3329e-4,2.332627910617366e-4,0.9997667372089383,99526.90261523605,23.215923089759613,"United Nations, World Population Prospects 2024"
Japan,392,Asia,Eastern Asia,2023,female,26,2.4884e-4,2.488090431788477e-4,0.9997511909568212,99503.6866921463,24.757417078640763,"United Nations, World Population Prospects 2024"
Japan,392,Asia,Eastern Asia,2023,female,27,2.8688e-4,2.8683885583451906e-4,0.9997131611441655,99478.92927506765,28.53442225290345,"United Nations, World Population Prospects 2024"
Japan,392,Asia,Eastern Asia,2023,female,28,2.2735e-4,2.2732415892623406e-4,0.9997726758410738,99450.39485281474,22.60747736479799,"United Nations, World Population Prospects 2024"
Japan,392,Asia,Eastern Asia,2023,female,29,2.6419e-4,2.641551064312159e-4,0.9997358448935688,99427.78737544996,26.26435775638229,"United Nations, World Population Prospects 2024"
Japan,392,Asia,Eastern Asia,2023,female,30,2.757e-4,2.756619999933009e-4,0.9997243380000067,99401.52301769357,27.401222637437545,"United Nations, World Population Prospects 2024"
Japan,392,Asia,Eastern Asia,2023,female,31,2.9957e-4,2.9952513562756e-4,0.9997004748643724,99374.12179505614,29.765047308533855,"United Nations, World Population Prospects 2024"
Japan,392,Asia,Eastern Asia,2023,female,32,3.2714e-4,3.270864984614467e-4,0.9996729135015385,99344.3567477476,32.494197790525554,"United Nations, World Population Prospects 2024"
Japan,392,Asia,Eastern Asia,2023,female,33,3.2504e-4,3.249871830830054e-4,0.999675012816917,99311.86254995708,32.27508245683717,"United Nations, World Population Prospects 2024"
Japan,392,Asia,Eastern Asia,2023,female,34,3.6913e-4,3.690618840933623e-4,0.9996309381159066,99279.58746750023,36.64031160276739,"United Nations, World Population Prospects 2024"
Japan,392,Asia,Eastern Asia,2023,female,35,4.0215e-4,4.020691539448705e-4,0.9995979308460551,99242.94715589746,39.90252779796718,"United Nations, World Population Prospects 2024"
Japan,392,Asia,Eastern Asia,2023,female,36,4.2699e-4,4.268988592280491e-4,0.9995731011407719,99203.0446280995,42.34966658368492,"United Nations, World Population Prospects 2024"
Japan,392,Asia,Eastern Asia,2023,female,37,4.1593e-4,4.1584351910254984e-4,0.9995841564808975,99160.69496151581,41.23533234945122,"United Nations, World Population Prospects 2024"
Japan,392,Asia,Eastern Asia,2023,female,38,4.4493e-4,4.44831040662539e-4,0.9995551689593375,99119.45962916636,44.0914123767506,"United Nations, World Population Prospects 2024"
Japan,392,Asia,Eastern Asia,2023,female,39,4.788e-4,4.7868540271459015e-4,0.9995213145972854,99075.36821678962,47.425932533950245,"United Nations, World Population Prospects 2024"
Japan,392,Asia,Eastern Asia,2023,female,40,5.5722e-4,5.57064796177137e-4,0.9994429352038229,99027.94228425567,55.16498048442018,"United Nations, World Population Prospects 2024"
Japan,392,Asia,Eastern Asia,2023,female,41,6.3609e-4,6.358877590776641e-4,0.9993641122409224,98972.77730377125,62.935577569387796,"United Nations, World Population Prospects 2024"
Japan,392,Asia,Eastern Asia,2023,female,42,6.6216e-4,6.619408446251614e-4,0.9993380591553749,98909.84172620186,65.4724641739831,"United Nations, World Population Prospects 2024"
Japan,392,Asia,Eastern Asia,2023,female,43,6.8083e-4,6.805983141248972e-4,0.9993194016858751,98844.36926202789,67.273311080475,"United Nations, World Population Prospects 2024"
Japan,392,Asia,Eastern Asia,2023,female,44,7.8191e-4,7.816044278409134e-4,0.9992183955721591,98777.0959509474,77.20461556452724,"United Nations, World Population Prospects 2024"
Japan,392,Asia,Eastern Asia,2023,female,45,8.6589e-4,8.655152794873224e-4,0.9991344847205127,98699.89133538287,85.42626403451224,"United Nations, World Population Prospects 2024"
Japan,392,Asia,Eastern Asia,2023,female,46,9.1622e-4,9.158004626500553e-4,0.99908419953735,98614.46507134837,90.31117273632856,"United Nations, World Population Prospects 2024"
Japan,392,Asia,Eastern Asia,2023,female,47,0.00100691,0.0010064033212159173,0.9989935966787841,98524.15389861203,99.1550357035513,"United Nations, World Population Prospects 2024"
Japan,392,Asia,Eastern Asia,2023,female,48,0.00115223,0.0011515665652282734,0.9988484334347717,98424.99886290848,113.34293787315623,"United Nations, World Population Prospects 2024"
Japan,392,Asia,Eastern Asia,2023,female,49,0.00127125,0.001270442475001827,0.9987295575249981,98311.65592503533,124.89930347492992,"United Nations, World Population Prospects 2024"
Japan,392,Asia,Eastern Asia,2023,female,50,0.00134998,0.0013490693916513293,0.9986509306083486,98186.75662156039,132.4607480236656,"United Nations, World Population Prospects 2024"
Japan,392,Asia,Eastern Asia,2023,female,51,0.00153709,0.0015359095843684818,0.9984640904156316,98054.29587353673,150.60253282066793,"United Nations, World Population Prospects 2024"
Japan,392,Asia,Eastern Asia,2023,female,52,0.00155353,0.0015523242088858848,0.9984476757911142,97903.69334071605,151.97827331213333,"United Nations, World Population Prospects 2024"
Japan,392,Asia,Eastern Asia,2023,female,53,0.00171954,0.0017180628610939175,0.9982819371389061,97751.71506740393,167.94359126554141,"United Nations, World Population Prospects 2024"
Japan,392,Asia,Eastern Asia,2023,female,54,0.00187995,0.0018781845534743477,0.9981218154465257,97583.7714761384,183.28033225625379,"United Nations, World Population Prospects 2024"
Japan,392,Asia,Eastern Asia,2023,female,55,0.00191865,0.0019168111551385969,0.9980831888448614,97400.49114388214,186.6983479405714,"United Nations, World Population Prospects 2024"
Japan,392,Asia,Eastern Asia,2023,female,56,0.00206449,0.002062361138027077,0.997937638861973,97213.79279594157,200.48994834256652,"United Nations, World Population Prospects 2024"
Japan,392,Asia,Eastern Asia,2023,female,57,0.00232683,0.0023241260768602895,0.9976758739231397,97013.302847599,225.47114695044942,"United Nations, World Population Prospects 2024"
Japan,392,Asia,Eastern Asia,2023,female,58,0.00249463,0.0024915222868787416,0.9975084777131212,96787.83170064856,241.14903978083467,"United Nations, World Population Prospects 2024"
Japan,392,Asia,Eastern Asia,2023,female,59,0.0027482,0.0027444288802756134,0.9972555711197244,96546.68266086771,264.96550418929013,"United Nations, World Population Prospects 2024"
Japan,392,Asia,Eastern Asia,2023,female,60,0.00279696,0.002793053969884196,0.9972069460301158,96281.71715667842,268.920032331728,"United Nations, World Population Prospects 2024"
Japan,392,Asia,Eastern Asia,2023,female,61,0.00303605,0.0030314481858676485,0.9969685518141324,96012.7971243467,291.0578196626794,"United Nations, World Population Prospects 2024"
Japan,392,Asia,Eastern Asia,2023,female,62,0.00324903,0.0032437604624723066,0.9967562395375277,95721.73930468403,310.49839335561546,"United Nations, World Population Prospects 2024"
Japan,392,Asia,Eastern Asia,2023,female,63,0.00351283,0.0035066708307528033,0.9964933291692472,95411.24091132841,334.5758154296838,"United Nations, World Population Prospects 2024"
Japan,392,Asia,Eastern Asia,2023,female,64,0.00377051,0.0037634150030484283,0.9962365849969516,95076.66509589872,357.81294786171605,"United Nations, World Population Prospects 2024"
Japan,392,Asia,Eastern Asia,2023,female,65,0.00414031,0.004131756623367354,0.9958682433766326,94718.852148037,391.355244720405,"United Nations, World Population Prospects 2024"
Japan,392,Asia,Eastern Asia,2023,female,66,0.00455221,0.004541872221926313,0.9954581277780736,94327.49690331658,428.4234379490139,"United Nations, World Population Prospects 2024"
Japan,392,Asia,Eastern Asia,2023,female,67,0.0049585,0.004946237041814083,0.9950537629581859,93899.07346536758,464.44707536642295,"United Nations, World Population Prospects 2024"
Japan,392,Asia,Eastern Asia,2023,female,68,0.005459,0.005444140219271499,0.9945558597807285,93434.62639000115,508.6712074024114,"United Nations, World Population Prospects 2024"
Japan,392,Asia,Eastern Asia,2023,female,69,0.00616093,0.006142009753923381,0.9938579902460766,92925.95518259874,570.7521231241684,"United Nations, World Population Prospects 2024"
Japan,392,Asia,Eastern Asia,2023,female,70,0.00676031,0.006737536083718937,0.993262463916281,92355.20305947456,622.2465131323994,"United Nations, World Population Prospects 2024"
Japan,392,Asia,Eastern Asia,2023,female,71,0.00756836,0.007539827933928984,0.9924601720660711,91732.95654634216,691.6507082300043,"United Nations, World Population Prospects 2024"
Japan,392,Asia,Eastern Asia,2023,female,72,0.00838309,0.008348098569182833,0.9916519014308172,91041.30583811217,760.0217950036808,"United Nations, World Population Prospects 2024"
Japan,392,Asia,Eastern Asia,2023,female,73,0.00894682,0.008906975446965788,0.9910930245530342,90281.28404310848,804.1331802925114,"United Nations, World Population Prospects 2024"
Japan,392,Asia,Eastern Asia,2023,female,74,0.01020635,0.010154529658111965,0.9898454703418881,89477.15086281596,908.5983821598232,"United Nations, World Population Prospects 2024"
Japan,392,Asia,Eastern Asia,2023,female,75,0.0115793,0.011512645810185062,0.9884873541898149,88568.55248065614,1019.6583746305816,"United Nations, World Population Prospects 2024"
Japan,392,Asia,Eastern Asia,2023,female,76,0.01272071,0.01264031312123777,0.9873596868787622,87548.89410602556,1106.6454349182509,"United Nations, World Population Prospects 2024"
Japan,392,Asia,Eastern Asia,2023,female,77,0.01425869,0.014157754483859268,0.9858422455161407,86442.24867110731,1223.8281337182475,"United Nations, World Population Prospects 2024"
Japan,392,Asia,Eastern Asia,2023,female,78,0.01650388,0.016368805598330906,0.9836311944016691,85218.42053738906,1394.9237591733315,"United Nations, World Population Prospects 2024"
Japan,392,Asia,Eastern Asia,2023,female,79,0.01823841,0.018073593198535947,0.981926406801464,83823.49677821573,1514.9917812482597,"United Nations, World Population Prospects 2024"
Japan,392,Asia,Eastern Asia,2023,female,80,0.02100116,0.02078292721019517,0.9792170727898049,82308.50499696747,1710.6116681319604,"United Nations, World Population Prospects 2024"
Japan,392,Asia,Eastern Asia,2023,female,81,0.02425665,0.023965982771996824,0.9760340172280032,80597.89332883552,1931.60772297811,"United Nations, World Population Prospects 2024"
Japan,392,Asia,Eastern Asia,2023,female,82,0.02806753,0.027679088181052827,0.9723209118189472,78666.28560585741,2177.411056160414,"United Nations, World Population Prospects 2024"
Japan,392,Asia,Eastern Asia,2023,female,83,0.03216101,0.031652029383242616,0.9683479706167574,76488.874549697,2421.0281047381677,"United Nations, World Population Prospects 2024"
Japan,392,Asia,Eastern Asia,2023,female,84,0.03813638,0.03742279503396136,0.9625772049660386,74067.84644495884,2771.825836116618,"United Nations, World Population Prospects 2024"
Japan,392,Asia,Eastern Asia,2023,female,85,0.04296043,0.04205703582814867,0.9579429641718513,71296.0206088422,2998.499293150502,"United Nations, World Population Prospects 2024"
Japan,392,Asia,Eastern Asia,2023,female,86,0.05097961,0.049712449359747654,0.9502875506402524,68297.5213156917,3395.2370698026098,"United Nations, World Population Prospects 2024"
Japan,392,Asia,Eastern Asia,2023,female,87,0.05997852,0.05823218001321684,0.9417678199867832,64902.284245889095,3779.401499475581,"United Nations, World Population Prospects 2024"
Japan,392,Asia,Eastern Asia,2023,female,88,0.07031465,0.06792653474195337,0.9320734652580467,61122.88274641351,4151.8656184025995,"United Nations, World Population Prospects 2024"
Japan,392,Asia,Eastern Asia,2023,female,89,0.08093483,0.07778699153207023,0.9222130084679298,56971.01712801091,4431.604026910013,"United Nations, World Population Prospects 2024"
Japan,392,Asia,Eastern Asia,2023,female,90,0.09468711,0.09040692478410295,0.909593075215897,52539.41310110091,4749.926768432143,"United Nations, World Population Prospects 2024"
Japan,392,Asia,Eastern Asia,2023,female,91,0.10953101,0.10384394396743189,0.8961560560325681,47789.48633266876,4962.648740962008,"United Nations, World Population Prospects 2024"
Japan,392,Asia,Eastern Asia,2023,female,92,0.12582348,0.11837622566855831,0.8816237743314417,42826.83759170675,5069.6793914265745,"United Nations, World Population Prospects 2024"
Japan,392,Asia,Eastern Asia,2023,female,93,0.14516016,0.13533736334167235,0.8646626366583277,37757.15820028018,5109.954238100322,"United Nations, World Population Prospects 2024"
Japan,392,Asia,Eastern Asia,2023,female,94,0.16685012,0.15400245587821274,0.8459975441217873,32647.203962179854,5027.749587732615,"United Nations, World Population Prospects 2024"
Japan,392,Asia,Eastern Asia,2023,female,95,0.19093671,0.1742968741438451,0.8257031258561549,27619.454374447243,4813.984563024703,"United Nations, World Population Prospects 2024"
Japan,392,Asia,Eastern Asia,2023,female,96,0.21763035,0.1962728819976693,0.8037271180023307,22805.46981142254,4476.095285198746,"United Nations, World Population Prospects 2024"
Japan,392,Asia,Eastern Asia,2023,female,97,0.24691694,0.21978288169388227,0.7802171183061177,18329.374526223794,4028.4827530199036,"United Nations, World Population Prospects 2024"
Japan,392,Asia,Eastern Asia,2023,female,98,0.27874054,0.24464438588519605,0.7553556141148039,14300.891773203888,3498.6328854661174,"United Nations, World Population Prospects 2024"
Japan,392,Asia,Eastern Asia,2023,female,99,0.31296123,0.2706151974713385,0.7293848025286616,10802.25888773777,2923.255422041678,"United Nations, World Population Prospects 2024"
Japan,392,Asia,Eastern Asia,2023,female,100,0.41255082,1,0,7879.0034656960925,7879.0034656960925,"United Nations, World Population Prospects 2024"
Japan,392,Asia,Eastern Asia,2023,male,0,0.00173773,0.0017362214579429444,0.9982637785420571,100000,173.62214579429445,"United Nations, World Population Prospects 2024"
Japan,392,Asia,Eastern Asia,2023,male,1,2.5487e-4,2.5483752478002965e-4,0.9997451624752199,99826.37785420571,25.43950704012175,"United Nations, World Population Prospects 2024"
Japan,392,Asia,Eastern Asia,2023,male,2,1.4802e-4,1.480090458505166e-4,0.99985199095414945,99800.93834716557,14.771441659750211,"United Nations, World Population Prospects 2024"
Japan,392,Asia,Eastern Asia,2023,male,3,1.2104e-4,1.2103267510250282e-4,0.9998789673248974,99786.16690550583,12.077386718798206,"United Nations, World Population Prospects 2024"
Japan,392,Asia,Eastern Asia,2023,male,4,8.762e-5,8.761616153596312e-5,0.999912383838464,99774.08951878702,8.741822744381688,"United Nations, World Population Prospects 2024"
Japan,392,Asia,Eastern Asia,2023,male,5,7.943e-5,7.942684556282848e-5,0.9999205731544372,99765.34769604263,7.924046863975464,"United Nations, World Population Prospects 2024"
Japan,392,Asia,Eastern Asia,2023,male,6,5.351e-5,5.350856837825304e-5,0.9999464914316217,99757.42364917867,5.337876924570434,"United Nations, World Population Prospects 2024"
Japan,392,Asia,Eastern Asia,2023,male,7,7.995e-5,7.994680412650504e-5,0.9999200531958735,99752.0857722541,7.974860462444729,"United Nations, World Population Prospects 2024"
Japan,392,Asia,Eastern Asia,2023,male,8,7.386e-5,7.385727245092839e-5,0.9999261427275491,99744.11091179165,7.366827974987815,"United Nations, World Population Prospects 2024"
Japan,392,Asia,Eastern Asia,2023,male,9,7.522e-5,7.52171710821956e-5,0.9999247828289178,99736.74408381667,7.5019157429335985,"United Nations, World Population Prospects 2024"
Japan,392,Asia,Eastern Asia,2023,male,10,4.778e-5,4.777885856306893e-5,0.9999522211414369,99729.24216807375,4.764949356150445,"United Nations, World Population Prospects 2024"
Japan,392,Asia,Eastern Asia,2023,male,11,9.455e-5,9.454553036005222e-5,0.99990545446964,99724.47721871758,9.428503588522599,"United Nations, World Population Prospects 2024"
Japan,392,Asia,Eastern Asia,2023,male,12,7.721e-5,7.720701942301517e-5,0.999922792980577,99715.04871512906,7.698701702915873,"United Nations, World Population Prospects 2024"
Japan,392,Asia,Eastern Asia,2023,male,13,9.767e-5,9.766523051846763e-5,0.9999023347694815,99707.35001342614,9.737941323446801,"United Nations, World Population Prospects 2024"
Japan,392,Asia,Eastern Asia,2023,male,14,1.0736e-4,1.073542372245458e-4,0.9998926457627755,99697.6120721027,10.702961097109254,"United Nations, World Population Prospects 2024"
Japan,392,Asia,Eastern Asia,2023,male,15,1.5348e-4,1.5346822284857862e-4,0.9998465317771514,99686.90911100559,15.298772782533808,"United Nations, World Population Prospects 2024"
Japan,392,Asia,Eastern Asia,2023,male,16,1.6586e-4,1.6584624637078845e-4,0.9998341537536292,99671.61033822306,16.530162444326166,"United Nations, World Population Prospects 2024"
Japan,392,Asia,Eastern Asia,2023,male,17,2.6634e-4,2.663045362249109e-4,0.9997336954637751,99655.08017577873,26.538599908667067,"United Nations, World Population Prospects 2024"
Japan,392,Asia,Eastern Asia,2023,male,18,2.7962e-4,2.7958091179272225e-4,0.9997204190882073,99628.54157587005,27.854238494360885,"United Nations, World Population Prospects 2024"
Japan,392,Asia,Eastern Asia,2023,male,19,3.4905e-4,3.4898909267860027e-4,0.9996510109073214,99600.6873373757,34.759553504035694,"United Nations, World Population Prospects 2024"
Japan,392,Asia,Eastern Asia,2023,male,20,4.1927e-4,4.1918212475527695e-4,0.9995808178752448,99565.92778387167,41.73625716167379,"United Nations, World Population Prospects 2024"
Japan,392,Asia,Eastern Asia,2023,male,21,4.8305e-4,4.8293335952034183e-4,0.9995170666404797,99524.19152671,48.063552167539996,"United Nations, World Population Prospects 2024"
Japan,392,Asia,Eastern Asia,2023,male,22,5.2448e-4,5.243424964237379e-4,0.9994756575035763,99476.12797454245,52.15956127673881,"United Nations, World Population Prospects 2024"
Japan,392,Asia,Eastern Asia,2023,male,23,4.6806e-4,4.679504855478672e-4,0.9995320495144522,99423.96841326573,46.52549429408351,"United Nations, World Population Prospects 2024"
Japan,392,Asia,Eastern Asia,2023,male,24,4.7218e-4,4.720685493361872e-4,0.9995279314506638,99377.44291897165,46.912965315498695,"United Nations, World Population Prospects 2024"
Japan,392,Asia,Eastern Asia,2023,male,25,4.3495e-4,4.3485542981540093e-4,0.9995651445701846,99330.52995365615,43.1944202967887,"United Nations, World Population Prospects 2024"
Japan,392,Asia,Eastern Asia,2023,male,26,4.4331e-4,4.4321175989735993e-4,0.9995567882401026,99287.33553335935,44.00531471725988,"United Nations, World Population Prospects 2024"
Japan,392,Asia,Eastern Asia,2023,male,27,4.5638e-4,4.5627588240639363e-4,0.9995437241175936,99243.3302186421,45.282338068460035,"United Nations, World Population Prospects 2024"
Japan,392,Asia,Eastern Asia,2023,male,28,4.6105e-4,4.6094374094411884e-4,0.9995390562590559,99198.04788057363,45.72471928442543,"United Nations, World Population Prospects 2024"
Japan,392,Asia,Eastern Asia,2023,male,29,5.2993e-4,5.297896242921994e-4,0.9994702103757078,99152.32316128921,52.52987203531816,"United Nations, World Population Prospects 2024"
Japan,392,Asia,Eastern Asia,2023,male,30,5.9515e-4,5.949729509241288e-4,0.9994050270490759,99099.7932892539,58.96169644927856,"United Nations, World Population Prospects 2024"
Japan,392,Asia,Eastern Asia,2023,male,31,5.1378e-4,5.136480489527046e-4,0.9994863519510473,99040.83159280462,50.87212991429748,"United Nations, World Population Prospects 2024"
Japan,392,Asia,Eastern Asia,2023,male,32,5.4016e-4,5.400141529775639e-4,0.9994599858470224,98989.95946289031,53.4559791126361,"United Nations, World Population Prospects 2024"
Japan,392,Asia,Eastern Asia,2023,male,33,5.9013e-4,5.899559246550917e-4,0.999410044075345,98936.50348377769,58.368176394913775,"United Nations, World Population Prospects 2024"
Japan,392,Asia,Eastern Asia,2023,male,34,6.0438e-4,6.041974175823808e-4,0.9993958025824177,98878.13530738278,59.7419140080819,"United Nations, World Population Prospects 2024"
Japan,392,Asia,Eastern Asia,2023,male,35,6.3644e-4,6.362375364911379e-4,0.9993637624635089,98818.3933933747,62.87197117261285,"United Nations, World Population Prospects 2024"
Japan,392,Asia,Eastern Asia,2023,male,36,6.7797e-4,6.777402562192455e-4,0.9993222597437807,98755.5214222021,66.93059239174843,"United Nations, World Population Prospects 2024"
Japan,392,Asia,Eastern Asia,2023,male,37,7.2614e-4,7.258764560351074e-4,0.9992741235439649,98688.59082981035,71.63572456264154,"United Nations, World Population Prospects 2024"
Japan,392,Asia,Eastern Asia,2023,male,38,7.7981e-4,7.795060666870684e-4,0.9992204939333129,98616.9551052477,76.87251478274685,"United Nations, World Population Prospects 2024"
Japan,392,Asia,Eastern Asia,2023,male,39,8.7389e-4,8.735083249049745e-4,0.999126491675095,98540.08259046497,86.0755824795949,"United Nations, World Population Prospects 2024"
Japan,392,Asia,Eastern Asia,2023,male,40,9.3351e-4,9.330744828197716e-4,0.9990669255171802,98454.00700798536,91.8649216705101,"United Nations, World Population Prospects 2024"
Japan,392,Asia,Eastern Asia,2023,male,41,9.584e-4,9.579409546945104e-4,0.9990420590453055,98362.14208631485,94.22512429596154,"United Nations, World Population Prospects 2024"
Japan,392,Asia,Eastern Asia,2023,male,42,0.00100762,0.00100711260659767,0.9989928873934023,98267.91696201889,98.96685799654223,"United Nations, World Population Prospects 2024"
Japan,392,Asia,Eastern Asia,2023,male,43,0.00116276,0.0011620843873788656,0.9988379156126211,98168.95010402235,114.08060424125924,"United Nations, World Population Prospects 2024"
Japan,392,Asia,Eastern Asia,2023,male,44,0.00121449,0.0012137529545870917,0.9987862470454129,98054.8694997811,119.014387567011,"United Nations, World Population Prospects 2024"
Japan,392,Asia,Eastern Asia,2023,male,45,0.00138441,0.0013834523673540557,0.998616547632646,97935.85511221408,135.48959060383635,"United Nations, World Population Prospects 2024"
Japan,392,Asia,Eastern Asia,2023,male,46,0.0015032,0.0015020710434037775,0.9984979289565962,97800.36552161025,146.90309708431593,"United Nations, World Population Prospects 2024"
Japan,392,Asia,Eastern Asia,2023,male,47,0.0017517,0.0017501671161313365,0.9982498328838687,97653.46242452592,170.90987871177236,"United Nations, World Population Prospects 2024"
Japan,392,Asia,Eastern Asia,2023,male,48,0.00190728,0.0019054628743844716,0.9980945371256156,97482.55254581415,185.7493847762823,"United Nations, World Population Prospects 2024"
Japan,392,Asia,Eastern Asia,2023,male,49,0.00211416,0.0021119275236532965,0.9978880724763467,97296.80316103787,205.48379655927295,"United Nations, World Population Prospects 2024"
Japan,392,Asia,Eastern Asia,2023,male,50,0.0023396,0.0023368663337627643,0.9976631336662373,97091.31936447861,226.88943552345881,"United Nations, World Population Prospects 2024"
Japan,392,Asia,Eastern Asia,2023,male,51,0.00262998,0.002626526144385395,0.9973734738556146,96864.42992895514,254.41695766938778,"United Nations, World Population Prospects 2024"
Japan,392,Asia,Eastern Asia,2023,male,52,0.00273365,0.0027299186789017096,0.9972700813210983,96610.01297128576,263.73747897924943,"United Nations, World Population Prospects 2024"
Japan,392,Asia,Eastern Asia,2023,male,53,0.00313946,0.0031345396191236733,0.9968654603808763,96346.27549230651,302.00121768563895,"United Nations, World Population Prospects 2024"
Japan,392,Asia,Eastern Asia,2023,male,54,0.00361184,0.0036053290641364943,0.9963946709358635,96044.27427462087,346.2712134861876,"United Nations, World Population Prospects 2024"
Japan,392,Asia,Eastern Asia,2023,male,55,0.00367454,0.003667801258781279,0.9963321987412187,95698.00306113469,351.0012560904845,"United Nations, World Population Prospects 2024"
Japan,392,Asia,Eastern Asia,2023,male,56,0.00425707,0.0042480279238830375,0.995751972076117,95347.0018050442,405.03672612635415,"United Nations, World Population Prospects 2024"
Japan,392,Asia,Eastern Asia,2023,male,57,0.00461431,0.004603688576881405,0.9953963114231186,94941.96507891784,437.0832401004874,"United Nations, World Population Prospects 2024"
Japan,392,Asia,Eastern Asia,2023,male,58,0.00512157,0.0051084882598913936,0.9948915117401086,94504.88183881735,482.77707937602185,"United Nations, World Population Prospects 2024"
Japan,392,Asia,Eastern Asia,2023,male,59,0.00556089,0.005545471122544676,0.9944545288774553,94022.10475944132,521.3968668243523,"United Nations, World Population Prospects 2024"
Japan,392,Asia,Eastern Asia,2023,male,60,0.00625972,0.0062401890818004355,0.9937598109181995,93500.70789261699,583.4620965321203,"United Nations, World Population Prospects 2024"
Japan,392,Asia,Eastern Asia,2023,male,61,0.00687999,0.006856404004506518,0.9931435959954935,92917.24579608486,637.0781761639927,"United Nations, World Population Prospects 2024"
Japan,392,Asia,Eastern Asia,2023,male,62,0.00727621,0.007249834341433259,0.9927501656585668,92280.16761992087,669.0159282441199,"United Nations, World Population Prospects 2024"
Japan,392,Asia,Eastern Asia,2023,male,63,0.00818254,0.008149199424869016,0.991850800575131,91611.15169167676,746.5575446774004,"United Nations, World Population Prospects 2024"
Japan,392,Asia,Eastern Asia,2023,male,64,0.0091622,0.009120418451033969,0.990879581548966,90864.59414699934,828.723121004006,"United Nations, World Population Prospects 2024"
Japan,392,Asia,Eastern Asia,2023,male,65,0.00965675,0.009610347637724701,0.9903896523622753,90035.87102599534,865.2760204251601,"United Nations, World Population Prospects 2024"
Japan,392,Asia,Eastern Asia,2023,male,66,0.01114775,0.011085958254434562,0.9889140417455654,89170.59500557018,988.5414937548421,"United Nations, World Population Prospects 2024"
Japan,392,Asia,Eastern Asia,2023,male,67,0.01197883,0.011907510975152755,0.9880924890248473,88182.05351181533,1050.0287700034487,"United Nations, World Population Prospects 2024"
Japan,392,Asia,Eastern Asia,2023,male,68,0.01343462,0.01334497764819401,0.986655022351806,87132.02474181188,1162.774922621367,"United Nations, World Population Prospects 2024"
Japan,392,Asia,Eastern Asia,2023,male,69,0.01526373,0.015148121581089538,0.9848518784189104,85969.24981919053,1302.272648496158,"United Nations, World Population Prospects 2024"
Japan,392,Asia,Eastern Asia,2023,male,70,0.01697079,0.01682799779167848,0.9831720022083216,84666.97717069437,1424.7757048565372,"United Nations, World Population Prospects 2024"
Japan,392,Asia,Eastern Asia,2023,male,71,0.01857512,0.0184041899812973,0.9815958100187027,83242.20146583783,1532.0052902387042,"United Nations, World Population Prospects 2024"
Japan,392,Asia,Eastern Asia,2023,male,72,0.02036321,0.02015796951677812,0.9798420304832218,81710.19617559912,1647.1116437176872,"United Nations, World Population Prospects 2024"
Japan,392,Asia,Eastern Asia,2023,male,73,0.02137161,0.021145651689448628,0.9788543483105514,80063.08453188144,1692.986098694047,"United Nations, World Population Prospects 2024"
Japan,392,Asia,Eastern Asia,2023,male,74,0.0247298,0.02442775327354791,0.975572246726452,78370.09843318739,1914.4054285495652,"United Nations, World Population Prospects 2024"
Japan,392,Asia,Eastern Asia,2023,male,75,0.02681118,0.02645651480963313,0.9735434851903668,76455.69300463781,2022.7511742579643,"United Nations, World Population Prospects 2024"
Japan,392,Asia,Eastern Asia,2023,male,76,0.02920178,0.028781543844299207,0.9712184561557008,74432.94183037984,2142.29497875125,"United Nations, World Population Prospects 2024"
Japan,392,Asia,Eastern Asia,2023,male,77,0.03212181,0.031614059592224936,0.968385940407775,72290.6468516286,2285.4008175278746,"United Nations, World Population Prospects 2024"
Japan,392,Asia,Eastern Asia,2023,male,78,0.03531852,0.034705644008978014,0.965294355991022,70005.24603410072,2429.5771476204195,"United Nations, World Population Prospects 2024"
Japan,392,Asia,Eastern Asia,2023,male,79,0.03957784,0.03880983527453897,0.961190164725461,67575.6688864803,2622.6005780510886,"United Nations, World Population Prospects 2024"
Japan,392,Asia,Eastern Asia,2023,male,80,0.04438481,0.04342118937970391,0.956578810620296,64953.06830842922,2820.3394798131494,"United Nations, World Population Prospects 2024"
Japan,392,Asia,Eastern Asia,2023,male,81,0.0516065,0.050308380286375576,0.9496916197136245,62132.72882861607,3125.796950140268,"United Nations, World Population Prospects 2024"
Japan,392,Asia,Eastern Asia,2023,male,82,0.05775494,0.05613393400479456,0.9438660659952054,59006.9318784758,3312.291219891769,"United Nations, World Population Prospects 2024"
Japan,392,Asia,Eastern Asia,2023,male,83,0.06424085,0.0622416226284835,0.9377583773715165,55694.64065858403,3466.524806300581,"United Nations, World Population Prospects 2024"
Japan,392,Asia,Eastern Asia,2023,male,84,0.07351238,0.07090614043018156,0.9290938595698184,52228.11585228344,3703.2941170258014,"United Nations, World Population Prospects 2024"
Japan,392,Asia,Eastern Asia,2023,male,85,0.08239383,0.07913376308841638,0.9208662369115836,48524.82173525764,3839.951747105516,"United Nations, World Population Prospects 2024"
Japan,392,Asia,Eastern Asia,2023,male,86,0.09377321,0.08957341659749289,0.9104265834025072,44684.869988152124,4002.5764750535573,"United Nations, World Population Prospects 2024"
Japan,392,Asia,Eastern Asia,2023,male,87,0.10984947,0.10413014915229948,0.8958698508477005,40682.29351309857,4236.25329137658,"United Nations, World Population Prospects 2024"
Japan,392,Asia,Eastern Asia,2023,male,88,0.12261443,0.11553151459542277,0.8844684854045772,36446.04022172199,4210.666227821239,"United Nations, World Population Prospects 2024"
Japan,392,Asia,Eastern Asia,2023,male,89,0.13929121,0.13022183174398214,0.8697781682560178,32235.37399390075,4197.749448438081,"United Nations, World Population Prospects 2024"
Japan,392,Asia,Eastern Asia,2023,male,90,0.15619167,0.14487735220681935,0.8551226477931806,28037.62454546267,4062.0168063155584,"United Nations, World Population Prospects 2024"
Japan,392,Asia,Eastern Asia,2023,male,91,0.17446349,0.1604657799979893,0.8395342200020107,23975.607739147108,3847.2645967880694,"United Nations, World Population Prospects 2024"
Japan,392,Asia,Eastern Asia,2023,male,92,0.1951093,0.17776727564317643,0.8222327243568236,20128.34314235904,3578.1607236281798,"United Nations, World Population Prospects 2024"
Japan,392,Asia,Eastern Asia,2023,male,93,0.21908405,0.19745448578209554,0.8025455142179044,16550.18241873086,3267.90775909038,"United Nations, World Population Prospects 2024"
Japan,392,Asia,Eastern Asia,2023,male,94,0.24387773,0.21737167470350535,0.7826283252964946,13282.274659640481,2887.190286637983,"United Nations, World Population Prospects 2024"
Japan,392,Asia,Eastern Asia,2023,male,95,0.27229791,0.2396674386766478,0.7603325613233523,10395.084373002497,2491.363246505156,"United Nations, World Population Prospects 2024"
Japan,392,Asia,Eastern Asia,2023,male,96,0.30140797,0.2619335414919937,0.7380664585080063,7903.721126497341,2070.2496656285384,"United Nations, World Population Prospects 2024"
Japan,392,Asia,Eastern Asia,2023,male,97,0.33231346,0.2849646633690482,0.7150353366309519,5833.471460868804,1662.3332311194283,"United Nations, World Population Prospects 2024"
Japan,392,Asia,Eastern Asia,2023,male,98,0.36495386,0.30863507840275584,0.6913649215972442,4171.138229749376,1287.3595745674306,"United Nations, World Population Prospects 2024"
Japan,392,Asia,Eastern Asia,2023,male,99,0.39917056,0.3327571341989125,0.6672428658010875,2883.778655181945,959.5979209623379,"United Nations, World Population Prospects 2024"
Japan,392,Asia,Eastern Asia,2023,male,100,0.48337846,1,0,1924.180734219607,1924.180734219607,"United Nations, World Population Prospects 2024"
Mexico,484,America,Latin America,2023,both,0,0.01044074,0.010386518530260186,0.9896134814697398,100000,1038.6518530260184,"United Nations, World Population Prospects 2024"
Mexico,484,America,Latin America,2023,both,1,7.5629e-4,7.560041208217319e-4,0.9992439958791782,98961.34814697398,74.81518700118639,"United Nations, World Population Prospects 2024"
Mexico,484,America,Latin America,2023,both,2,5.709e-4,5.707370830996293e-4,0.9994292629169004,98886.5329599728,56.43821137941023,"United Nations, World Population Prospects 2024"
Mexico,484,America,Latin America,2023,both,3,4.3534e-4,4.3524526016422004e-4,0.9995647547398357,98830.09474859337,43.01533030090604,"United Nations, World Population Prospects 2024"
Mexico,484,America,Latin America,2023,both,4,3.3842e-4,3.383627456398103e-4,0.9996616372543602,98787.07941829247,33.42586742571144,"United Nations, World Population Prospects 2024"
Mexico,484,America,Latin America,2023,both,5,2.7009e-4,2.700535306209573e-4,0.9997299464693791,98753.65355086676,26.668772803130405,"United Nations, World Population Prospects 2024"
Mexico,484,America,Latin America,2023,both,6,2.2524e-4,2.252146363276568e-4,0.9997747853636724,98726.98477806363,22.23476197251771,"United Nations, World Population Prospects 2024"
Mexico,484,America,Latin America,2023,both,7,2.0002e-4,1.9999999800020003e-4,0.9998000000019998,98704.75001609111,19.740949805828468,"United Nations, World Population Prospects 2024"
Mexico,484,America,Latin America,2023,both,8,1.9058e-4,1.9056184136213663e-4,0.9998094381586379,98685.00906628529,18.80559704251047,"United Nations, World Population Prospects 2024"
Mexico,484,America,Latin America,2023,both,9,1.9311e-4,1.9309135606411523e-4,0.9998069086439358,98666.20346924277,19.051591025573998,"United Nations, World Population Prospects 2024"
Mexico,484,America,Latin America,2023,both,10,2.0377e-4,2.0374924100857982e-4,0.9997962507589914,98647.15187821719,20.099282322844854,"United Nations, World Population Prospects 2024"
Mexico,484,America,Latin America,2023,both,11,2.2824e-4,2.2821395622331576e-4,0.9997717860437767,98627.05259589435,22.508069863554095,"United Nations, World Population Prospects 2024"
Mexico,484,America,Latin America,2023,both,12,2.6963e-4,2.6959365473143735e-4,0.9997304063452686,98604.54452603079,26.583159531901387,"United Nations, World Population Prospects 2024"
Mexico,484,America,Latin America,2023,both,13,3.3298e-4,3.329245713881096e-4,0.9996670754286119,98577.96136649889,32.81902553625527,"United Nations, World Population Prospects 2024"
Mexico,484,America,Latin America,2023,both,14,4.237e-4,4.236102581668074e-4,0.9995763897418332,98545.14234096263,41.74473318813997,"United Nations, World Population Prospects 2024"
Mexico,484,America,Latin America,2023,both,15,5.4637e-4,5.46220780676031e-4,0.999453779219324,98503.39760777449,53.804602740560064,"United Nations, World Population Prospects 2024"
Mexico,484,America,Latin America,2023,both,16,6.9975e-4,6.995052605969486e-4,0.9993004947394031,98449.59300503394,68.8660082106498,"United Nations, World Population Prospects 2024"
Mexico,484,America,Latin America,2023,both,17,8.7257e-4,8.721894768141083e-4,0.9991278105231859,98380.72699682329,85.80663480795091,"United Nations, World Population Prospects 2024"
Mexico,484,America,Latin America,2023,both,18,0.00104717,0.001046622004417817,0.9989533779955821,98294.92036201534,102.87762657338219,"United Nations, World Population Prospects 2024"
Mexico,484,America,Latin America,2023,both,19,0.00120115,0.0012004290523219018,0.9987995709476781,98192.04273544195,117.87258080645827,"United Nations, World Population Prospects 2024"
Mexico,484,America,Latin America,2023,both,20,0.00132558,0.0013247020007609157,0.998675297999239,98074.1701546355,129.91904942681214,"United Nations, World Population Prospects 2024"
Mexico,484,America,Latin America,2023,both,21,0.00142258,0.001421568852291054,0.998578431147709,97944.25110520868,139.2344966321383,"United Nations, World Population Prospects 2024"
Mexico,484,America,Latin America,2023,both,22,0.00150243,0.0015013021992683765,0.9984986978007316,97805.01660857654,146.83488653393604,"United Nations, World Population Prospects 2024"
Mexico,484,America,Latin America,2023,both,23,0.00157901,0.0015777643471590963,0.9984222356528409,97658.1817220426,154.08159732942295,"United Nations, World Population Prospects 2024"
Mexico,484,America,Latin America,2023,both,24,0.00165738,0.0016560076829931802,0.9983439923170068,97504.1001247132,161.46753892986135,"United Nations, World Population Prospects 2024"
Mexico,484,America,Latin America,2023,both,25,0.0017385,0.0017369901213370278,0.998263009878663,97342.63258578331,169.08319118644548,"United Nations, World Population Prospects 2024"
Mexico,484,America,Latin America,2023,both,26,0.00181644,0.0018147917698188153,0.9981852082301812,97173.54939459688,176.34975768539653,"United Nations, World Population Prospects 2024"
Mexico,484,America,Latin America,2023,both,27,0.00188244,0.0018806698758994057,0.9981193301241006,96997.19963691148,182.4197114037402,"United Nations, World Population Prospects 2024"
Mexico,484,America,Latin America,2023,both,28,0.00193138,0.0019295166850324312,0.9980704833149676,96814.77992550774,186.80573322401005,"United Nations, World Population Prospects 2024"
Mexico,484,America,Latin America,2023,both,29,0.00196286,0.0019609354790927538,0.9980390645209073,96627.97419228374,189.48122286650818,"United Nations, World Population Prospects 2024"
Mexico,484,America,Latin America,2023,both,30,0.00198511,0.0019831416228665156,0.9980168583771335,96438.49296941723,191.25118945417114,"United Nations, World Population Prospects 2024"
Mexico,484,America,Latin America,2023,both,31,0.00200568,0.0020036706389364493,0.9979963293610635,96247.24177996306,192.8477724331295,"United Nations, World Population Prospects 2024"
Mexico,484,America,Latin America,2023,both,32,0.00203208,0.002030017421099466,0.9979699825789006,96054.39400752993,194.9920932084379,"United Nations, World Population Prospects 2024"
Mexico,484,America,Latin America,2023,both,33,0.00207353,0.002071382463160581,0.9979286175368394,95859.4019143215,198.5614840543874,"United Nations, World Population Prospects 2024"
Mexico,484,America,Latin America,2023,both,34,0.00213135,0.0021290810915078075,0.9978709189084922,95660.8404302671,203.66968655782728,"United Nations, World Population Prospects 2024"
Mexico,484,America,Latin America,2023,both,35,0.00220372,0.002201294481662436,0.9977987055183376,95457.17074370928,210.12934319323617,"United Nations, World Population Prospects 2024"
Mexico,484,America,Latin America,2023,both,36,0.00228762,0.002285006386844663,0.9977149936131553,95247.04140051606,217.64009792823722,"United Nations, World Population Prospects 2024"
Mexico,484,America,Latin America,2023,both,37,0.00238141,0.0023785778155021925,0.9976214221844978,95029.40130258781,226.0348257587905,"United Nations, World Population Prospects 2024"
Mexico,484,America,Latin America,2023,both,38,0.0024879,0.00248480902181731,0.9975151909781826,94803.36647682902,235.56826032027746,"United Nations, World Population Prospects 2024"
Mexico,484,America,Latin America,2023,both,39,0.00260764,0.0026042445338918213,0.9973957554661081,94567.79821650873,246.27767158752758,"United Nations, World Population Prospects 2024"
Mexico,484,America,Latin America,2023,both,40,0.00274276,0.0027390037849893416,0.9972609962150106,94321.5205449212,258.3470017784891,"United Nations, World Population Prospects 2024"
Mexico,484,America,Latin America,2023,both,41,0.00289608,0.0028918924240942142,0.9971081075759057,94063.17354314271,272.0205789556737,"United Nations, World Population Prospects 2024"
Mexico,484,America,Latin America,2023,both,42,0.00307058,0.0030658729958482037,0.9969341270041518,93791.15296418703,287.5517631223692,"United Nations, World Population Prospects 2024"
Mexico,484,America,Latin America,2023,both,43,0.00327429,0.0032689382740493317,0.9967310617259507,93503.60120106467,305.65750072760534,"United Nations, World Population Prospects 2024"
Mexico,484,America,Latin America,2023,both,44,0.00350578,0.003499645506388307,0.9965003544936117,93197.94370033707,326.15976487551507,"United Nations, World Population Prospects 2024"
Mexico,484,America,Latin America,2023,both,45,0.00375907,0.0037520179509405787,0.9962479820490594,92871.78393546156,348.4566004617266,"United Nations, World Population Prospects 2024"
Mexico,484,America,Latin America,2023,both,46,0.00403037,0.004022264393128932,0.9959777356068711,92523.32733499983,372.1532850733827,"United Nations, World Population Prospects 2024"
Mexico,484,America,Latin America,2023,both,47,0.00431416,0.004304874042300834,0.9956951259576992,92151.17404992644,396.69919713507454,"United Nations, World Population Prospects 2024"
Mexico,484,America,Latin America,2023,both,48,0.00460996,0.0045993585704822105,0.9954006414295178,91754.47485279136,422.0117302942804,"United Nations, World Population Prospects 2024"
Mexico,484,America,Latin America,2023,both,49,0.00491896,0.0049068915982519315,0.995093108401748,91332.4631224971,448.15849594343536,"United Nations, World Population Prospects 2024"
Mexico,484,America,Latin America,2023,both,50,0.00524822,0.005234484137829081,0.9947655158621709,90884.30462655365,475.73245094532126,"United Nations, World Population Prospects 2024"
Mexico,484,America,Latin America,2023,both,51,0.00561387,0.005598156339036487,0.9944018436609635,90408.57217560832,506.12132142811953,"United Nations, World Population Prospects 2024"
Mexico,484,America,Latin America,2023,both,52,0.00603311,0.006014965525668717,0.9939850344743313,89902.4508541802,540.76014256102,"United Nations, World Population Prospects 2024"
Mexico,484,America,Latin America,2023,both,53,0.00652219,0.006500989655140569,0.9934990103448594,89361.69071161919,580.9394268821075,"United Nations, World Population Prospects 2024"
Mexico,484,America,Latin America,2023,both,54,0.00708961,0.00706456748585331,0.9929354325141467,88780.75128473708,627.197608895783,"United Nations, World Population Prospects 2024"
Mexico,484,America,Latin America,2023,both,55,0.00773534,0.007705537523685767,0.9922944624763143,88153.553675841307,679.2705156954426,"United Nations, World Population Prospects 2024"
Mexico,484,America,Latin America,2023,both,56,0.00845257,0.008416997370268992,0.991583002629731,87474.28316014586,736.2708113251128,"United Nations, World Population Prospects 2024"
Mexico,484,America,Latin America,2023,both,57,0.00922541,0.009183051293383752,0.9908169487066163,86738.01234882075,796.5196164853743,"United Nations, World Population Prospects 2024"
Mexico,484,America,Latin America,2023,both,58,0.01003706,0.009986940240793371,0.9900130597592066,85941.49273233538,858.2925521224112,"United Nations, World Population Prospects 2024"
Mexico,484,America,Latin America,2023,both,59,0.01087343,0.010814633917560887,0.9891853660824391,85083.20018021295,920.1436624835536,"United Nations, World Population Prospects 2024"
Mexico,484,America,Latin America,2023,both,60,0.01172852,0.0116601418962833,0.9883398581037167,84163.0565177294,981.3531814216359,"United Nations, World Population Prospects 2024"
Mexico,484,America,Latin America,2023,both,61,0.01260139,0.012522489612312154,0.9874775103876878,83181.70333630778,1041.6420159633453,"United Nations, World Population Prospects 2024"
Mexico,484,America,Latin America,2023,both,62,0.01349469,0.01340424692155508,0.9865957530784449,82140.06132034442,1101.0256640895723,"United Nations, World Population Prospects 2024"
Mexico,484,America,Latin America,2023,both,63,0.01442446,0.014321172410704347,0.9856788275892957,81039.03565625485,1160.5740016304428,"United Nations, World Population Prospects 2024"
Mexico,484,America,Latin America,2023,both,64,0.01541493,0.01529702868679255,0.9847029713132075,79878.46165462442,1221.9031193876485,"United Nations, World Population Prospects 2024"
Mexico,484,America,Latin America,2023,both,65,0.01649549,0.016360552336271282,0.9836394476637287,78656.55853523678,1286.864742506727,"United Nations, World Population Prospects 2024"
Mexico,484,America,Latin America,2023,both,66,0.01769865,0.017543402727657077,0.9824565972723429,77369.69379273005,1357.3276971213731,"United Nations, World Population Prospects 2024"
Mexico,484,America,Latin America,2023,both,67,0.0190611,0.018881152234570812,0.9811188477654292,76012.36609560867,1435.2010559611163,"United Nations, World Population Prospects 2024"
Mexico,484,America,Latin America,2023,both,68,0.02061604,0.020405697660402615,0.9795943023395974,74577.16503964756,1521.799082168996,"United Nations, World Population Prospects 2024"
Mexico,484,America,Latin America,2023,both,69,0.02238447,0.022136710731367512,0.9778632892686325,73055.36595747857,1617.2055035748967,"United Nations, World Population Prospects 2024"
Mexico,484,America,Latin America,2023,both,70,0.02437669,0.02408315618374365,0.9759168438162563,71438.16045390368,1720.4563756907014,"United Nations, World Population Prospects 2024"
Mexico,484,America,Latin America,2023,both,71,0.02659183,0.026242906545221788,0.9737570934547782,69717.70407821298,1829.595192671971,"United Nations, World Population Prospects 2024"
Mexico,484,America,Latin America,2023,both,72,0.02902769,0.028612413860157816,0.9713875861398422,67888.108885541,1942.4426676165565,"United Nations, World Population Prospects 2024"
Mexico,484,America,Latin America,2023,both,73,0.03167765,0.031183736258554605,0.9688162637414454,65945.66621792444,2056.43226273443,"United Nations, World Population Prospects 2024"
Mexico,484,America,Latin America,2023,both,74,0.0345464,0.033959805487847314,0.9660401945121527,63889.233955190015,2169.665957885823,"United Nations, World Population Prospects 2024"
Mexico,484,America,Latin America,2023,both,75,0.03818378,0.03746843672752612,0.9625315632724739,61719.56799730419,2312.535728357238,"United Nations, World Population Prospects 2024"
Mexico,484,America,Latin America,2023,both,76,0.04221931,0.0413464996567876,0.9586535003432124,59407.03226894696,2456.2728393187854,"United Nations, World Population Prospects 2024"
Mexico,484,America,Latin America,2023,both,77,0.04669887,0.04563335689924918,0.9543666431007508,56950.759429628175,2598.8543307355035,"United Nations, World Population Prospects 2024"
Mexico,484,America,Latin America,2023,both,78,0.05167329,0.050371850383644654,0.9496281496163553,54351.905098892676,2737.8060317074746,"United Nations, World Population Prospects 2024"
Mexico,484,America,Latin America,2023,both,79,0.05719513,0.05560496344359905,0.944395036556401,51614.09906718519,2870.0000918051323,"United Nations, World Population Prospects 2024"
Mexico,484,America,Latin America,2023,both,80,0.06332505,0.061381554980879036,0.938618445019121,48744.09897538006,2991.9885912507007,"United Nations, World Population Prospects 2024"
Mexico,484,America,Latin America,2023,both,81,0.07013153,0.06775562710259285,0.9322443728974071,45752.110384129366,3099.9629303437355,"United Nations, World Population Prospects 2024"
Mexico,484,America,Latin America,2023,both,82,0.07769167,0.07478652499001452,0.9252134750099855,42652.14745378563,3189.805891430323,"United Nations, World Population Prospects 2024"
Mexico,484,America,Latin America,2023,both,83,0.08608986,0.08253705811119758,0.9174629418888024,39462.3415623553,3257.105578736047,"United Nations, World Population Prospects 2024"
Mexico,484,America,Latin America,2023,both,84,0.09542157,0.0910762505895174,0.9089237494104826,36205.235983619255,3297.43714509672,"United Nations, World Population Prospects 2024"
Mexico,484,America,Latin America,2023,both,85,0.10579308,0.100478134347369,0.899521865652631,32907.79883852253,3306.5142327732606,"United Nations, World Population Prospects 2024"
Mexico,484,America,Latin America,2023,both,86,0.11731504,0.11081491207845952,0.8891850879215405,29601.28460574928,3280.2637509955634,"United Nations, World Population Prospects 2024"
Mexico,484,America,Latin America,2023,both,87,0.12928895,0.12143861451964988,0.8785613854803501,26321.02085475371,3196.3883053441014,"United Nations, World Population Prospects 2024"
Mexico,484,America,Latin America,2023,both,88,0.14210315,0.13267629058852745,0.8673237094114725,23124.632549409613,3068.09046787839,"United Nations, World Population Prospects 2024"
Mexico,484,America,Latin America,2023,both,89,0.15573985,0.14448853835494113,0.8555114616450589,20056.54208153122,2897.9404498148147,"United Nations, World Population Prospects 2024"
Mexico,484,America,Latin America,2023,both,90,0.17023795,0.15688413337348558,0.8431158666265144,17158.601631716407,2691.912346892704,"United Nations, World Population Prospects 2024"
Mexico,484,America,Latin America,2023,both,91,0.18566002,0.16988920353678796,0.8301107964632121,14466.689284823702,2457.7343204128833,"United Nations, World Population Prospects 2024"
Mexico,484,America,Latin America,2023,both,92,0.20206789,0.18352557695212568,0.8164744230478743,12008.95496441082,2203.9503884355895,"United Nations, World Population Prospects 2024"
Mexico,484,America,Latin America,2023,both,93,0.21945197,0.19775329492712562,0.8022467050728743,9805.004575975228,1938.9719616746456,"United Nations, World Population Prospects 2024"
Mexico,484,America,Latin America,2023,both,94,0.23770913,0.21245757709358767,0.7875424229064123,7866.032614300583,1671.1982305734412,"United Nations, World Population Prospects 2024"
Mexico,484,America,Latin America,2023,both,95,0.26103725,0.23090044182155775,0.7690995581784422,6194.834383727141,1430.3899962139744,"United Nations, World Population Prospects 2024"
Mexico,484,America,Latin America,2023,both,96,0.28464553,0.24918135112189588,0.7508186488781041,4764.444387513167,1187.2106898256648,"United Nations, World Population Prospects 2024"
Mexico,484,America,Latin America,2023,both,97,0.31018562,0.2685374000380108,0.7314625999619893,3577.2336976875026,960.6210365053615,"United Nations, World Population Prospects 2024"
Mexico,484,America,Latin America,2023,both,98,0.33784204,0.2890204164520885,0.7109795835479116,2616.6126611821414,756.25448102867006,"United Nations, World Population Prospects 2024"
Mexico,484,America,Latin America,2023,both,99,0.36777597,0.31065098612348874,0.6893490138765113,1860.3581801534715,577.9221032075749,"United Nations, World Population Prospects 2024"
Mexico,484,America,Latin America,2023,both,100,0.45327709,1,0,1282.4360769458967,1282.4360769458967,"United Nations, World Population Prospects 2024"
Mexico,484,America,Latin America,2023,female,0,0.00933973,0.00929631745249968,0.9907036825475003,100000,929.631745249968,"United Nations, World Population Prospects 2024"
Mexico,484,America,Latin America,2023,female,1,7.5236e-4,7.520770836426753e-4,0.9992479229163573,99070.36825475004,74.50855363243829,"United Nations, World Population Prospects 2024"
Mexico,484,America,Latin America,2023,female,2,5.5835e-4,5.581941661436669e-4,0.9994418058338563,98995.85970111759,55.25891135754077,"United Nations, World Population Prospects 2024"
Mexico,484,America,Latin America,2023,female,3,4.1883e-4,4.1874230907934415e-4,0.9995812576909207,98940.60078976005,41.430615636401704,"United Nations, World Population Prospects 2024"
Mexico,484,America,Latin America,2023,female,4,3.2081e-4,3.207585487249918e-4,0.999679241451275,98899.17017412365,31.722754295157895,"United Nations, World Population Prospects 2024"
Mexico,484,America,Latin America,2023,female,5,2.5287e-4,2.528380324233705e-4,0.9997471619675766,98867.44741982849,24.997450876350474,"United Nations, World Population Prospects 2024"
Mexico,484,America,Latin America,2023,female,6,2.0911e-4,2.0908813878964884e-4,0.9997909118612104,98842.44996895213,20.666783897417186,"United Nations, World Population Prospects 2024"
Mexico,484,America,Latin America,2023,female,7,1.8497e-4,1.8495289463154002e-4,0.9998150471053685,98821.78318505472,18.277374852726318,"United Nations, World Population Prospects 2024"
Mexico,484,America,Latin America,2023,female,8,1.759e-4,1.7588453095550248e-4,0.9998241154690445,98803.505810202,17.37800827618664,"United Nations, World Population Prospects 2024"
Mexico,484,America,Latin America,2023,female,9,1.7737e-4,1.7735427133644654e-4,0.9998226457286635,98786.12780192582,17.520141714459637,"United Nations, World Population Prospects 2024"
Mexico,484,America,Latin America,2023,female,10,1.8485e-4,1.848329168176631e-4,0.9998151670831823,98768.60766021135,18.255689843856246,"United Nations, World Population Prospects 2024"
Mexico,484,America,Latin America,2023,female,11,2.0253e-4,2.0250949287620388e-4,0.9997974905071237,98750.35197036748,19.99788369886576,"United Nations, World Population Prospects 2024"
Mexico,484,America,Latin America,2023,female,12,2.3097e-4,2.3094332950959157e-4,0.9997690566704904,98730.35408666861,22.80111669643616,"United Nations, World Population Prospects 2024"
Mexico,484,America,Latin America,2023,female,13,2.7091e-4,2.70873308855949e-4,0.999729126691144,98707.5529699722,26.737241482050223,"United Nations, World Population Prospects 2024"
Mexico,484,America,Latin America,2023,female,14,3.22e-4,3.2194816634521843e-4,0.9996780518336548,98680.81572849014,31.77010767723779,"United Nations, World Population Prospects 2024"
Mexico,484,America,Latin America,2023,female,15,3.8197e-4,3.818970633893486e-4,0.9996181029366107,98649.04562081289,37.67378082875032,"United Nations, World Population Prospects 2024"
Mexico,484,America,Latin America,2023,female,16,4.4551e-4,4.454107825211395e-4,0.9995545892174789,98611.37183998415,43.9225682967304,"United Nations, World Population Prospects 2024"
Mexico,484,America,Latin America,2023,female,17,5.0445e-4,5.043227971824806e-4,0.9994956772028175,98567.44927168741,49.70981172783965,"United Nations, World Population Prospects 2024"
Mexico,484,America,Latin America,2023,female,18,5.5218e-4,5.520275907024829e-4,0.9994479724092975,98517.73945995957,54.384510355536406,"United Nations, World Population Prospects 2024"
Mexico,484,America,Latin America,2023,female,19,5.8433e-4,5.841593290896165e-4,0.9994158406709104,98463.35494960404,57.51828736727346,"United Nations, World Population Prospects 2024"
Mexico,484,America,Latin America,2023,female,20,6.0367e-4,6.034878462459285e-4,0.999396512153754,98405.83666223676,59.38672642532189,"United Nations, World Population Prospects 2024"
Mexico,484,America,Latin America,2023,female,21,6.162e-4,6.160102072551446e-4,0.9993839897927449,98346.44993581143,60.5824170077669,"United Nations, World Population Prospects 2024"
Mexico,484,America,Latin America,2023,female,22,6.283e-4,6.281026815425935e-4,0.9993718973184574,98285.86751880367,61.73361694630068,"United Nations, World Population Prospects 2024"
Mexico,484,America,Latin America,2023,female,23,6.4579e-4,6.455815449470443e-4,0.9993544184550529,98224.13390185738,63.41168811544644,"United Nations, World Population Prospects 2024"
Mexico,484,America,Latin America,2023,female,24,6.7028e-4,6.700554376206358e-4,0.9993299445623793,98160.72221374193,65.77312568008652,"United Nations, World Population Prospects 2024"
Mexico,484,America,Latin America,2023,female,25,7.0171e-4,7.014638878876153e-4,0.9992985361121124,98094.94908806184,68.81006436944953,"United Nations, World Population Prospects 2024"
Mexico,484,America,Latin America,2023,female,26,7.3734e-4,7.370682650427266e-4,0.9992629317349573,98026.13902369238,72.25195621903006,"United Nations, World Population Prospects 2024"
Mexico,484,America,Latin America,2023,female,27,7.7334e-4,7.730410882024248e-4,0.9992269589117976,97953.88706747336,75.72237945229703,"United Nations, World Population Prospects 2024"
Mexico,484,America,Latin America,2023,female,28,8.0747e-4,8.07144127665617e-4,0.9991928558723344,97878.16468802106,79.00178585462436,"United Nations, World Population Prospects 2024"
Mexico,484,America,Latin America,2023,female,29,8.3843e-4,8.380786648525139e-4,0.9991619213351475,97799.16290216644,81.96339186874116,"United Nations, World Population Prospects 2024"
Mexico,484,America,Latin America,2023,female,30,8.6775e-4,8.673736682496883e-4,0.9991326263317503,97717.1995102977,84.75732579033355,"United Nations, World Population Prospects 2024"
Mexico,484,America,Latin America,2023,female,31,8.9834e-4,8.979366737842363e-4,0.9991020633262158,97632.44218450737,87.6677503885883,"United Nations, World Population Prospects 2024"
Mexico,484,America,Latin America,2023,female,32,9.3326e-4,9.328247160027716e-4,0.9990671752839972,97544.77443411876,90.99217650906125,"United Nations, World Population Prospects 2024"
Mexico,484,America,Latin America,2023,female,33,9.7567e-4,9.751942661051946e-4,0.9990248057338948,97453.78225760971,95.03636966788514,"United Nations, World Population Prospects 2024"
Mexico,484,America,Latin America,2023,female,34,0.00102715,0.0010266227522200285,0.99897337724778,97358.74588794183,99.95070365616922,"United Nations, World Population Prospects 2024"
Mexico,484,America,Latin America,2023,female,35,0.00108859,0.0010879978082329678,0.998912002191767,97258.79518428566,105.81735599188191,"United Nations, World Population Prospects 2024"
Mexico,484,America,Latin America,2023,female,36,0.00115992,0.0011592476827139333,0.9988407523172861,97152.97782829379,112.62436441620773,"United Nations, World Population Prospects 2024"
Mexico,484,America,Latin America,2023,female,37,0.00124059,0.0012398209452667557,0.9987601790547332,97040.35346387757,120.31266276060478,"United Nations, World Population Prospects 2024"
Mexico,484,America,Latin America,2023,female,38,0.00133099,0.0013301048218915552,0.9986698951781084,96920.04080111696,128.91381360749193,"United Nations, World Population Prospects 2024"
Mexico,484,America,Latin America,2023,female,39,0.00143216,0.0014311351927112036,0.9985688648072888,96791.12698750947,138.52118817400395,"United Nations, World Population Prospects 2024"
Mexico,484,America,Latin America,2023,female,40,0.0015467,0.00154550478387539,0.9984544952161246,96652.60579933548,149.37706463689526,"United Nations, World Population Prospects 2024"
Mexico,484,America,Latin America,2023,female,41,0.00167838,0.0016769727012788138,0.9983230272987211,96503.22873469858,161.83328017335472,"United Nations, World Population Prospects 2024"
Mexico,484,America,Latin America,2023,female,42,0.00183065,0.0018289758926410683,0.9981710241073589,96341.39545452522,176.20608974972643,"United Nations, World Population Prospects 2024"
Mexico,484,America,Latin America,2023,female,43,0.00200664,0.0020046287159167465,0.9979953712840832,96165.18936477549,192.77550007220066,"United Nations, World Population Prospects 2024"
Mexico,484,America,Latin America,2023,female,44,0.0022067,0.002204267920989376,0.9977957320790106,95972.41386470328,211.5489131818815,"United Nations, World Population Prospects 2024"
Mexico,484,America,Latin America,2023,female,45,0.0024283,0.002425355254917242,0.9975746447450827,95760.8649515214,232.2541170255928,"United Nations, World Population Prospects 2024"
Mexico,484,America,Latin America,2023,female,46,0.00266671,0.0026631590635468245,0.9973368409364531,95528.6108344958,254.40788577192487,"United Nations, World Population Prospects 2024"
Mexico,484,America,Latin America,2023,female,47,0.00291499,0.002910747599926845,0.9970892524000732,95274.20294872389,277.3191575679412,"United Nations, World Population Prospects 2024"
Mexico,484,America,Latin America,2023,female,48,0.00316969,0.003164674481471413,0.9968353255185286,94996.88379115594,300.63421395317647,"United Nations, World Population Prospects 2024"
Mexico,484,America,Latin America,2023,female,49,0.00343136,0.0034254829673825214,0.9965745170326175,94696.24957720276,324.3803900017123,"United Nations, World Population Prospects 2024"
Mexico,484,America,Latin America,2023,female,50,0.00370756,0.003700699716878844,0.9962993002831212,94371.86918720105,349.24194958240224,"United Nations, World Population Prospects 2024"
Mexico,484,America,Latin America,2023,female,51,0.00401299,0.004004954079663925,0.995995045920336,94022.62723761865,376.5563045360213,"United Nations, World Population Prospects 2024"
Mexico,484,America,Latin America,2023,female,52,0.00436277,0.004353273833758147,0.9956467261662418,93646.07093308262,407.666990227248,"United Nations, World Population Prospects 2024"
Mexico,484,America,Latin America,2023,female,53,0.00477247,0.004761108875362799,0.9952388911246371,93238.40394285538,443.91819253699055,"United Nations, World Population Prospects 2024"
Mexico,484,America,Latin America,2023,female,54,0.00525109,0.005237339130432788,0.9947626608695672,92794.48575031839,485.9961913085303,"United Nations, World Population Prospects 2024"
Mexico,484,America,Latin America,2023,female,55,0.00579931,0.005782542621375217,0.9942174573786248,92308.48955900986,533.7777751897437,"United Nations, World Population Prospects 2024"
Mexico,484,America,Latin America,2023,female,56,0.00641092,0.0063904357139364055,0.9936095642860636,91774.71178382011,586.4803958195444,"United Nations, World Population Prospects 2024"
Mexico,484,America,Latin America,2023,female,57,0.00707092,0.007046009116608595,0.9929539908833914,91188.23138800057,642.513109687266,"United Nations, World Population Prospects 2024"
Mexico,484,America,Latin America,2023,female,58,0.00776562,0.007735584196326662,0.9922644158036733,90545.7182783133,700.4240273587666,"United Nations, World Population Prospects 2024"
Mexico,484,America,Latin America,2023,female,59,0.00848523,0.008449382522967322,0.9915506174770327,89845.29425095454,759.1372590148717,"United Nations, World Population Prospects 2024"
Mexico,484,America,Latin America,2023,female,60,0.00922814,0.009185756277532526,0.9908142437224675,89086.15699193966,818.3237258299579,"United Nations, World Population Prospects 2024"
Mexico,484,America,Latin America,2023,female,61,0.01000429,0.009954496166771864,0.9900455038332281,88267.83326610971,878.6618078967471,"United Nations, World Population Prospects 2024"
Mexico,484,America,Latin America,2023,female,62,0.01082752,0.010769218038153765,0.9892307819618462,87389.17145821295,941.1130416070991,"United Nations, World Population Prospects 2024"
Mexico,484,America,Latin America,2023,female,63,0.01171531,0.011647085392018018,0.988352914607982,86448.05841660585,1006.8679183523703,"United Nations, World Population Prospects 2024"
Mexico,484,America,Latin America,2023,female,64,0.01268401,0.012604074894001865,0.9873959251059982,85441.19049825348,1076.9071640726675,"United Nations, World Population Prospects 2024"
Mexico,484,America,Latin America,2023,female,65,0.01374687,0.013653026807684127,0.9863469731923159,84364.28333418083,1151.82782197263,"United Nations, World Population Prospects 2024"
Mexico,484,America,Latin America,2023,female,66,0.01491611,0.014805688361884206,0.9851943116381158,83212.4555122082,1232.0176841409082,"United Nations, World Population Prospects 2024"
Mexico,484,America,Latin America,2023,female,67,0.01620195,0.016071753129690208,0.9839282468703098,81980.43782806728,1317.5693582366139,"United Nations, World Population Prospects 2024"
Mexico,484,America,Latin America,2023,female,68,0.01761651,0.017462694137053824,0.9825373058629462,80662.86846983068,1408.5910003060558,"United Nations, World Population Prospects 2024"
Mexico,484,America,Latin America,2023,female,69,0.01917478,0.018992689676918407,0.9810073103230816,79254.27746952462,1505.2518975470673,"United Nations, World Population Prospects 2024"
Mexico,484,America,Latin America,2023,female,70,0.02089504,0.020678995778029126,0.9793210042219709,77749.02557197755,1607.7717715488022,"United Nations, World Population Prospects 2024"
Mexico,484,America,Latin America,2023,female,71,0.02279994,0.022542951034495284,0.9774570489655047,76141.25380042875,1716.4485561281433,"United Nations, World Population Prospects 2024"
Mexico,484,America,Latin America,2023,female,72,0.02491465,0.024608098914193743,0.9753919010858063,74424.8052443006,1831.4529691213545,"United Nations, World Population Prospects 2024"
Mexico,484,America,Latin America,2023,female,73,0.02726616,0.02689943781234922,0.9731005621876507,72593.35227517926,1952.7203651161444,"United Nations, World Population Prospects 2024"
Mexico,484,America,Latin America,2023,female,74,0.02988273,0.0294428141669051,0.9705571858330949,70640.63191006311,2079.8589979607345,"United Nations, World Population Prospects 2024"
Mexico,484,America,Latin America,2023,female,75,0.03355399,0.03300034340371755,0.9669996565962824,68560.77291210237,2262.529050123674,"United Nations, World Population Prospects 2024"
Mexico,484,America,Latin America,2023,female,76,0.03767646,0.03697982554109694,0.9630201744589031,66298.24386197868,2451.6974916970726,"United Nations, World Population Prospects 2024"
Mexico,484,America,Latin America,2023,female,77,0.04230569,0.041429341559539014,0.958570658440461,63846.54637028162,2645.120376971343,"United Nations, World Population Prospects 2024"
Mexico,484,America,Latin America,2023,female,78,0.04750396,0.04640182478572594,0.953598175214274,61201.42599331027,2839.8578455781562,"United Nations, World Population Prospects 2024"
Mexico,484,America,Latin America,2023,female,79,0.05334109,0.05195541087623197,0.948044589123768,58361.56814773213,3032.199252496635,"United Nations, World Population Prospects 2024"
Mexico,484,America,Latin America,2023,female,80,0.05989554,0.058153958622581416,0.9418460413774186,55329.368895235486,3217.621829347068,"United Nations, World Population Prospects 2024"
Mexico,484,America,Latin America,2023,female,81,0.06725537,0.06506730709326927,0.9349326929067308,52111.74706588841,3390.771049502935,"United Nations, World Population Prospects 2024"
Mexico,484,America,Latin America,2023,female,82,0.07551951,0.07277166958551018,0.9272283304144898,48720.97601638548,3545.5067685479703,"United Nations, World Population Prospects 2024"
Mexico,484,America,Latin America,2023,female,83,0.08479908,0.08134988240689363,0.9186501175931063,45175.46924783751,3675.0191109878206,"United Nations, World Population Prospects 2024"
Mexico,484,America,Latin America,2023,female,84,0.0952189,0.09089160087282527,0.9091083991271747,41500.450136849686,3772.0423498811288,"United Nations, World Population Prospects 2024"
Mexico,484,America,Latin America,2023,female,85,0.10691906,0.1014932771076645,0.8985067228923355,37728.40778696856,3829.179746353767,"United Nations, World Population Prospects 2024"
Mexico,484,America,Latin America,2023,female,86,0.12005688,0.1132581688091312,0.8867418311908688,33899.228040614784,3839.364491923183,"United Nations, World Population Prospects 2024"
Mexico,484,America,Latin America,2023,female,87,0.13335105,0.1250155711597489,0.8749844288402511,30059.863548691606,3757.951010523798,"United Nations, World Population Prospects 2024"
Mexico,484,America,Latin America,2023,female,88,0.14756051,0.13742151554090554,0.8625784844590945,26301.912538167806,3614.448682619365,"United Nations, World Population Prospects 2024"
Mexico,484,America,Latin America,2023,female,89,0.16269898,0.15045920075294064,0.8495407992470594,22687.463855548438,3413.537678817047,"United Nations, World Population Prospects 2024"
Mexico,484,America,Latin America,2023,female,90,0.178884,0.16419781869984817,0.8358021813001518,19273.926176731395,3164.7366360011993,"United Nations, World Population Prospects 2024"
Mexico,484,America,Latin America,2023,female,91,0.19626752,0.17872824527314413,0.8212717547268559,16109.189540730196,2879.1671793871947,"United Nations, World Population Prospects 2024"
Mexico,484,America,Latin America,2023,female,92,0.21503153,0.1941566312602331,0.8058433687397669,13230.022361342999,2568.696573175911,"United Nations, World Population Prospects 2024"
Mexico,484,America,Latin America,2023,female,93,0.23527879,0.21051404509591393,0.789485954904086,10661.325788167089,2244.3588177524366,"United Nations, World Population Prospects 2024"
Mexico,484,America,Latin America,2023,female,94,0.25695822,0.22770312513804533,0.7722968748619546,8416.966970414653,1916.569683347122,"United Nations, World Population Prospects 2024"
Mexico,484,America,Latin America,2023,female,95,0.28463577,0.24917387159704674,0.7508261284029533,6500.397287067531,1619.729158937556,"United Nations, World Population Prospects 2024"
Mexico,484,America,Latin America,2023,female,96,0.31312436,0.2707371600202248,0.7292628399797751,4880.668128129974,1321.378228011136,"United Nations, World Population Prospects 2024"
Mexico,484,America,Latin America,2023,female,97,0.34446563,0.29385428013291026,0.7061457198670897,3559.289900118838,1045.912571383759,"United Nations, World Population Prospects 2024"
Mexico,484,America,Latin America,2023,female,98,0.37894545,0.31858271487477785,0.6814172851252221,2513.377328735079,800.7185728931385,"United Nations, World Population Prospects 2024"
Mexico,484,America,Latin America,2023,female,99,0.41687842,0.34497260313160477,0.6550273968683953,1712.6587558419403,590.8203492789297,"United Nations, World Population Prospects 2024"
Mexico,484,America,Latin America,2023,female,100,0.51957905,1,0,1121.838406563011,1121.838406563011,"United Nations, World Population Prospects 2024"
Mexico,484,America,Latin America,2023,male,0,0.0115029,0.011437119976312238,0.9885628800236878,100000,1143.7119976312238,"United Nations, World Population Prospects 2024"
Mexico,484,America,Latin America,2023,male,1,7.6008e-4,7.597912489337552e-4,0.9992402087510662,98856.28800236878,75.11014252627477,"United Nations, World Population Prospects 2024"
Mexico,484,America,Latin America,2023,male,2,5.8301e-4,5.828400991968836e-4,0.9994171599008032,98781.1778598425,57.573631502615605,"United Nations, World Population Prospects 2024"
Mexico,484,America,Latin America,2023,male,3,4.5126e-4,4.511582051741665e-4,0.9995488417948258,98723.60422833989,44.539964091982576,"United Nations, World Population Prospects 2024"
Mexico,484,America,Latin America,2023,male,4,3.5543e-4,3.553668459809665e-4,0.9996446331540191,98679.0642642479,35.067267831938885,"United Nations, World Population Prospects 2024"
Mexico,484,America,Latin America,2023,male,5,2.8672e-4,2.8667890171265047e-4,0.9997133210982874,98643.99699641597,28.27915271947852,"United Nations, World Population Prospects 2024"
Mexico,484,America,Latin America,2023,male,6,2.4081e-4,2.4078100876263992e-4,0.9997592189912373,98615.71784369649,23.74479202225711,"United Nations, World Population Prospects 2024"
Mexico,484,America,Latin America,2023,male,7,2.1455e-4,2.1452698661751063e-4,0.9997854730133825,98591.97305167423,21.150638883450487,"United Nations, World Population Prospects 2024"
Mexico,484,America,Latin America,2023,male,8,2.0475e-4,2.047290408644415e-4,0.9997952709591356,98570.82241279079,20.180309929789853,"United Nations, World Population Prospects 2024"
Mexico,484,America,Latin America,2023,male,9,2.083e-4,2.0827830781424114e-4,0.9997917216921858,98550.64210286099,20.525960971190795,"United Nations, World Population Prospects 2024"
Mexico,484,America,Latin America,2023,male,10,2.2204e-4,2.22015351855637e-4,0.9997779846481444,98530.1161418898,21.87519840361844,"United Nations, World Population Prospects 2024"
Mexico,484,America,Latin America,2023,male,11,2.5307e-4,2.53037981838968e-4,0.999746962018161,98508.24094348619,24.92632648284654,"United Nations, World Population Prospects 2024"
Mexico,484,America,Latin America,2023,male,12,3.0699e-4,3.0694288580174385e-4,0.9996930571141982,98483.31461700334,30.228752791864068,"United Nations, World Population Prospects 2024"
Mexico,484,America,Latin America,2023,male,13,3.9299e-4,3.9291279460042504e-4,0.9996070872053996,98453.08586421148,38.683477103942934,"United Nations, World Population Prospects 2024"
Mexico,484,America,Latin America,2023,male,14,5.2208e-4,5.219437518030293e-4,0.999478056248197,98414.40238710753,51.36678241337991,"United Nations, World Population Prospects 2024"
Mexico,484,America,Latin America,2023,male,15,7.0553e-4,7.052812014769611e-4,0.999294718798523,98363.03560469415,69.37359993219978,"United Nations, World Population Prospects 2024"
Mexico,484,America,Latin America,2023,male,16,9.4615e-4,9.457026117369526e-4,0.999054297388263,98293.66200476195,92.95657287509265,"United Nations, World Population Prospects 2024"
Mexico,484,America,Latin America,2023,male,17,0.00122992,0.0012291641132369238,0.9987708358867631,98200.70543188686,120.70478301142558,"United Nations, World Population Prospects 2024"
Mexico,484,America,Latin America,2023,male,18,0.00152867,0.001527502476394705,0.9984724975236053,98080.00064887543,149.81744387595148,"United Nations, World Population Prospects 2024"
Mexico,484,America,Latin America,2023,male,19,0.00180271,0.0018010865816042378,0.9981989134183957,97930.18320499948,176.38073890456926,"United Nations, World Population Prospects 2024"
Mexico,484,America,Latin America,2023,male,20,0.00203184,0.0020297779080276765,0.9979702220919723,97753.8024660949,198.41850867138083,"United Nations, World Population Prospects 2024"
Mexico,484,America,Latin America,2023,male,21,0.00221441,0.0022119609058252657,0.9977880390941747,97555.38395742353,215.78869546659416,"United Nations, World Population Prospects 2024"
Mexico,484,America,Latin America,2023,male,22,0.00236466,0.002361867493206757,0.9976381325067932,97339.59526195693,229.90322585111852,"United Nations, World Population Prospects 2024"
Mexico,484,America,Latin America,2023,male,23,0.00250411,0.00250097863719241,0.9974990213628075,97109.69203610581,242.86926524663454,"United Nations, World Population Prospects 2024"
Mexico,484,America,Latin America,2023,male,24,0.00264116,0.0026376767368548443,0.9973623232631451,96866.82277085917,255.50336499573635,"United Nations, World Population Prospects 2024"
Mexico,484,America,Latin America,2023,male,25,0.00277789,0.0027740370151579812,0.997225962984842,96611.31940586343,268.0033761151157,"United Nations, World Population Prospects 2024"
Mexico,484,America,Latin America,2023,male,26,0.00290472,0.0029005074190448757,0.9970994925809551,96343.31602974831,279.44450291967007,"United Nations, World Population Prospects 2024"
Mexico,484,America,Latin America,2023,male,27,0.00300806,0.003003542581850619,0.9969964574181494,96063.87152682863,288.53192870825706,"United Nations, World Population Prospects 2024"
Mexico,484,America,Latin America,2023,male,28,0.00308187,0.003077128345233338,0.9969228716547667,95775.33959812038,294.71301225172516,"United Nations, World Population Prospects 2024"
Mexico,484,America,Latin America,2023,male,29,0.00312534,0.003120463744919726,0.9968795362550803,95480.62658586865,297.94383360342164,"United Nations, World Population Prospects 2024"
Mexico,484,America,Latin America,2023,male,30,0.00314877,0.003143820416293893,0.9968561795837061,95182.68275226523,299.237261314196,"United Nations, World Population Prospects 2024"
Mexico,484,America,Latin America,2023,male,31,0.00316676,0.003161753742359423,0.9968382462576406,94883.44549095104,299.99808886897074,"United Nations, World Population Prospects 2024"
Mexico,484,America,Latin America,2023,male,32,0.0031923,0.0031872127304003717,0.9968127872695997,94583.44740208206,301.4575676450699,"United Nations, World Population Prospects 2024"
Mexico,484,America,Latin America,2023,male,33,0.00323679,0.003231560059357736,0.9967684399406422,94281.989834437,304.6779126657387,"United Nations, World Population Prospects 2024"
Mexico,484,America,Latin America,2023,male,34,0.00330436,0.00329890960752464,0.9967010903924753,93977.31192177125,310.0226571880711,"United Nations, World Population Prospects 2024"
Mexico,484,America,Latin America,2023,male,35,0.0033958,0.003390044044217324,0.9966099559557827,93667.28926458319,317.5362361093815,"United Nations, World Population Prospects 2024"
Mexico,484,America,Latin America,2023,male,36,0.0035083,0.0035021566918390103,0.9964978433081609,93349.75302847382,326.9254622501885,"United Nations, World Population Prospects 2024"
Mexico,484,America,Latin America,2023,male,37,0.00363738,0.0036307767426459175,0.9963692232573541,93022.82756622363,337.74511886260626,"United Nations, World Population Prospects 2024"
Mexico,484,America,Latin America,2023,male,38,0.00378087,0.0037737359973897744,0.9962262640026103,92685.08244736101,349.7690320526454,"United Nations, World Population Prospects 2024"
Mexico,484,America,Latin America,2023,male,39,0.00393809,0.003930350962089851,0.9960696490379102,92335.31341530837,362.9101879167252,"United Nations, World Population Prospects 2024"
Mexico,484,America,Latin America,2023,male,40,0.00411143,0.00410299541078911,0.9958970045892109,91972.40322739165,377.3623483612335,"United Nations, World Population Prospects 2024"
Mexico,484,America,Latin America,2023,male,41,0.00430525,0.004296002318010194,0.9957039976819898,91595.04087903042,393.49250793455315,"United Nations, World Population Prospects 2024"
Mexico,484,America,Latin America,2023,male,42,0.00452319,0.00451298345917365,0.9954870165408264,91201.54837109587,411.5910792497812,"United Nations, World Population Prospects 2024"
Mexico,484,America,Latin America,2023,male,43,0.00476825,0.004756908934486567,0.9952430910655135,90789.95729184609,431.8795590032365,"United Nations, World Population Prospects 2024"
Mexico,484,America,Latin America,2023,male,44,0.00503988,0.005027211728077947,0.994972788271922,90358.07773284285,454.2491881051264,"United Nations, World Population Prospects 2024"
Mexico,484,America,Latin America,2023,male,45,0.00533467,0.005320478501476265,0.9946795214985238,89903.82854473773,478.33138697268527,"United Nations, World Population Prospects 2024"
Mexico,484,America,Latin America,2023,male,46,0.00564798,0.005632075076305265,0.9943679249236947,89425.49715776504,503.65111372845587,"United Nations, World Population Prospects 2024"
Mexico,484,America,Latin America,2023,male,47,0.0059743,0.0059565070200550425,0.994043492979945,88921.84604403659,529.6636001975577,"United Nations, World Population Prospects 2024"
Mexico,484,America,Latin America,2023,male,48,0.00631337,0.006293503392244253,0.9937064966077558,88392.18244383905,556.2965000581739,"United Nations, World Population Prospects 2024"
Mexico,484,America,Latin America,2023,male,49,0.00666987,0.006647700351428508,0.9933522996485715,87835.88594378087,583.9066498565064,"United Nations, World Population Prospects 2024"
Mexico,484,America,Latin America,2023,male,50,0.00705549,0.007030687527229255,0.9929693124727708,87251.97929392436,613.4414025478592,"United Nations, World Population Prospects 2024"
Mexico,484,America,Latin America,2023,male,51,0.00748849,0.007460555851057458,0.9925394441489426,86638.53789137652,646.3716507925724,"United Nations, World Population Prospects 2024"
Mexico,484,America,Latin America,2023,male,52,0.00798617,0.007954407375226095,0.9920455926247739,85992.16624058393,684.0167213557693,"United Nations, World Population Prospects 2024"
Mexico,484,America,Latin America,2023,male,53,0.00856509,0.00852856603218171,0.9914714339678183,85308.14951922816,727.5561862579677,"United Nations, World Population Prospects 2024"
Mexico,484,America,Latin America,2023,male,54,0.00923422,0.009191780538159458,0.9908082194618405,84580.5933329702,777.446251703975,"United Nations, World Population Prospects 2024"
Mexico,484,America,Latin America,2023,male,55,0.00999387,0.009944179581005389,0.9900558204189946,83803.14708126622,833.3535440295188,"United Nations, World Population Prospects 2024"
Mexico,484,America,Latin America,2023,male,56,0.01083679,0.01077838843400115,0.9892216115659989,82969.7935372367,894.2806630332155,"United Nations, World Population Prospects 2024"
Mexico,484,America,Latin America,2023,male,57,0.01174638,0.011677794096490434,0.9883222059035096,82075.51287420349,958.460939708798,"United Nations, World Population Prospects 2024"
Mexico,484,America,Latin America,2023,male,58,0.01270371,0.012623527185727701,0.9873764728142723,81117.0519344947,1023.9833103211796,"United Nations, World Population Prospects 2024"
Mexico,484,America,Latin America,2023,male,59,0.0136882,0.013595153410542904,0.986404846589457,80093.06862417351,1088.8775550667792,"United Nations, World Population Prospects 2024"
Mexico,484,America,Latin America,2023,male,60,0.0146818,0.014574807793468925,0.9854251922065311,79004.19106910673,1151.4708997107248,"United Nations, World Population Prospects 2024"
Mexico,484,America,Latin America,2023,male,61,0.01567151,0.015549666622018189,0.9844503333779818,77852.72016939602,1210.5838442513796,"United Nations, World Population Prospects 2024"
Mexico,484,America,Latin America,2023,male,62,0.01665481,0.016517264052740885,0.9834827359472591,76642.13632514465,1265.918403248578,"United Nations, World Population Prospects 2024"
Mexico,484,America,Latin America,2023,male,63,0.01764344,0.017489155566555406,0.9825108444334446,75376.21792189607,1318.266401254622,"United Nations, World Population Prospects 2024"
Mexico,484,America,Latin America,2023,male,64,0.01866693,0.018494313967881763,0.9815056860321182,74057.95152064144,1369.6510072409094,"United Nations, World Population Prospects 2024"
Mexico,484,America,Latin America,2023,male,65,0.0197767,0.019583055889297072,0.9804169441107029,72688.30051340052,1423.4590514519434,"United Nations, World Population Prospects 2024"
Mexico,484,America,Latin America,2023,male,66,0.02103185,0.020812982239740558,0.9791870177602594,71264.84146194858,1483.2338796654624,"United Nations, World Population Prospects 2024"
Mexico,484,America,Latin America,2023,male,67,0.02249867,0.022248390403144244,0.9777516095968558,69781.6075822831,1552.5284484496449,"United Nations, World Population Prospects 2024"
Mexico,484,America,Latin America,2023,male,68,0.02423186,0.023941783032700614,0.9760582169672993,68229.07913383347,1633.5258091432017,"United Nations, World Population Prospects 2024"
Mexico,484,America,Latin America,2023,male,69,0.02626275,0.025922353850703718,0.9740776461492963,66595.55332469026,1726.3134981660294,"United Nations, World Population Prospects 2024"
Mexico,484,America,Latin America,2023,male,70,0.02860115,0.02819790376240297,0.9718020962375971,64869.23982652424,1829.1765817685684,"United Nations, World Population Prospects 2024"
Mexico,484,America,Latin America,2023,male,71,0.03121875,0.030738934445145312,0.9692610655548547,63040.06324475567,1937.784371498359,"United Nations, World Population Prospects 2024"
Mexico,484,America,Latin America,2023,male,72,0.03407785,0.03350692796738335,0.9664930720326167,61102.27887325731,2047.3496568492023,"United Nations, World Population Prospects 2024"
Mexico,484,America,Latin America,2023,male,73,0.03713835,0.03646129385370414,0.9635387061462959,59054.92921640811,2153.219127669154,"United Nations, World Population Prospects 2024"
Mexico,484,America,Latin America,2023,male,74,0.04037045,0.03957168660230303,0.960428313397697,56901.71008873895,2251.696638766682,"United Nations, World Population Prospects 2024"
Mexico,484,America,Latin America,2023,male,75,0.04400893,0.04306138721223689,0.9569386127877632,54650.01344997228,2353.3053903232103,"United Nations, World Population Prospects 2024"
Mexico,484,America,Latin America,2023,male,76,0.04797539,0.046851529793041115,0.9531484702069589,52296.70805964906,2450.1807757346214,"United Nations, World Population Prospects 2024"
Mexico,484,America,Latin America,2023,male,77,0.05229943,0.05096666620425851,0.9490333337957415,49846.52728391445,2540.5113175207325,"United Nations, World Population Prospects 2024"
Mexico,484,America,Latin America,2023,male,78,0.05701331,0.05543309780528353,0.9445669021947165,47306.015966393716,2622.319009843407,"United Nations, World Population Prospects 2024"
Mexico,484,America,Latin America,2023,male,79,0.06215212,0.06027888960975391,0.9397211103902461,44683.69695655031,2693.4836361995926,"United Nations, World Population Prospects 2024"
Mexico,484,America,Latin America,2023,male,80,0.06775415,0.06553404813623516,0.9344659518637648,41990.21332035072,2751.788660986647,"United Nations, World Population Prospects 2024"
Mexico,484,America,Latin America,2023,male,81,0.07386111,0.07123052710120976,0.9287694728987902,39238.42465936407,2794.97367110761,"United Nations, World Population Prospects 2024"
Mexico,484,America,Latin America,2023,male,82,0.08051849,0.07740233060846288,0.9225976693915371,36443.45098825646,2820.80804190634,"United Nations, World Population Prospects 2024"
Mexico,484,America,Latin America,2023,male,83,0.08777591,0.08408556644376647,0.9159144335562335,33622.64294635012,2827.1789774803588,"United Nations, World Population Prospects 2024"
Mexico,484,America,Latin America,2023,male,84,0.09568748,0.0913184631899409,0.9086815368100591,30795.463968869757,2812.1944428583843,"United Nations, World Population Prospects 2024"
Mexico,484,America,Latin America,2023,male,85,0.10431214,0.09914131845478018,0.9008586815452199,27983.269526011372,2774.298235484239,"United Nations, World Population Prospects 2024"
Mexico,484,America,Latin America,2023,male,86,0.11371417,0.10759654414390381,0.8924034558560962,25208.971290527137,2712.398192283607,"United Nations, World Population Prospects 2024"
Mexico,484,America,Latin America,2023,male,87,0.12397792,0.11674125124615231,0.8832587487538477,22496.573098243527,2626.2780922394786,"United Nations, World Population Prospects 2024"
Mexico,484,America,Latin America,2023,male,88,0.13502271,0.12648362883221978,0.8735163711677802,19870.29500600405,2513.2670183261266,"United Nations, World Population Prospects 2024"
Mexico,484,America,Latin America,2023,male,89,0.14682749,0.13678555047755606,0.863214449522444,17357.027987677924,2374.1906279488717,"United Nations, World Population Prospects 2024"
Mexico,484,America,Latin America,2023,male,90,0.15936283,0.14760171638223485,0.8523982836177652,14982.83735972905,2211.49251057188,"United Nations, World Population Prospects 2024"
Mexico,484,America,Latin America,2023,male,91,0.17260102,0.1588888327043131,0.8411111672956869,12771.34484915717,2029.2240751468244,"United Nations, World Population Prospects 2024"
Mexico,484,America,Latin America,2023,male,92,0.18650024,0.1705924715562803,0.8294075284437197,10742.120774010347,1832.5249325944878,"United Nations, World Population Prospects 2024"
Mexico,484,America,Latin America,2023,male,93,0.20099953,0.1826438645354913,0.8173561354645087,8909.595841415858,1627.2830159255345,"United Nations, World Population Prospects 2024"
Mexico,484,America,Latin America,2023,male,94,0.21601861,0.19496100711897904,0.805038992881021,7282.312825490324,1419.7670426130514,"United Nations, World Population Prospects 2024"
Mexico,484,America,Latin America,2023,male,95,0.23543503,0.21063911662867696,0.789360883371323,5862.545782877273,1234.8814649004441,"United Nations, World Population Prospects 2024"
Mexico,484,America,Latin America,2023,male,96,0.25507953,0.2262266377807083,0.7737733622192917,4627.664317976829,1046.9009394336526,"United Nations, World Population Prospects 2024"
Mexico,484,America,Latin America,2023,male,97,0.27636287,0.24281091001980717,0.7571890899801929,3580.763378543176,869.4484145096678,"United Nations, World Population Prospects 2024"
Mexico,484,America,Latin America,2023,male,98,0.2994219,0.2604323286648701,0.7395676713351299,2711.3149640335087,706.1140698271552,"United Nations, World Population Prospects 2024"
Mexico,484,America,Latin America,2023,male,99,0.32440497,0.2791294754459246,0.7208705245540754,2005.2008942063535,559.7106737635183,"United Nations, World Population Prospects 2024"
Mexico,484,America,Latin America,2023,male,100,0.40609074,1,0,1445.490220442835,1445.490220442835,"United Nations, World Population Prospects 2024"
Republic of Korea,410,Asia,Eastern Asia,2023,both,0,0.00207743,0.002075274381370954,0.997924725618629,100000,207.5274381370954,"United Nations, World Population Prospects 2024"
Republic of Korea,410,Asia,Eastern Asia,2023,both,1,2.2856e-4,2.2853388314783386e-4,0.9997714661168522,99792.4725618629,22.805961263486193,"United Nations, World Population Prospects 2024"
Republic of Korea,410,Asia,Eastern Asia,2023,both,2,1.6339e-4,1.633766529443377e-4,0.9998366233470557,99769.66660059942,16.300034194578412,"United Nations, World Population Prospects 2024"
Republic of Korea,410,Asia,Eastern Asia,2023,both,3,1.1846e-4,1.1845298402975592e-4,0.9998815470159702,99753.36656640485,11.816083936804741,"United Nations, World Population Prospects 2024"
Republic of Korea,410,Asia,Eastern Asia,2023,both,4,1.713e-4,0.00017128532941153591,0.9998287146705884,99741.55048246804,17.084264330406878,"United Nations, World Population Prospects 2024"
Republic of Korea,410,Asia,Eastern Asia,2023,both,5,2.0118e-4,2.0115976533920454e-4,0.9997988402346608,99724.46621813762,20.060550223017994,"United Nations, World Population Prospects 2024"
Republic of Korea,410,Asia,Eastern Asia,2023,both,6,1.8699e-4,1.869725190043357e-4,0.9998130274809957,99704.4056679146,18.641983883560158,"United Nations, World Population Prospects 2024"
Republic of Korea,410,Asia,Eastern Asia,2023,both,7,1.4843e-4,1.4841898508502192e-4,0.999851581014915,99685.76368403104,14.795259873409224,"United Nations, World Population Prospects 2024"
Republic of Korea,410,Asia,Eastern Asia,2023,both,8,1.0268e-4,1.0267472867942961e-4,0.9998973252713206,99670.96842415763,10.23368964016638,"United Nations, World Population Prospects 2024"
Republic of Korea,410,Asia,Eastern Asia,2023,both,9,6.566e-5,6.56578444529666e-5,0.999934342155547,99660.73473451748,6.543509019267314,"United Nations, World Population Prospects 2024"
Republic of Korea,410,Asia,Eastern Asia,2023,both,10,5.413e-5,5.4128535011199914e-5,0.9999458714649888,99654.1912254982,5.394135378762191,"United Nations, World Population Prospects 2024"
Republic of Korea,410,Asia,Eastern Asia,2023,both,11,4.735e-5,4.734887901528931e-5,0.9999526511209847,99648.79709011945,4.718258837439179,"United Nations, World Population Prospects 2024"
Republic of Korea,410,Asia,Eastern Asia,2023,both,12,4.577e-5,4.576895257752027e-5,0.9999542310474224,99644.07883128201,4.5606051186596375,"United Nations, World Population Prospects 2024"
Republic of Korea,410,Asia,Eastern Asia,2023,both,13,4.743e-5,4.7428875224224055e-5,0.9999525711247758,99639.51822616333,4.725790277350499,"United Nations, World Population Prospects 2024"
Republic of Korea,410,Asia,Eastern Asia,2023,both,14,5.266e-5,5.265861349870658e-5,0.9999473413865013,99634.79243588599,5.246630025905174,"United Nations, World Population Prospects 2024"
Republic of Korea,410,Asia,Eastern Asia,2023,both,15,5.936e-5,5.935823824748882e-5,0.9999406417617525,99629.54580586009,5.913834316433344,"United Nations, World Population Prospects 2024"
Republic of Korea,410,Asia,Eastern Asia,2023,both,16,6.902e-5,6.901761820199584e-5,0.999930982381798,99623.63197154364,6.875785795308145,"United Nations, World Population Prospects 2024"
Republic of Korea,410,Asia,Eastern Asia,2023,both,17,8.056e-5,8.055675517390161e-5,0.9999194432448261,99616.75618574834,8.024802639273577,"United Nations, World Population Prospects 2024"
Republic of Korea,410,Asia,Eastern Asia,2023,both,18,9.099e-5,9.098586059827209e-5,0.9999090141394017,99608.73138310906,9.062986147994291,"United Nations, World Population Prospects 2024"
Republic of Korea,410,Asia,Eastern Asia,2023,both,19,9.902e-5,9.901509776250978e-5,0.9999009849022374,99599.66839696106,9.861870903438655,"United Nations, World Population Prospects 2024"
Republic of Korea,410,Asia,Eastern Asia,2023,both,20,1.0422e-4,1.0421456937878968e-4,0.9998957854306212,99589.80652605763,10.378708801630074,"United Nations, World Population Prospects 2024"
Republic of Korea,410,Asia,Eastern Asia,2023,both,21,1.0773e-4,1.0772419743610512e-4,0.9998922758025639,99579.42781725599,10.727113942760463,"United Nations, World Population Prospects 2024"
Republic of Korea,410,Asia,Eastern Asia,2023,both,22,1.0908e-4,1.0907405110125294e-4,0.9998909259488987,99568.70070331322,10.860361548598547,"United Nations, World Population Prospects 2024"
Republic of Korea,410,Asia,Eastern Asia,2023,both,23,1.0858e-4,1.0857410551181175e-4,0.9998914258944882,99557.84034176462,10.80940346179486,"United Nations, World Population Prospects 2024"
Republic of Korea,410,Asia,Eastern Asia,2023,both,24,1.0853e-4,1.085241109391199e-4,0.9998914758890609,99547.03093830284,10.803253029208378,"United Nations, World Population Prospects 2024"
Republic of Korea,410,Asia,Eastern Asia,2023,both,25,1.1039e-4,1.1038390736023324e-4,0.9998896160926398,99536.22768527362,10.987197735798327,"United Nations, World Population Prospects 2024"
Republic of Korea,410,Asia,Eastern Asia,2023,both,26,1.1409e-4,1.1408349210719275e-4,0.9998859165078928,99525.24048753784,11.354186987626484,"United Nations, World Population Prospects 2024"
Republic of Korea,410,Asia,Eastern Asia,2023,both,27,1.1904e-4,1.1903291516088962e-4,0.9998809670848391,99513.88630055022,11.845427985343811,"United Nations, World Population Prospects 2024"
Republic of Korea,410,Asia,Eastern Asia,2023,both,28,1.2574e-4,1.2573209522317332e-4,0.9998742679047768,99502.04087256487,12.51060007788941,"United Nations, World Population Prospects 2024"
Republic of Korea,410,Asia,Eastern Asia,2023,both,29,1.356e-4,1.3559080694328923e-4,0.9998644091930567,99489.53027248698,13.489865692055313,"United Nations, World Population Prospects 2024"
Republic of Korea,410,Asia,Eastern Asia,2023,both,30,1.4959e-4,1.4957881225273757e-4,0.9998504211877473,99476.04040679493,14.879507971653714,"United Nations, World Population Prospects 2024"
Republic of Korea,410,Asia,Eastern Asia,2023,both,31,1.6302e-4,1.6300671332279706e-4,0.9998369932866772,99461.16089882328,16.212836941387078,"United Nations, World Population Prospects 2024"
Republic of Korea,410,Asia,Eastern Asia,2023,both,32,1.7578e-4,1.7576455205352e-4,0.9998242354479465,99444.94806188189,17.47889675008223,"United Nations, World Population Prospects 2024"
Republic of Korea,410,Asia,Eastern Asia,2023,both,33,1.9086e-4,1.908417879681742e-4,0.9998091582120319,99427.46916513181,18.97491598862426,"United Nations, World Population Prospects 2024"
Republic of Korea,410,Asia,Eastern Asia,2023,both,34,2.0754e-4,2.0751846580880303e-4,0.9997924815341912,99408.49424914319,20.62909821494541,"United Nations, World Population Prospects 2024"
Republic of Korea,410,Asia,Eastern Asia,2023,both,35,2.2624e-4,2.2621441062587e-4,0.9997737855893741,99387.86515092825,22.482967338480677,"United Nations, World Population Prospects 2024"
Republic of Korea,410,Asia,Eastern Asia,2023,both,36,2.4672e-4,2.466895683748453e-4,0.9997533104316252,99365.38218358975,24.5124032422713,"United Nations, World Population Prospects 2024"
Republic of Korea,410,Asia,Eastern Asia,2023,both,37,2.792e-4,2.791610291203348e-4,0.9997208389708797,99340.8697803475,27.732099441590975,"United Nations, World Population Prospects 2024"
Republic of Korea,410,Asia,Eastern Asia,2023,both,38,3.1469e-4,3.1464049289164594e-4,0.9996853595071084,99313.1376809059,31.247934590536126,"United Nations, World Population Prospects 2024"
Republic of Korea,410,Asia,Eastern Asia,2023,both,39,3.5771e-4,3.576460332187287e-4,0.9996423539667812,99281.88974631537,35.50777403822887,"United Nations, World Population Prospects 2024"
Republic of Korea,410,Asia,Eastern Asia,2023,both,40,3.904e-4,3.9032380879252366e-4,0.9996096761912074,99246.38197227714,38.73822582029687,"United Nations, World Population Prospects 2024"
Republic of Korea,410,Asia,Eastern Asia,2023,both,41,4.5083e-4,4.507283990579263e-4,0.9995492716009421,99207.64374645684,44.715702440149585,"United Nations, World Population Prospects 2024"
Republic of Korea,410,Asia,Eastern Asia,2023,both,42,5.1789e-4,5.177559296907863e-4,0.9994822440703092,99162.92804401669,51.34219400029041,"United Nations, World Population Prospects 2024"
Republic of Korea,410,Asia,Eastern Asia,2023,both,43,5.475e-4,5.473501628929081e-4,0.9994526498371071,99111.58585001639,54.24874265958091,"United Nations, World Population Prospects 2024"
Republic of Korea,410,Asia,Eastern Asia,2023,both,44,6.4177e-4,6.415641316936014e-4,0.9993584358683064,99057.33710735681,63.55163446916173,"United Nations, World Population Prospects 2024"
Republic of Korea,410,Asia,Eastern Asia,2023,both,45,6.9759e-4,6.973467689337297e-4,0.9993026532310663,98993.78547288766,69.032996444037,"United Nations, World Population Prospects 2024"
Republic of Korea,410,Asia,Eastern Asia,2023,both,46,7.7293e-4,7.726314050040651e-4,0.999227368594996,98924.75247644362,76.43237049555401,"United Nations, World Population Prospects 2024"
Republic of Korea,410,Asia,Eastern Asia,2023,both,47,8.7816e-4,8.777745867344566e-4,0.9991222254132656,98848.32010594806,86.76654333039384,"United Nations, World Population Prospects 2024"
Republic of Korea,410,Asia,Eastern Asia,2023,both,48,0.00100024,9.997400100261854e-4,0.9990002599899738,98761.55356261767,98.73587654889305,"United Nations, World Population Prospects 2024"
Republic of Korea,410,Asia,Eastern Asia,2023,both,49,0.00116457,0.0011638922829820039,0.998836107717018,98662.81768606878,114.83289212207582,"United Nations, World Population Prospects 2024"
Republic of Korea,410,Asia,Eastern Asia,2023,both,50,0.00135546,0.0013545419862596522,0.9986454580137404,98547.98479394671,133.4873830646786,"United Nations, World Population Prospects 2024"
Republic of Korea,410,Asia,Eastern Asia,2023,both,51,0.00155904,0.0015578256437541807,0.9984421743562458,98414.49741088203,153.31262778385144,"United Nations, World Population Prospects 2024"
Republic of Korea,410,Asia,Eastern Asia,2023,both,52,0.00175432,0.0017527825292766197,0.9982472174707234,98261.18478309817,172.2304879938361,"United Nations, World Population Prospects 2024"
Republic of Korea,410,Asia,Eastern Asia,2023,both,53,0.00194357,0.0019416831014872212,0.9980583168985128,98088.95429510434,190.4576649973565,"United Nations, World Population Prospects 2024"
Republic of Korea,410,Asia,Eastern Asia,2023,both,54,0.00214312,0.002140825976516604,0.9978591740234833,97898.496630107,209.58364464765626,"United Nations, World Population Prospects 2024"
Republic of Korea,410,Asia,Eastern Asia,2023,both,55,0.00235516,0.002352389872733666,0.9976476101272663,97688.91298545933,229.80240958535487,"United Nations, World Population Prospects 2024"
Republic of Korea,410,Asia,Eastern Asia,2023,both,56,0.00265715,0.0026536244608818837,0.9973463755391181,97459.11057587397,258.61987975993145,"United Nations, World Population Prospects 2024"
Republic of Korea,410,Asia,Eastern Asia,2023,both,57,0.00257542,0.0025721078709734693,0.9974278921290265,97200.49069611404,250.0101471819584,"United Nations, World Population Prospects 2024"
Republic of Korea,410,Asia,Eastern Asia,2023,both,58,0.00283649,0.002832472859529337,0.9971675271404706,96950.48054893207,274.609604873177,"United Nations, World Population Prospects 2024"
Republic of Korea,410,Asia,Eastern Asia,2023,both,59,0.00311902,0.00311416343098774,0.9968858365690123,96675.8709440589,301.06446195287845,"United Nations, World Population Prospects 2024"
Republic of Korea,410,Asia,Eastern Asia,2023,both,60,0.00348116,0.0034751112907894775,0.9965248887092105,96374.80648210603,334.9131781536176,"United Nations, World Population Prospects 2024"
Republic of Korea,410,Asia,Eastern Asia,2023,both,61,0.00395037,0.003942582669849253,0.9960574173301507,96039.89330395241,378.64521895433415,"United Nations, World Population Prospects 2024"
Republic of Korea,410,Asia,Eastern Asia,2023,both,62,0.00445944,0.004449518818899124,0.9955504811811009,95661.24808499808,425.6465235935768,"United Nations, World Population Prospects 2024"
Republic of Korea,410,Asia,Eastern Asia,2023,both,63,0.00514214,0.005128953102546636,0.9948710468974533,95235.60156140449,488.45893410126075,"United Nations, World Population Prospects 2024"
Republic of Korea,410,Asia,Eastern Asia,2023,both,64,0.00604084,0.006022649070295099,0.9939773509297049,94747.14262730323,570.628790457445,"United Nations, World Population Prospects 2024"
Republic of Korea,410,Asia,Eastern Asia,2023,both,65,0.007068,0.0070431096504951505,0.9929568903495049,94176.51383684577,663.2955134542785,"United Nations, World Population Prospects 2024"
Republic of Korea,410,Asia,Eastern Asia,2023,both,66,0.00831045,0.008276061103999135,0.9917239388960009,93513.2183233915,773.9211088759996,"United Nations, World Population Prospects 2024"
Republic of Korea,410,Asia,Eastern Asia,2023,both,67,0.00948059,0.009435861234170966,0.990564138765829,92739.2972145155,875.0751394707063,"United Nations, World Population Prospects 2024"
Republic of Korea,410,Asia,Eastern Asia,2023,both,68,0.01073345,0.010676154017331338,0.9893238459826686,91864.2220750448,980.7565835555077,"United Nations, World Population Prospects 2024"
Republic of Korea,410,Asia,Eastern Asia,2023,both,69,0.01220342,0.012129409858571853,0.9878705901414282,90883.46549148929,1102.362802313645,"United Nations, World Population Prospects 2024"
Republic of Korea,410,Asia,Eastern Asia,2023,both,70,0.01388283,0.013787127824114773,0.9862128721758853,89781.10268917565,1237.8235389656393,"United Nations, World Population Prospects 2024"
Republic of Korea,410,Asia,Eastern Asia,2023,both,71,0.01592267,0.01579690554300875,0.9842030944569913,88543.27915021,1398.7098172041233,"United Nations, World Population Prospects 2024"
Republic of Korea,410,Asia,Eastern Asia,2023,both,72,0.01835243,0.01818555543344826,0.9818144445665518,87144.5693330059,1584.772396329354,"United Nations, World Population Prospects 2024"
Republic of Korea,410,Asia,Eastern Asia,2023,both,73,0.02115924,0.02093772680672108,0.9790622731932789,85559.79693667653,1791.4276538986642,"United Nations, World Population Prospects 2024"
Republic of Korea,410,Asia,Eastern Asia,2023,both,74,0.02677853,0.02642472238937719,0.9735752776106228,83768.36928277787,2213.5559033082372,"United Nations, World Population Prospects 2024"
Republic of Korea,410,Asia,Eastern Asia,2023,both,75,0.02615591,0.0258182599580898,0.9741817400419102,81554.81337946963,2105.6033726646474,"United Nations, World Population Prospects 2024"
Republic of Korea,410,Asia,Eastern Asia,2023,both,76,0.02696325,0.026604577068676503,0.9733954229313235,79449.21000680498,2113.712630671507,"United Nations, World Population Prospects 2024"
Republic of Korea,410,Asia,Eastern Asia,2023,both,77,0.02884423,0.028434149427036103,0.9715658505729639,77335.49737613348,2198.969088407138,"United Nations, World Population Prospects 2024"
Republic of Korea,410,Asia,Eastern Asia,2023,both,78,0.03140943,0.030923780835259783,0.9690762191647402,75136.52828772634,2323.505533491946,"United Nations, World Population Prospects 2024"
Republic of Korea,410,Asia,Eastern Asia,2023,both,79,0.03474499,0.03415168993732232,0.9658483100626777,72813.0227542344,2486.687776501808,"United Nations, World Population Prospects 2024"
Republic of Korea,410,Asia,Eastern Asia,2023,both,80,0.03877693,0.038039404340326724,0.9619605956596733,70326.33497773258,2675.171891991232,"United Nations, World Population Prospects 2024"
Republic of Korea,410,Asia,Eastern Asia,2023,both,81,0.04340021,0.04247842374450964,0.9575215762554904,67651.16308574135,2873.7147723650496,"United Nations, World Population Prospects 2024"
Republic of Korea,410,Asia,Eastern Asia,2023,both,82,0.04851149,0.047362673079270834,0.9526373269207291,64777.4483133763,3068.0331073758057,"United Nations, World Population Prospects 2024"
Republic of Korea,410,Asia,Eastern Asia,2023,both,83,0.0543444,0.05290680569431298,0.9470931943056871,61709.41520600049,3264.848039813551,"United Nations, World Population Prospects 2024"
Republic of Korea,410,Asia,Eastern Asia,2023,both,84,0.06110315,0.05929169532344851,0.9407083046765515,58444.56716618694,3465.2774697283785,"United Nations, World Population Prospects 2024"
Republic of Korea,410,Asia,Eastern Asia,2023,both,85,0.06858289,0.0663090566315184,0.9336909433684816,54979.28969645857,3645.624834043127,"United Nations, World Population Prospects 2024"
Republic of Korea,410,Asia,Eastern Asia,2023,both,86,0.07668546,0.07385370724365739,0.9261462927563426,51333.66486241544,3791.1814564928522,"United Nations, World Population Prospects 2024"
Republic of Korea,410,Asia,Eastern Asia,2023,both,87,0.08539264,0.0818959829070846,0.9181040170929154,47542.48340592258,3893.538408371789,"United Nations, World Population Prospects 2024"
Republic of Korea,410,Asia,Eastern Asia,2023,both,88,0.09512648,0.09080738648293922,0.9091926135170608,43648.944997550796,3963.6466179651516,"United Nations, World Population Prospects 2024"
Republic of Korea,410,Asia,Eastern Asia,2023,both,89,0.10615334,0.10080304979123694,0.8991969502087631,39685.29837958565,4000.399108537467,"United Nations, World Population Prospects 2024"
Republic of Korea,410,Asia,Eastern Asia,2023,both,90,0.11852255,0.11189170490538325,0.8881082950946168,35684.89927104819,3992.84421881445,"United Nations, World Population Prospects 2024"
Republic of Korea,410,Asia,Eastern Asia,2023,both,91,0.13235452,0.12413931994760423,0.8758606800523958,31692.055052233736,3934.2301619263308,"United Nations, World Population Prospects 2024"
Republic of Korea,410,Asia,Eastern Asia,2023,both,92,0.14757088,0.137430509394875,0.862569490605125,27757.82489030741,3814.7720143686875,"United Nations, World Population Prospects 2024"
Republic of Korea,410,Asia,Eastern Asia,2023,both,93,0.16457293,0.15206041590846284,0.8479395840915371,23943.05287593872,3640.790578433559,"United Nations, World Population Prospects 2024"
Republic of Korea,410,Asia,Eastern Asia,2023,both,94,0.18363955,0.16819584532621237,0.8318041546737877,20302.26229750516,3414.756169163371,"United Nations, World Population Prospects 2024"
Republic of Korea,410,Asia,Eastern Asia,2023,both,95,0.20317592,0.1844391254966149,0.8155608745033851,16887.50612834179,3114.7168621300843,"United Nations, World Population Prospects 2024"
Republic of Korea,410,Asia,Eastern Asia,2023,both,96,0.22551645,0.2026643748240998,0.7973356251759002,13772.789266211705,2791.2537262208675,"United Nations, World Population Prospects 2024"
Republic of Korea,410,Asia,Eastern Asia,2023,both,97,0.24986855,0.22211835442563965,0.7778816455743603,10981.535539990837,2439.2006032094428,"United Nations, World Population Prospects 2024"
Republic of Korea,410,Asia,Eastern Asia,2023,both,98,0.27734303,0.24356719769177682,0.7564328023082232,8542.334936781393,2080.6325822964054,"United Nations, World Population Prospects 2024"
Republic of Korea,410,Asia,Eastern Asia,2023,both,99,0.30840975,0.26720537807466804,0.732794621925332,6461.702354484988,1726.601620636134,"United Nations, World Population Prospects 2024"
Republic of Korea,410,Asia,Eastern Asia,2023,both,100,0.39975529,1,0,4735.100733848854,4735.100733848854,"United Nations, World Population Prospects 2024"
Republic of Korea,410,Asia,Eastern Asia,2023,female,0,0.00183478,0.001833098333919446,0.9981669016660806,100000,183.30983339194458,"United Nations, World Population Prospects 2024"
Republic of Korea,410,Asia,Eastern Asia,2023,female,1,2.2479e-4,2.2476473756732112e-4,0.9997752352624327,99816.69016660805,22.435272170136262,"United Nations, World Population Prospects 2024"
Republic of Korea,410,Asia,Eastern Asia,2023,female,2,1.4867e-4,1.486589494369936e-4,0.9998513410505631,99794.25489443792,14.835309092454699,"United Nations, World Population Prospects 2024"
Republic of Korea,410,Asia,Eastern Asia,2023,female,3,1.0095e-4,1.0094490480592992e-4,0.9998990550951941,99779.41958534547,10.072224011633638,"United Nations, World Population Prospects 2024"
Republic of Korea,410,Asia,Eastern Asia,2023,female,4,1.5219e-4,1.5217841998313135e-4,0.9998478215800168,99769.34736133384,15.18274164419598,"United Nations, World Population Prospects 2024"
Republic of Korea,410,Asia,Eastern Asia,2023,female,5,1.8417e-4,1.8415304226710285e-4,0.9998158469577328,99754.16461968965,18.370032893529242,"United Nations, World Population Prospects 2024"
Republic of Korea,410,Asia,Eastern Asia,2023,female,6,1.7452e-4,1.7450477271353305e-4,0.9998254952272865,99735.79458679611,17.404372165772475,"United Nations, World Population Prospects 2024"
Republic of Korea,410,Asia,Eastern Asia,2023,female,7,1.3982e-4,1.3981022586710963e-4,0.9998601897741329,99718.39021463033,13.941650659012042,"United Nations, World Population Prospects 2024"
Republic of Korea,410,Asia,Eastern Asia,2023,female,8,9.667e-5,9.666532768138651e-5,0.9999033346723186,99704.44856397132,9.637963191728234,"United Nations, World Population Prospects 2024"
Republic of Korea,410,Asia,Eastern Asia,2023,female,9,6.17e-5,6.169809661371947e-5,0.9999383019033863,99694.8106007796,6.150980056333364,"United Nations, World Population Prospects 2024"
Republic of Korea,410,Asia,Eastern Asia,2023,female,10,5.056e-5,5.0558721875510986e-5,0.9999494412781245,99688.65962072327,5.04013121590663,"United Nations, World Population Prospects 2024"
Republic of Korea,410,Asia,Eastern Asia,2023,female,11,4.426e-5,4.4259020547875275e-5,0.9999557409794522,99683.61948950736,4.411899363272687,"United Nations, World Population Prospects 2024"
Republic of Korea,410,Asia,Eastern Asia,2023,female,12,4.226e-5,4.225910706506772e-5,0.999957740892935,99679.2075901441,4.21235430571301,"United Nations, World Population Prospects 2024"
Republic of Korea,410,Asia,Eastern Asia,2023,female,13,4.319e-5,4.318906733209096e-5,0.9999568109326679,99674.99523583839,4.30487008056647,"United Nations, World Population Prospects 2024"
Republic of Korea,410,Asia,Eastern Asia,2023,female,14,4.691e-5,4.690889975175633e-5,0.9999530911002482,99670.69036575781,4.675442422555678,"United Nations, World Population Prospects 2024"
Republic of Korea,410,Asia,Eastern Asia,2023,female,15,5.135e-5,5.1348681622599337e-5,0.9999486513183774,99666.01492333526,5.117718468891576,"United Nations, World Population Prospects 2024"
Republic of Korea,410,Asia,Eastern Asia,2023,female,16,5.711e-5,5.7108369270515475e-5,0.9999428916307295,99660.89720486636,5.691471319406391,"United Nations, World Population Prospects 2024"
Republic of Korea,410,Asia,Eastern Asia,2023,female,17,6.5289999999999993e-05,6.5287868677527e-5,0.9999347121313225,99655.20573354696,6.50627598496375,"United Nations, World Population Prospects 2024"
Republic of Korea,410,Asia,Eastern Asia,2023,female,18,7.26e-5,7.259736471566081e-5,0.9999274026352843,99648.69945756199,7.2342329779618995,"United Nations, World Population Prospects 2024"
Republic of Korea,410,Asia,Eastern Asia,2023,female,19,7.954e-5,7.953683681999967e-5,0.99992046316318,99641.46522458403,7.925166960073411,"United Nations, World Population Prospects 2024"
Republic of Korea,410,Asia,Eastern Asia,2023,female,20,8.449e-5,8.448643087072787e-5,0.9999155135691292,99633.54005762395,8.41768219448434,"United Nations, World Population Prospects 2024"
Republic of Korea,410,Asia,Eastern Asia,2023,female,21,8.912e-5,8.911602898974822e-5,0.9999108839710102,99625.12237542946,8.878195293715986,"United Nations, World Population Prospects 2024"
Republic of Korea,410,Asia,Eastern Asia,2023,female,22,9.207e-5,9.206576175265772e-5,0.9999079342382473,99616.24418013573,9.171245403382953,"United Nations, World Population Prospects 2024"
Republic of Korea,410,Asia,Eastern Asia,2023,female,23,9.244e-5,9.243572762066938e-5,0.9999075642723794,99607.07293473235,9.207252262887069,"United Nations, World Population Prospects 2024"
Republic of Korea,410,Asia,Eastern Asia,2023,female,24,9.238e-5,9.237573316488512e-5,0.9999076242668351,99597.86568246948,9.20042586407587,"United Nations, World Population Prospects 2024"
Republic of Korea,410,Asia,Eastern Asia,2023,female,25,9.344e-5,9.34356346871474e-5,0.9999065643653129,99588.6652566054,9.30513014589679,"United Nations, World Population Prospects 2024"
Republic of Korea,410,Asia,Eastern Asia,2023,female,26,9.536e-5,9.53554534519794e-5,0.999904644546548,99579.3601264595,9.495435039316503,"United Nations, World Population Prospects 2024"
Republic of Korea,410,Asia,Eastern Asia,2023,female,27,9.734e-5,9.733526269276475e-5,0.9999026647373073,99569.86469142018,9.691658936022424,"United Nations, World Population Prospects 2024"
Republic of Korea,410,Asia,Eastern Asia,2023,female,28,1.0289e-4,1.0288470709624344e-4,0.9998971152929037,99560.17303248416,10.243219240898448,"United Nations, World Population Prospects 2024"
Republic of Korea,410,Asia,Eastern Asia,2023,female,29,1.1374e-4,1.1373353197403663e-4,0.9998862664680259,99549.92981324326,11.322165125427604,"United Nations, World Population Prospects 2024"
Republic of Korea,410,Asia,Eastern Asia,2023,female,30,1.2899e-4,1.2898168132646285e-4,0.9998710183186735,99538.60764811783,12.838656971349351,"United Nations, World Population Prospects 2024"
Republic of Korea,410,Asia,Eastern Asia,2023,female,31,1.4248e-4,1.424698504478541e-4,0.9998575301495521,99525.76899114648,14.179421423876313,"United Nations, World Population Prospects 2024"
Republic of Korea,410,Asia,Eastern Asia,2023,female,32,1.536e-4,1.5358820442590008e-4,0.9998464117955741,99511.58956972261,15.283806361580822,"United Nations, World Population Prospects 2024"
Republic of Korea,410,Asia,Eastern Asia,2023,female,33,1.6226e-4,1.6224683691412115e-4,0.9998377531630859,99496.30576336103,16.14296089474557,"United Nations, World Population Prospects 2024"
Republic of Korea,410,Asia,Eastern Asia,2023,female,34,1.6958e-4,1.695656225308656e-4,0.9998304343774691,99480.16280246628,16.868415735072055,"United Nations, World Population Prospects 2024"
Republic of Korea,410,Asia,Eastern Asia,2023,female,35,1.7687e-4,1.7685435988468358e-4,0.9998231456401153,99463.2943867312,17.590517260787188,"United Nations, World Population Prospects 2024"
Republic of Korea,410,Asia,Eastern Asia,2023,female,36,1.8322e-4,1.8320321675331324e-4,0.9998167967832466,99445.70386947041,18.21877284118439,"United Nations, World Population Prospects 2024"
Republic of Korea,410,Asia,Eastern Asia,2023,female,37,1.9987e-4,1.9985002798745307e-4,0.9998001499720125,99427.48509662923,19.870585679283426,"United Nations, World Population Prospects 2024"
Republic of Korea,410,Asia,Eastern Asia,2023,female,38,2.182e-4,2.1817619697690982e-4,0.999781823803023,99407.61451094993,21.68837528454573,"United Nations, World Population Prospects 2024"
Republic of Korea,410,Asia,Eastern Asia,2023,female,39,2.3966e-4,2.3963128498312046e-4,0.9997603687150168,99385.92613566539,23.815977189126993,"United Nations, World Population Prospects 2024"
Republic of Korea,410,Asia,Eastern Asia,2023,female,40,2.5453e-4,2.544976113614901e-4,0.9997455023886385,99362.11015847625,25.287419695169454,"United Nations, World Population Prospects 2024"
Republic of Korea,410,Asia,Eastern Asia,2023,female,41,2.8968e-4,2.896380488250082e-4,0.999710361951175,99336.82273878108,28.77172351453626,"United Nations, World Population Prospects 2024"
Republic of Korea,410,Asia,Eastern Asia,2023,female,42,3.3119e-4,3.311351656722405e-4,0.9996688648343277,99308.05101526655,32.8843879255276,"United Nations, World Population Prospects 2024"
Republic of Korea,410,Asia,Eastern Asia,2023,female,43,3.3916e-4,3.3910249499889813e-4,0.9996608975050011,99275.16662734102,33.66445669476269,"United Nations, World Population Prospects 2024"
Republic of Korea,410,Asia,Eastern Asia,2023,female,44,4.015e-4,4.014194150524282e-4,0.9995985805849475,99241.50217064626,39.8374657502651,"United Nations, World Population Prospects 2024"
Republic of Korea,410,Asia,Eastern Asia,2023,female,45,4.2987e-4,4.297776257460103e-4,0.999570222374254,99201.66470489599,42.63465592692199,"United Nations, World Population Prospects 2024"
Republic of Korea,410,Asia,Eastern Asia,2023,female,46,4.6422e-4,4.6411227489987297e-4,0.9995358877251002,99159.03004896907,46.0209230128919,"United Nations, World Population Prospects 2024"
Republic of Korea,410,Asia,Eastern Asia,2023,female,47,5.1371e-4,5.135780849010028e-4,0.999486421915099,99113.00912595617,50.90226941568418,"United Nations, World Population Prospects 2024"
Republic of Korea,410,Asia,Eastern Asia,2023,female,48,5.9349e-4,5.933139370557484e-4,0.9994066860629442,99062.10685654049,58.77492863209128,"United Nations, World Population Prospects 2024"
Republic of Korea,410,Asia,Eastern Asia,2023,female,49,7.256e-4,7.253368477916211e-4,0.9992746631522084,99003.3319279084,71.81076470145663,"United Nations, World Population Prospects 2024"
Republic of Korea,410,Asia,Eastern Asia,2023,female,50,8.7952e-4,8.791333922994024e-4,0.9991208666077006,98931.52116320694,86.97400380555024,"United Nations, World Population Prospects 2024"
Republic of Korea,410,Asia,Eastern Asia,2023,female,51,0.00102929,0.001028760553524931,0.998971239446475,98844.54715940138,101.68737104862691,"United Nations, World Population Prospects 2024"
Republic of Korea,410,Asia,Eastern Asia,2023,female,52,0.00114342,0.0011427666688677417,0.9988572333311323,98742.85978835275,112.84004895481036,"United Nations, World Population Prospects 2024"
Republic of Korea,410,Asia,Eastern Asia,2023,female,53,0.00123384,0.0012330792887251998,0.9987669207112748,98630.01973939796,121.61863458720926,"United Nations, World Population Prospects 2024"
Republic of Korea,410,Asia,Eastern Asia,2023,female,54,0.0013387,0.0013378045405307959,0.9986621954594692,98508.40110481073,131.78498627844468,"United Nations, World Population Prospects 2024"
Republic of Korea,410,Asia,Eastern Asia,2023,female,55,0.00145536,0.0014543017337144107,0.9985456982662856,98376.6161185323,143.06928337813855,"United Nations, World Population Prospects 2024"
Republic of Korea,410,Asia,Eastern Asia,2023,female,56,0.00161391,0.001612608697348631,0.9983873913026514,98233.54683515416,158.4122719977737,"United Nations, World Population Prospects 2024"
Republic of Korea,410,Asia,Eastern Asia,2023,female,57,0.00149541,0.0014942927098693672,0.9985057072901307,98075.1345631564,146.55295859718183,"United Nations, World Population Prospects 2024"
Republic of Korea,410,Asia,Eastern Asia,2023,female,58,0.00161621,0.0016149049872053146,0.9983850950127947,97928.58160455922,158.1453548231453,"United Nations, World Population Prospects 2024"
Republic of Korea,410,Asia,Eastern Asia,2023,female,59,0.0017128,0.0017113344132085283,0.9982886655867915,97770.43624973607,167.3179121485839,"United Nations, World Population Prospects 2024"
Republic of Korea,410,Asia,Eastern Asia,2023,female,60,0.00184944,0.0018477313658513698,0.9981522686341486,97603.1183375875,180.34434315726344,"United Nations, World Population Prospects 2024"
Republic of Korea,410,Asia,Eastern Asia,2023,female,61,0.00206759,0.0020654547432137392,0.9979345452567863,97422.77399443022,201.22233064383602,"United Nations, World Population Prospects 2024"
Republic of Korea,410,Asia,Eastern Asia,2023,female,62,0.00234655,0.0023438000779635276,0.9976561999220365,97221.55166378639,227.86788036931767,"United Nations, World Population Prospects 2024"
Republic of Korea,410,Asia,Eastern Asia,2023,female,63,0.0026992,0.002695562069431096,0.9973044379305689,96993.68378341707,261.4524949809731,"United Nations, World Population Prospects 2024"
Republic of Korea,410,Asia,Eastern Asia,2023,female,64,0.00314985,0.003144897023055964,0.996855102976944,96732.2312884361,304.21290621256367,"United Nations, World Population Prospects 2024"
Republic of Korea,410,Asia,Eastern Asia,2023,female,65,0.00369241,0.003685605616482821,0.9963143943835172,96428.01838222354,355.3956461358318,"United Nations, World Population Prospects 2024"
Republic of Korea,410,Asia,Eastern Asia,2023,female,66,0.00439364,0.0043840091210826234,0.9956159908789174,96072.62273608771,421.18325436133836,"United Nations, World Population Prospects 2024"
Republic of Korea,410,Asia,Eastern Asia,2023,female,67,0.00516197,0.005148681330715643,0.9948513186692843,95651.43948172637,492.4787807156417,"United Nations, World Population Prospects 2024"
Republic of Korea,410,Asia,Eastern Asia,2023,female,68,0.00607115,0.0060527763434512286,0.9939472236565488,95158.96070101071,575.9759061984828,"United Nations, World Population Prospects 2024"
Republic of Korea,410,Asia,Eastern Asia,2023,female,69,0.00718638,0.007160650422508348,0.9928393495774916,94582.98479481225,677.2756900330729,"United Nations, World Population Prospects 2024"
Republic of Korea,410,Asia,Eastern Asia,2023,female,70,0.00852006,0.008483918253721598,0.9915160817462784,93905.70910477916,796.6883596027063,"United Nations, World Population Prospects 2024"
Republic of Korea,410,Asia,Eastern Asia,2023,female,71,0.01013843,0.010087295331197663,0.9899127046688023,93109.02074517646,939.2181902552048,"United Nations, World Population Prospects 2024"
Republic of Korea,410,Asia,Eastern Asia,2023,female,72,0.01208784,0.012015220965700981,0.987984779034299,92169.80255492125,1107.4405440624096,"United Nations, World Population Prospects 2024"
Republic of Korea,410,Asia,Eastern Asia,2023,female,73,0.01443689,0.01433342496026272,0.9856665750397373,91062.36201085884,1305.2355325869237,"United Nations, World Population Prospects 2024"
Republic of Korea,410,Asia,Eastern Asia,2023,female,74,0.01980957,0.019615284821132912,0.980384715178867,89757.12647827192,1760.6116005977542,"United Nations, World Population Prospects 2024"
Republic of Korea,410,Asia,Eastern Asia,2023,female,75,0.01966648,0.01947497786862314,0.9805250221313768,87996.51487767417,1713.7301797586713,"United Nations, World Population Prospects 2024"
Republic of Korea,410,Asia,Eastern Asia,2023,female,76,0.02041292,0.020206681315421405,0.9797933186845786,86282.7846979155,1743.488733397897,"United Nations, World Population Prospects 2024"
Republic of Korea,410,Asia,Eastern Asia,2023,female,77,0.02190492,0.02166760640752583,0.9783323935924741,84539.2959645176,1831.7641909285041,"United Nations, World Population Prospects 2024"
Republic of Korea,410,Asia,Eastern Asia,2023,female,78,0.02370531,0.02342763037964258,0.9765723696203574,82707.5317735891,1937.6414840041898,"United Nations, World Population Prospects 2024"
Republic of Korea,410,Asia,Eastern Asia,2023,female,79,0.02580148,0.02547286124008558,0.9745271387599144,80769.8902895849,2057.440207723532,"United Nations, World Population Prospects 2024"
Republic of Korea,410,Asia,Eastern Asia,2023,female,80,0.02825621,0.02786256475950837,0.9721374352404917,78712.45008186136,2193.130737785432,"United Nations, World Population Prospects 2024"
Republic of Korea,410,Asia,Eastern Asia,2023,female,81,0.03120441,0.03072503175591274,0.9692749682440872,76519.31934407594,2351.058516787561,"United Nations, World Population Prospects 2024"
Republic of Korea,410,Asia,Eastern Asia,2023,female,82,0.03485184,0.03425491656434308,0.9657450834356569,74168.26082728837,2540.6275863611986,"United Nations, World Population Prospects 2024"
Republic of Korea,410,Asia,Eastern Asia,2023,female,83,0.03939569,0.03863467025371618,0.9613653297462839,71627.63324092717,2767.3099913173414,"United Nations, World Population Prospects 2024"
Republic of Korea,410,Asia,Eastern Asia,2023,female,84,0.04498239,0.043992936291250895,0.9560070637087491,68860.32324960984,3029.367813715028,"United Nations, World Population Prospects 2024"
Republic of Korea,410,Asia,Eastern Asia,2023,female,85,0.05156768,0.05027148799692536,0.9497285120030746,65830.95543589481,3309.420086021714,"United Nations, World Population Prospects 2024"
Republic of Korea,410,Asia,Eastern Asia,2023,female,86,0.05907472,0.057379870119526305,0.9426201298804737,62521.53534987309,3587.4775780490904,"United Nations, World Population Prospects 2024"
Republic of Korea,410,Asia,Eastern Asia,2023,female,87,0.06745694,0.06525595643118932,0.9347440435688107,58934.057771824,3845.7983062713415,"United Nations, World Population Prospects 2024"
Republic of Korea,410,Asia,Eastern Asia,2023,female,88,0.07681388,0.0739728106978946,0.9260271893021054,55088.259465552655,4075.033389121827,"United Nations, World Population Prospects 2024"
Republic of Korea,410,Asia,Eastern Asia,2023,female,89,0.08735761,0.08370162312532542,0.9162983768746746,51013.22607643083,4269.889823456437,"United Nations, World Population Prospects 2024"
Republic of Korea,410,Asia,Eastern Asia,2023,female,90,0.09934835,0.09464684600819107,0.9053531539918089,46743.3362529744,4424.109348244363,"United Nations, World Population Prospects 2024"
Republic of Korea,410,Asia,Eastern Asia,2023,female,91,0.11292857,0.10689293675460121,0.8931070632453988,42319.226904730036,4523.626445030925,"United Nations, World Population Prospects 2024"
Republic of Korea,410,Asia,Eastern Asia,2023,female,92,0.12812508,0.12041123071581863,0.8795887692841814,37795.60045969911,4551.0147669957305,"United Nations, World Population Prospects 2024"
Republic of Korea,410,Asia,Eastern Asia,2023,female,93,0.14525927,0.13542350990516872,0.8645764900948313,33244.58569270338,4502.098479849046,"United Nations, World Population Prospects 2024"
Republic of Korea,410,Asia,Eastern Asia,2023,female,94,0.16453226,0.1520256944565012,0.8479743055434988,28742.487212854336,4369.596578941286,"United Nations, World Population Prospects 2024"
Republic of Korea,410,Asia,Eastern Asia,2023,female,95,0.18538727,0.16966079426279443,0.8303392057372055,24372.890633913048,4135.123983429911,"United Nations, World Population Prospects 2024"
Republic of Korea,410,Asia,Eastern Asia,2023,female,96,0.20893238,0.18917046251999803,0.810829537480002,20237.76665048314,3828.387677643687,"United Nations, World Population Prospects 2024"
Republic of Korea,410,Asia,Eastern Asia,2023,female,97,0.23483476,0.2101584995930527,0.7898415004069473,16409.37897283945,3448.5704641857274,"United Nations, World Population Prospects 2024"
Republic of Korea,410,Asia,Eastern Asia,2023,female,98,0.26386275,0.23310843380412527,0.7668915661958747,12960.808508653723,3021.27377228745,"United Nations, World Population Prospects 2024"
Republic of Korea,410,Asia,Eastern Asia,2023,female,99,0.29652411,0.25823731500036373,0.7417626849996363,9939.534736366275,2566.758762672075,"United Nations, World Population Prospects 2024"
Republic of Korea,410,Asia,Eastern Asia,2023,female,100,0.39269456,1,0,7372.7759736942,7372.7759736942,"United Nations, World Population Prospects 2024"
Republic of Korea,410,Asia,Eastern Asia,2023,male,0,0.00230681,0.002304152379125155,0.9976958476208748,100000,230.41523791251552,"United Nations, World Population Prospects 2024"
Republic of Korea,410,Asia,Eastern Asia,2023,male,1,2.3212e-4,2.320930632790758e-4,0.9997679069367209,99769.58476208748,23.155828549514286,"United Nations, World Population Prospects 2024"
Republic of Korea,410,Asia,Eastern Asia,2023,male,2,1.7732e-4,1.7730428020251723e-4,0.9998226957197974,99746.42893353797,17.685468784832487,"United Nations, World Population Prospects 2024"
Republic of Korea,410,Asia,Eastern Asia,2023,male,3,1.3505e-4,1.3504088136448588e-4,0.9998649591186355,99728.74346475313,13.467457414852975,"United Nations, World Population Prospects 2024"
Republic of Korea,410,Asia,Eastern Asia,2023,male,4,1.8942e-4,1.894020617307335e-4,0.9998105979382693,99715.27600733827,18.886278861839013,"United Nations, World Population Prospects 2024"
Republic of Korea,410,Asia,Eastern Asia,2023,male,5,2.1731e-4,2.1728639074721336e-4,0.9997827136092527,99696.38972847644,21.6626686946282,"United Nations, World Population Prospects 2024"
Republic of Korea,410,Asia,Eastern Asia,2023,male,6,1.9886e-4,1.9884022931599915e-4,0.999801159770684,99674.72705978181,19.81934558557664,"United Nations, World Population Prospects 2024"
Republic of Korea,410,Asia,Eastern Asia,2023,male,7,1.5664e-4,1.56627732915958e-4,0.9998433722670841,99654.90771419623,15.60872226922357,"United Nations, World Population Prospects 2024"
Republic of Korea,410,Asia,Eastern Asia,2023,male,8,1.0841e-4,1.0840412395446104e-4,0.9998915958760456,99639.298991927,10.80131091865646,"United Nations, World Population Prospects 2024"
Republic of Korea,410,Asia,Eastern Asia,2023,male,9,6.944e-5,6.943758912690552e-5,0.9999305624108731,99628.49768100836,6.917962687304718,"United Nations, World Population Prospects 2024"
Republic of Korea,410,Asia,Eastern Asia,2023,male,10,5.753e-5,5.752834519715041e-5,0.9999424716548029,99621.57971832105,5.731064627121011,"United Nations, World Population Prospects 2024"
Republic of Korea,410,Asia,Eastern Asia,2023,male,11,5.028e-5,5.027873599257715e-5,0.9999497212640074,99615.84865369393,5.008558955135599,"United Nations, World Population Prospects 2024"
Republic of Korea,410,Asia,Eastern Asia,2023,male,12,4.908e-5,4.9078795606355814e-5,0.9999509212043937,99610.8400947388,4.888780061187078,"United Nations, World Population Prospects 2024"
Republic of Korea,410,Asia,Eastern Asia,2023,male,13,5.142e-5,5.1418678025787955e-5,0.9999485813219742,99605.95131467762,5.121606340101719,"United Nations, World Population Prospects 2024"
Republic of Korea,410,Asia,Eastern Asia,2023,male,14,5.808e-5,5.8078313405778694e-5,0.9999419216865942,99600.82970833751,5.784648203276419,"United Nations, World Population Prospects 2024"
Republic of Korea,410,Asia,Eastern Asia,2023,male,15,6.691e-5,6.690776160083563e-5,0.9999330922383992,99595.04506013423,6.663681531507944,"United Nations, World Population Prospects 2024"
Republic of Korea,410,Asia,Eastern Asia,2023,male,16,8.019e-5,8.018678491085901e-5,0.9999198132150892,99588.38137860272,7.985672117226613,"United Nations, World Population Prospects 2024"
Republic of Korea,410,Asia,Eastern Asia,2023,male,17,9.48e-5,9.479550669298275e-5,0.999905204493307,99580.3957064855,9.439774067684018,"United Nations, World Population Prospects 2024"
Republic of Korea,410,Asia,Eastern Asia,2023,male,18,1.0813e-4,1.0812415426759952e-4,0.9998918758457324,99570.95593241781,10.766025399809097,"United Nations, World Population Prospects 2024"
Republic of Korea,410,Asia,Eastern Asia,2023,male,19,1.1714e-4,1.1713313951201879e-4,0.999882866860488,99560.189907018,11.661797614221824,"United Nations, World Population Prospects 2024"
Republic of Korea,410,Asia,Eastern Asia,2023,male,20,1.2242e-4,1.2241250713043857e-4,0.9998775874928696,99548.52810940378,12.185984907017055,"United Nations, World Population Prospects 2024"
Republic of Korea,410,Asia,Eastern Asia,2023,male,21,1.2473e-4,1.2472222169864378e-4,0.9998752777783013,99536.34212449676,12.41439372952354,"United Nations, World Population Prospects 2024"
Republic of Korea,410,Asia,Eastern Asia,2023,male,22,1.2463e-4,1.2462223416547798e-4,0.9998753777658346,99523.92773076723,12.402894226731782,"United Nations, World Population Prospects 2024"
Republic of Korea,410,Asia,Eastern Asia,2023,male,23,1.2342e-4,1.2341238422176968e-4,0.9998765876157782,99511.52483654051,12.280954537621314,"United Nations, World Population Prospects 2024"
Republic of Korea,410,Asia,Eastern Asia,2023,male,24,1.2342e-4,1.2341238422176968e-4,0.9998765876157782,99499.24388200289,12.279438915741308,"United Nations, World Population Prospects 2024"
Republic of Korea,410,Asia,Eastern Asia,2023,male,25,1.2597e-4,1.2596206627925538e-4,0.9998740379337208,99486.96444308714,12.531583609102066,"United Nations, World Population Prospects 2024"
Republic of Korea,410,Asia,Eastern Asia,2023,male,26,1.3095e-4,1.3094142661009272e-4,0.9998690585733899,99474.43285947805,13.02532414984994,"United Nations, World Population Prospects 2024"
Republic of Korea,410,Asia,Eastern Asia,2023,male,27,1.381e-4,1.3809046485340187e-4,0.9998619095351466,99461.40753532821,13.73467200152712,"United Nations, World Population Prospects 2024"
Republic of Korea,410,Asia,Eastern Asia,2023,male,28,1.455e-4,1.4548941564501185e-4,0.999854510584355,99447.67286332668,14.4685838121417,"United Nations, World Population Prospects 2024"
Republic of Korea,410,Asia,Eastern Asia,2023,male,29,1.5439e-4,1.543780827838995e-4,0.9998456219172162,99433.20427951454,15.350307441731285,"United Nations, World Population Prospects 2024"
Republic of Korea,410,Asia,Eastern Asia,2023,male,30,1.6748e-4,1.6746597639913632e-4,0.9998325340236008,99417.85397207281,16.649107986939928,"United Nations, World Population Prospects 2024"
Republic of Korea,410,Asia,Eastern Asia,2023,male,31,1.8109e-4,1.810736046904633e-4,0.9998189263953096,99401.20486408587,17.99893447531524,"United Nations, World Population Prospects 2024"
Republic of Korea,410,Asia,Eastern Asia,2023,male,32,1.9533e-4,1.9531092495851391e-4,0.9998046890750415,99383.20592961056,19.410625875454702,"United Nations, World Population Prospects 2024"
Republic of Korea,410,Asia,Eastern Asia,2023,male,33,2.1603e-4,2.1600666803975172e-4,0.9997839933319602,99363.7953037351,21.463242347343748,"United Nations, World Population Prospects 2024"
Republic of Korea,410,Asia,Eastern Asia,2023,male,34,2.4131e-4,2.412808882544277e-4,0.9997587191117455,99342.33206138776,23.96940612103795,"United Nations, World Population Prospects 2024"
Republic of Korea,410,Asia,Eastern Asia,2023,male,35,2.7101e-4,2.709732817654544e-4,0.9997290267182345,99318.36265526671,26.91262266826917,"United Nations, World Population Prospects 2024"
Republic of Korea,410,Asia,Eastern Asia,2023,male,36,3.0466e-4,3.046135982105846e-4,0.9996953864017895,99291.45003259844,30.24552586597628,"United Nations, World Population Prospects 2024"
Republic of Korea,410,Asia,Eastern Asia,2023,male,37,3.5161e-4,3.5154819606939e-4,0.9996484518039306,99261.20450673247,34.8950973840166,"United Nations, World Population Prospects 2024"
Republic of Korea,410,Asia,Eastern Asia,2023,male,38,4.0358e-4,4.03498578021941e-4,0.9995965014219781,99226.30940934844,40.03767474903724,"United Nations, World Population Prospects 2024"
Republic of Korea,410,Asia,Eastern Asia,2023,male,39,4.6779e-4,4.676806118432929e-4,0.9995323193881567,99186.27173459942,46.38749625129256,"United Nations, World Population Prospects 2024"
Republic of Korea,410,Asia,Eastern Asia,2023,male,40,5.1836e-4,5.182256862666335e-4,0.9994817743137334,99139.88423834812,51.37683454581256,"United Nations, World Population Prospects 2024"
Republic of Korea,410,Asia,Eastern Asia,2023,male,41,6.0259e-4,6.024084973317963e-4,0.9993975915026682,99088.50740380232,59.69175884797513,"United Nations, World Population Prospects 2024"
Republic of Korea,410,Asia,Eastern Asia,2023,male,42,6.9457e-4,6.943288699983827e-4,0.9993056711300016,99028.81564495433,68.75856566403931,"United Nations, World Population Prospects 2024"
Republic of Korea,410,Asia,Eastern Asia,2023,male,43,7.469e-4,7.466211743224492e-4,0.9992533788256776,98960.05707929029,73.88567402755632,"United Nations, World Population Prospects 2024"
Republic of Korea,410,Asia,Eastern Asia,2023,male,44,8.7177e-4,8.713901740939651e-4,0.999128609825906,98886.17140526274,86.16843811631757,"United Nations, World Population Prospects 2024"
Republic of Korea,410,Asia,Eastern Asia,2023,male,45,9.5455e-4,9.54094634483327e-4,0.9990459053655166,98800.00296714641,94.26455271789119,"United Nations, World Population Prospects 2024"
Republic of Korea,410,Asia,Eastern Asia,2023,male,46,0.00106944,0.0010688684546599242,0.9989311315453401,98705.73841442852,105.50345008509693,"United Nations, World Population Prospects 2024"
Republic of Korea,410,Asia,Eastern Asia,2023,male,47,0.00122973,0.0012289743466883235,0.9987710256533117,98600.23496434343,121.17715934861916,"United Nations, World Population Prospects 2024"
Republic of Korea,410,Asia,Eastern Asia,2023,male,48,0.00139484,0.0013938678886570928,0.9986061321113429,98479.0578049948,137.2667963795879,"United Nations, World Population Prospects 2024"
Republic of Korea,410,Asia,Eastern Asia,2023,male,49,0.00159319,0.0015919218829876214,0.9984080781170124,98341.79100861521,156.55244911880988,"United Nations, World Population Prospects 2024"
Republic of Korea,410,Asia,Eastern Asia,2023,male,50,0.00181915,0.001817496850302386,0.9981825031496976,98185.2385594964,178.4513618280731,"United Nations, World Population Prospects 2024"
Republic of Korea,410,Asia,Eastern Asia,2023,male,51,0.0020714,0.0020692568706590585,0.9979307431293409,98006.78719766832,202.80121777999543,"United Nations, World Population Prospects 2024"
Republic of Korea,410,Asia,Eastern Asia,2023,male,52,0.00235043,0.002347670981847069,0.9976523290181529,97803.98597988833,229.6115797939614,"United Nations, World Population Prospects 2024"
Republic of Korea,410,Asia,Eastern Asia,2023,male,53,0.00264466,0.0026411675049731486,0.9973588324950269,97574.37440009437,257.7102669836131,"United Nations, World Population Prospects 2024"
Republic of Korea,410,Asia,Eastern Asia,2023,male,54,0.00294994,0.002945595335248368,0.9970544046647516,97316.66413311075,286.6555119124232,"United Nations, World Population Prospects 2024"
Republic of Korea,410,Asia,Eastern Asia,2023,male,55,0.00326985,0.0032645127664652864,0.9967354872335347,97030.00862119833,316.75570187413877,"United Nations, World Population Prospects 2024"
Republic of Korea,410,Asia,Eastern Asia,2023,male,56,0.00369679,0.0036899694788651138,0.9963100305211349,96713.2529193242,356.86895147406864,"United Nations, World Population Prospects 2024"
Republic of Korea,410,Asia,Eastern Asia,2023,male,57,0.00364048,0.003633865492675612,0.9963661345073244,96356.38396785011,350.1461386997721,"United Nations, World Population Prospects 2024"
Republic of Korea,410,Asia,Eastern Asia,2023,male,58,0.00405664,0.004048428491522076,0.9959515715084779,96006.23782915034,388.6743885913768,"United Nations, World Population Prospects 2024"
Republic of Korea,410,Asia,Eastern Asia,2023,male,59,0.00451304,0.004502879163110858,0.9954971208368891,95617.56344055897,430.5543340439235,"United Nations, World Population Prospects 2024"
Republic of Korea,410,Asia,Eastern Asia,2023,male,60,0.00509351,0.005080571030325663,0.9949194289696743,95187.00910651505,483.6043609299054,"United Nations, World Population Prospects 2024"
Republic of Korea,410,Asia,Eastern Asia,2023,male,61,0.00585393,0.005836845756759567,0.9941631542432404,94703.40474558513,552.7691661399524,"United Nations, World Population Prospects 2024"
Republic of Korea,410,Asia,Eastern Asia,2023,male,62,0.00665696,0.006634875948104254,0.9933651240518957,94150.63557944518,624.6777875047894,"United Nations, World Population Prospects 2024"
Republic of Korea,410,Asia,Eastern Asia,2023,male,63,0.00770223,0.00767268162072022,0.9923273183792798,93525.95779194038,717.594897410476,"United Nations, World Population Prospects 2024"
Republic of Korea,410,Asia,Eastern Asia,2023,male,64,0.00904575,0.00900502141377318,0.9909949785862269,92808.3628945299,835.741295242474,"United Nations, World Population Prospects 2024"
Republic of Korea,410,Asia,Eastern Asia,2023,male,65,0.01056611,0.010510582017121536,0.9894894179828785,91972.62159928743,966.6857826489943,"United Nations, World Population Prospects 2024"
Republic of Korea,410,Asia,Eastern Asia,2023,male,66,0.01241984,0.012343189778928038,0.987656810221072,91005.93581663845,1123.3035367937127,"United Nations, World Population Prospects 2024"
Republic of Korea,410,Asia,Eastern Asia,2023,male,67,0.01413235,0.014033189030502389,0.9859668109694976,89882.63227984474,1261.339969342197,"United Nations, World Population Prospects 2024"
Republic of Korea,410,Asia,Eastern Asia,2023,male,68,0.01582474,0.015700511741908677,0.9842994882580913,88621.29231050253,1391.399640504166,"United Nations, World Population Prospects 2024"
Republic of Korea,410,Asia,Eastern Asia,2023,male,69,0.01771139,0.017555920125920485,0.9824440798740796,87229.89266999837,1531.4010283071082,"United Nations, World Population Prospects 2024"
Republic of Korea,410,Asia,Eastern Asia,2023,male,70,0.01984398,0.019649022594309486,0.9803509774056905,85698.49164169126,1683.891598565834,"United Nations, World Population Prospects 2024"
Republic of Korea,410,Asia,Eastern Asia,2023,male,71,0.0224178,0.022169306460811413,0.9778306935391886,84014.60004312544,1862.5454155385476,"United Nations, World Population Prospects 2024"
Republic of Korea,410,Asia,Eastern Asia,2023,male,72,0.02548625,0.02516556209650892,0.9748344379034911,82152.05462758688,2067.402632086331,"United Nations, World Population Prospects 2024"
Republic of Korea,410,Asia,Eastern Asia,2023,male,73,0.02890659,0.02849474701543554,0.9715052529845645,80084.65199550055,2281.991898430983,"United Nations, World Population Prospects 2024"
Republic of Korea,410,Asia,Eastern Asia,2023,male,74,0.03489581,0.0342973923564175,0.9657026076435825,77802.66009706957,2668.428359722183,"United Nations, World Population Prospects 2024"
Republic of Korea,410,Asia,Eastern Asia,2023,male,75,0.03388952,0.0333248386077529,0.9666751613922471,75134.23173734739,2503.8361465646076,"United Nations, World Population Prospects 2024"
Republic of Korea,410,Asia,Eastern Asia,2023,male,76,0.03493979,0.0343398759724483,0.9656601240275517,72630.39559078278,2494.1187764173364,"United Nations, World Population Prospects 2024"
Republic of Korea,410,Asia,Eastern Asia,2023,male,77,0.03751912,0.036828238451082615,0.9631717615489174,70136.27681436545,2582.995526590588,"United Nations, World Population Prospects 2024"
Republic of Korea,410,Asia,Eastern Asia,2023,male,78,0.0415788,0.04073200603376172,0.9592679939662383,67553.28128777485,2751.5806610140476,"United Nations, World Population Prospects 2024"
Republic of Korea,410,Asia,Eastern Asia,2023,male,79,0.04714148,0.04605590816322084,0.9539440918367792,64801.700626760816,2984.5011728866266,"United Nations, World Population Prospects 2024"
Republic of Korea,410,Asia,Eastern Asia,2023,male,80,0.05391699,0.05250162519956564,0.9474983748004344,61817.19945387419,3245.5034366140967,"United Nations, World Population Prospects 2024"
Republic of Korea,410,Asia,Eastern Asia,2023,male,81,0.06174941,0.05990001471614341,0.9400999852838566,58571.6960172601,3508.4454533833587,"United Nations, World Population Prospects 2024"
Republic of Korea,410,Asia,Eastern Asia,2023,male,82,0.07038434,0.06799156914024959,0.9320084308597504,55063.25056387674,3743.8368078007124,"United Nations, World Population Prospects 2024"
Republic of Korea,410,Asia,Eastern Asia,2023,male,83,0.07988766,0.076819206668114,0.923180793331886,51319.41375607603,3942.316651414457,"United Nations, World Population Prospects 2024"
Republic of Korea,410,Asia,Eastern Asia,2023,male,84,0.09044165,0.08652874860199997,0.913471251398,47377.09710466157,4099.480924861801,"United Nations, World Population Prospects 2024"
Republic of Korea,410,Asia,Eastern Asia,2023,male,85,0.10180509,0.09687395894545102,0.903126041054549,43277.61617979976,4192.474013058909,"United Nations, World Population Prospects 2024"
Republic of Korea,410,Asia,Eastern Asia,2023,male,86,0.11393017,0.10778990868936791,0.8922100913106321,39085.14216674086,4212.983905263961,"United Nations, World Population Prospects 2024"
Republic of Korea,410,Asia,Eastern Asia,2023,male,87,0.12698059,0.11939985780500235,0.8806001421949976,34872.1582614769,4163.73073777388,"United Nations, World Population Prospects 2024"
Republic of Korea,410,Asia,Eastern Asia,2023,male,88,0.14147973,0.13213268191896452,0.8678673180810355,30708.42752370302,4057.5868862210264,"United Nations, World Population Prospects 2024"
Republic of Korea,410,Asia,Eastern Asia,2023,male,89,0.15817995,0.14658643270224062,0.8534135672977594,26650.840637481986,3906.6516575643927,"United Nations, World Population Prospects 2024"
Republic of Korea,410,Asia,Eastern Asia,2023,male,90,0.17755102,0.16307403901838313,0.8369259609816169,22744.1889799176,3708.986761152562,"United Nations, World Population Prospects 2024"
Republic of Korea,410,Asia,Eastern Asia,2023,male,91,0.19994059,0.1817690813186914,0.8182309186813086,19035.202218765036,3460.011220020437,"United Nations, World Population Prospects 2024"
Republic of Korea,410,Asia,Eastern Asia,2023,male,92,0.22556737,0.2027054970706189,0.7972945029293811,15575.190998744598,3157.176833370353,"United Nations, World Population Prospects 2024"
Republic of Korea,410,Asia,Eastern Asia,2023,male,93,0.25516185,0.22629138569366986,0.7737086143063301,12418.014165374245,2810.089633046159,"United Nations, World Population Prospects 2024"
Republic of Korea,410,Asia,Eastern Asia,2023,male,94,0.28874142,0.2523145843185728,0.7476854156814272,9607.924532328085,2424.2194845385784,"United Nations, World Population Prospects 2024"
Republic of Korea,410,Asia,Eastern Asia,2023,male,95,0.31829523,0.27459421550895396,0.725405784491046,7183.705047789507,1972.6038520454724,"United Nations, World Population Prospects 2024"
Republic of Korea,410,Asia,Eastern Asia,2023,male,96,0.3540351,0.30078999246867644,0.6992100075313236,5211.101195744034,1567.447089421359,"United Nations, World Population Prospects 2024"
Republic of Korea,410,Asia,Eastern Asia,2023,male,97,0.39156325,0.327453810807638,0.672546189192362,3643.6541063226755,1193.1284223802588,"United Nations, World Population Prospects 2024"
Republic of Korea,410,Asia,Eastern Asia,2023,male,98,0.43103802,0.35461232317543107,0.645387676824569,2450.5256839424164,868.9866057838824,"United Nations, World Population Prospects 2024"
Republic of Korea,410,Asia,Eastern Asia,2023,male,99,0.47284747,0.3824315698695318,0.6175684301304682,1581.5390781585343,604.8304724701804,"United Nations, World Population Prospects 2024"
Republic of Korea,410,Asia,Eastern Asia,2023,male,100,0.56203657,1,0,976.7086056883539,976.7086056883539,"United Nations, World Population Prospects 2024"
Russian Federation,643,Europe,Eastern Europe,2023,both,0,0.00355258,0.003546280776918767,0.9964537192230812,100000,354.6280776918767,"United Nations, World Population Prospects 2024"
Russian Federation,643,Europe,Eastern Europe,2023,both,1,3.2953e-4,3.2947571393399366e-4,0.999670524286066,99645.37192230813,32.830730054320796,"United Nations, World Population Prospects 2024"
Russian Federation,643,Europe,Eastern Europe,2023,both,2,2.2427e-4,2.242448543032627e-4,0.9997757551456967,99612.5411922538,22.33759978643471,"United Nations, World Population Prospects 2024"
Russian Federation,643,Europe,Eastern Europe,2023,both,3,1.8557e-4,1.8555278348498432e-4,0.999814447216515,99590.20359246737,18.479239484418606,"United Nations, World Population Prospects 2024"
Russian Federation,643,Europe,Eastern Europe,2023,both,4,1.6664e-4,1.6662611671195554e-4,0.9998333738832881,99571.72435298294,16.5912497632508,"United Nations, World Population Prospects 2024"
Russian Federation,643,Europe,Eastern Europe,2023,both,5,1.5111e-4,1.5109858374650503e-4,0.9998489014162535,99555.13310321969,15.042639616591295,"United Nations, World Population Prospects 2024"
Russian Federation,643,Europe,Eastern Europe,2023,both,6,1.4516e-4,1.4514946505182652e-4,0.9998548505349482,99540.0904636031,14.44819088200241,"United Nations, World Population Prospects 2024"
Russian Federation,643,Europe,Eastern Europe,2023,both,7,1.4575e-4,1.4573937924273767e-4,0.9998542606207572,99525.6422727211,14.504805323561145,"United Nations, World Population Prospects 2024"
Russian Federation,643,Europe,Eastern Europe,2023,both,8,1.5105e-4,1.51038592810278e-4,0.9998489614071897,99511.13746739754,15.030022172025857,"United Nations, World Population Prospects 2024"
Russian Federation,643,Europe,Eastern Europe,2023,both,9,1.5743e-4,1.5741760887291758e-4,0.9998425823911271,99496.10744522551,15.662439326190292,"United Nations, World Population Prospects 2024"
Russian Federation,643,Europe,Eastern Europe,2023,both,10,1.6307e-4,1.6305670517154382e-4,0.9998369432948284,99480.44500589932,16.220953591660905,"United Nations, World Population Prospects 2024"
Russian Federation,643,Europe,Eastern Europe,2023,both,11,1.6391e-4,1.638965678567813e-4,0.9998361034321432,99464.22405230766,16.301844946711142,"United Nations, World Population Prospects 2024"
Russian Federation,643,Europe,Eastern Europe,2023,both,12,1.7285e-4,1.728350627297036e-4,0.9998271649372703,99447.92220736096,17.188087873047916,"United Nations, World Population Prospects 2024"
Russian Federation,643,Europe,Eastern Europe,2023,both,13,2.0326e-4,2.0323934478538944e-4,0.9997967606552146,99430.7341194879,20.208237253974985,"United Nations, World Population Prospects 2024"
Russian Federation,643,Europe,Eastern Europe,2023,both,14,2.6431e-4,2.6427507472749943e-4,0.9997357249252725,99410.52588223392,26.271724156227386,"United Nations, World Population Prospects 2024"
Russian Federation,643,Europe,Eastern Europe,2023,both,15,3.5269e-4,3.526278158478143e-4,0.9996473721841522,99384.2541580777,35.045652473427,"United Nations, World Population Prospects 2024"
Russian Federation,643,Europe,Eastern Europe,2023,both,16,4.5549e-4,4.5538628804982814e-4,0.9995446137119501,99349.20850560429,45.24226728205555,"United Nations, World Population Prospects 2024"
Russian Federation,643,Europe,Eastern Europe,2023,both,17,5.6525e-4,5.650902913564053e-4,0.9994349097086436,99303.96623832222,56.11570721446014,"United Nations, World Population Prospects 2024"
Russian Federation,643,Europe,Eastern Europe,2023,both,18,7.4536e-4,7.450823227199688e-4,0.99925491767728,99247.85053110775,73.94781899868205,"United Nations, World Population Prospects 2024"
Russian Federation,643,Europe,Eastern Europe,2023,both,19,0.00102254,0.0010220174731265146,0.9989779825268735,99173.90271210908,101.35746144992451,"United Nations, World Population Prospects 2024"
Russian Federation,643,Europe,Eastern Europe,2023,both,20,0.00133406,0.0013331707351245498,0.9986668292648755,99072.54525065915,132.0806179824815,"United Nations, World Population Prospects 2024"
Russian Federation,643,Europe,Eastern Europe,2023,both,21,0.0016162,0.0016148950033477946,0.9983851049966522,98940.46463267667,159.77846196421874,"United Nations, World Population Prospects 2024"
Russian Federation,643,Europe,Eastern Europe,2023,both,22,0.00180316,0.00180153577137924,0.9981984642286208,98780.68617071246,177.9569396579251,"United Nations, World Population Prospects 2024"
Russian Federation,643,Europe,Eastern Europe,2023,both,23,0.00191242,0.001910593071798815,0.9980894069282011,98602.72923105453,188.38969132930728,"United Nations, World Population Prospects 2024"
Russian Federation,643,Europe,Eastern Europe,2023,both,24,0.00200528,0.002003271439923475,0.9979967285600765,98414.33953972523,197.15063567886313,"United Nations, World Population Prospects 2024"
Russian Federation,643,Europe,Eastern Europe,2023,both,25,0.00208633,0.0020841558815298438,0.9979158441184701,98217.18890404636,204.69993192169593,"United Nations, World Population Prospects 2024"
Russian Federation,643,Europe,Eastern Europe,2023,both,26,0.00216514,0.0021627986190989224,0.997837201380901,98012.48897212466,211.98127580335958,"United Nations, World Population Prospects 2024"
Russian Federation,643,Europe,Eastern Europe,2023,both,27,0.00223964,0.0022371348116951677,0.9977628651883048,97800.50769632129,218.79292036890152,"United Nations, World Population Prospects 2024"
Russian Federation,643,Europe,Eastern Europe,2023,both,28,0.00230661,0.002303952839670244,0.9976960471603298,97581.7147759524,224.82366885794733,"United Nations, World Population Prospects 2024"
Russian Federation,643,Europe,Eastern Europe,2023,both,29,0.00236221,0.002359423273374701,0.9976405767266253,97356.89110709445,229.70611470148512,"United Nations, World Population Prospects 2024"
Russian Federation,643,Europe,Eastern Europe,2023,both,30,0.00241449,0.0024115786337522956,0.9975884213662477,97127.18499239297,234.2298440841615,"United Nations, World Population Prospects 2024"
Russian Federation,643,Europe,Eastern Europe,2023,both,31,0.00248651,0.002483422472593835,0.9975165775274062,96892.9551483088,240.6261422513366,"United Nations, World Population Prospects 2024"
Russian Federation,643,Europe,Eastern Europe,2023,both,32,0.00258324,0.0025799077395654226,0.9974200922604346,96652.32900605747,249.35409164975124,"United Nations, World Population Prospects 2024"
Russian Federation,643,Europe,Eastern Europe,2023,both,33,0.00270492,0.00270126664491342,0.9972987333550866,96402.9749144077,260.41014060671466,"United Nations, World Population Prospects 2024"
Russian Federation,643,Europe,Eastern Europe,2023,both,34,0.00285312,0.0028490556511702662,0.9971509443488298,96142.564773801,273.9155174868011,"United Nations, World Population Prospects 2024"
Russian Federation,643,Europe,Eastern Europe,2023,both,35,0.00303852,0.003033910700828659,0.9969660892991713,95868.64925631421,290.85692085272115,"United Nations, World Population Prospects 2024"
Russian Federation,643,Europe,Eastern Europe,2023,both,36,0.00327205,0.0032667055879904076,0.9967332944120096,95577.79233546148,312.22450831003874,"United Nations, World Population Prospects 2024"
Russian Federation,643,Europe,Eastern Europe,2023,both,37,0.00355804,0.0035517214165655016,0.9964482785834345,95265.56782715145,338.3567575129672,"United Nations, World Population Prospects 2024"
Russian Federation,643,Europe,Eastern Europe,2023,both,38,0.00391663,0.00390897499563143,0.9960910250043685,94927.21106963848,371.06809447624386,"United Nations, World Population Prospects 2024"
Russian Federation,643,Europe,Eastern Europe,2023,both,39,0.00435148,0.004342032865413405,0.9956579671345865,94556.14297516223,410.5658804248833,"United Nations, World Population Prospects 2024"
Russian Federation,643,Europe,Eastern Europe,2023,both,40,0.00485534,0.004843581382784455,0.9951564186172156,94145.57709473734,456.0017644875684,"United Nations, World Population Prospects 2024"
Russian Federation,643,Europe,Eastern Europe,2023,both,41,0.00505644,0.005043688445997061,0.994956311554003,93689.57533024979,472.5410286035521,"United Nations, World Population Prospects 2024"
Russian Federation,643,Europe,Eastern Europe,2023,both,42,0.00529917,0.0052851665021134975,0.9947148334978865,93217.03430164624,492.6675471174256,"United Nations, World Population Prospects 2024"
Russian Federation,643,Europe,Eastern Europe,2023,both,43,0.00559438,0.005578775106061078,0.9944212248939389,92724.3667545288,517.2883889754427,"United Nations, World Population Prospects 2024"
Russian Federation,643,Europe,Eastern Europe,2023,both,44,0.00590952,0.005892110228381587,0.9941078897716185,92207.07836555336,543.2942695668595,"United Nations, World Population Prospects 2024"
Russian Federation,643,Europe,Eastern Europe,2023,both,45,0.00624935,0.006229883638342362,0.9937701163616577,91663.78409598651,571.0547087681332,"United Nations, World Population Prospects 2024"
Russian Federation,643,Europe,Eastern Europe,2023,both,46,0.00661471,0.006592904922938595,0.9934070950770614,91092.72938721838,600.5657040209053,"United Nations, World Population Prospects 2024"
Russian Federation,643,Europe,Eastern Europe,2023,both,47,0.00698543,0.00696111680292567,0.9930388831970743,90492.16368319748,629.926521148206,"United Nations, World Population Prospects 2024"
Russian Federation,643,Europe,Eastern Europe,2023,both,48,0.00735751,0.007330542729281941,0.9926694572707181,89862.23716204926,658.7389692652697,"United Nations, World Population Prospects 2024"
Russian Federation,643,Europe,Eastern Europe,2023,both,49,0.00773631,0.007706500063247848,0.9922934999367522,89203.498192784,687.4467644646192,"United Nations, World Population Prospects 2024"
Russian Federation,643,Europe,Eastern Europe,2023,both,50,0.00813926,0.008106270478472694,0.9918937295215273,88516.05142831939,717.5350545643563,"United Nations, World Population Prospects 2024"
Russian Federation,643,Europe,Eastern Europe,2023,both,51,0.00861933,0.008582342976854652,0.9914176570231453,87798.51637375503,753.5169803785548,"United Nations, World Population Prospects 2024"
Russian Federation,643,Europe,Eastern Europe,2023,both,52,0.00919653,0.009154435479738758,0.9908455645202613,87044.99939337648,796.8478307805643,"United Nations, World Population Prospects 2024"
Russian Federation,643,Europe,Eastern Europe,2023,both,53,0.00984251,0.009794309704395696,0.9902056902956043,86248.15156259591,844.7411078357239,"United Nations, World Population Prospects 2024"
Russian Federation,643,Europe,Eastern Europe,2023,both,54,0.01047466,0.01042008656801474,0.9895799134319853,85403.4104547602,889.9109301422964,"United Nations, World Population Prospects 2024"
Russian Federation,643,Europe,Eastern Europe,2023,both,55,0.01113482,0.011073171116394871,0.9889268288836052,84513.4995246179,935.8324418814506,"United Nations, World Population Prospects 2024"
Russian Federation,643,Europe,Eastern Europe,2023,both,56,0.01186555,0.011795569539922786,0.9882044304600772,83577.66708273646,985.8461840589334,"United Nations, World Population Prospects 2024"
Russian Federation,643,Europe,Eastern Europe,2023,both,57,0.01264249,0.012563075720417687,0.9874369242795823,82591.82089867751,1037.6072998372615,"United Nations, World Population Prospects 2024"
Russian Federation,643,Europe,Eastern Europe,2023,both,58,0.0134213,0.013331834723313993,0.986668165276686,81554.21359884026,1087.2672966895848,"United Nations, World Population Prospects 2024"
Russian Federation,643,Europe,Eastern Europe,2023,both,59,0.0142398,0.01413913080259858,0.9858608691974015,80466.94630215067,1137.7326790517843,"United Nations, World Population Prospects 2024"
Russian Federation,643,Europe,Eastern Europe,2023,both,60,0.01515996,0.015045912285791942,0.984954087714208,79329.21362309888,1193.580389873997,"United Nations, World Population Prospects 2024"
Russian Federation,643,Europe,Eastern Europe,2023,both,61,0.01607954,0.015951295254948126,0.9840487047450519,78135.63323322489,1246.3645556355073,"United Nations, World Population Prospects 2024"
Russian Federation,643,Europe,Eastern Europe,2023,both,62,0.01702834,0.01688458180017441,0.9831154181998256,76889.26867758938,1298.2431465423458,"United Nations, World Population Prospects 2024"
Russian Federation,643,Europe,Eastern Europe,2023,both,63,0.01806438,0.017902679596376404,0.9820973204036236,75591.02553104704,1353.2819104438436,"United Nations, World Population Prospects 2024"
Russian Federation,643,Europe,Eastern Europe,2023,both,64,0.01925189,0.019068339215470537,0.9809316607845294,74237.74362060319,1415.5904779487955,"United Nations, World Population Prospects 2024"
Russian Federation,643,Europe,Eastern Europe,2023,both,65,0.02061276,0.02040248424443286,0.9795975157555672,72822.1531426544,1485.7528321386833,"United Nations, World Population Prospects 2024"
Russian Federation,643,Europe,Eastern Europe,2023,both,66,0.02202533,0.021785414527917907,0.9782145854720821,71336.40031051572,1554.0930516940766,"United Nations, World Population Prospects 2024"
Russian Federation,643,Europe,Eastern Europe,2023,both,67,0.02354329,0.023269371222594402,0.9767306287774056,69782.30725882165,1623.7904123746648,"United Nations, World Population Prospects 2024"
Russian Federation,643,Europe,Eastern Europe,2023,both,68,0.0252501,0.02493529070804638,0.9750647092919537,68158.51684644698,1699.5524317954319,"United Nations, World Population Prospects 2024"
Russian Federation,643,Europe,Eastern Europe,2023,both,69,0.02717208,0.026807867243317598,0.9731921327566824,66458.96441465155,1781.623095156347,"United Nations, World Population Prospects 2024"
Russian Federation,643,Europe,Eastern Europe,2023,both,70,0.02927771,0.02885530142643709,0.9711446985735629,64677.34131949519,1866.2841792345882,"United Nations, World Population Prospects 2024"
Russian Federation,643,Europe,Eastern Europe,2023,both,71,0.03171343,0.031218408592199938,0.9687815914078001,62811.05714026061,1960.861245912673,"United Nations, World Population Prospects 2024"
Russian Federation,643,Europe,Eastern Europe,2023,both,72,0.0343236,0.033744483915931565,0.9662555160840685,60850.19589434793,2053.3584566381087,"United Nations, World Population Prospects 2024"
Russian Federation,643,Europe,Eastern Europe,2023,both,73,0.03702775,0.03635468392612717,0.9636453160738728,58796.83743770982,2137.5404409038215,"United Nations, World Population Prospects 2024"
Russian Federation,643,Europe,Eastern Europe,2023,both,74,0.03993029,0.03914868090909126,0.9608513190909087,56659.296996806006,2218.136738661391,"United Nations, World Population Prospects 2024"
Russian Federation,643,Europe,Eastern Europe,2023,both,75,0.04308723,0.042178551524694324,0.9578214484753057,54441.16025814461,2296.2492830122937,"United Nations, World Population Prospects 2024"
Russian Federation,643,Europe,Eastern Europe,2023,both,76,0.04652378,0.04546615138769607,0.954533848612304,52144.91097513232,2370.8284164933007,"United Nations, World Population Prospects 2024"
Russian Federation,643,Europe,Eastern Europe,2023,both,77,0.05046338,0.049221439887407306,0.9507785601125927,49774.08255863902,2449.952012610899,"United Nations, World Population Prospects 2024"
Russian Federation,643,Europe,Eastern Europe,2023,both,78,0.05522322,0.05373938895065618,0.9462606110493438,47324.13054602812,2543.169858164634,"United Nations, World Population Prospects 2024"
Russian Federation,643,Europe,Eastern Europe,2023,both,79,0.0608758,0.05907760186227623,0.9409223981377237,44780.96068786348,2645.551766527842,"United Nations, World Population Prospects 2024"
Russian Federation,643,Europe,Eastern Europe,2023,both,80,0.06728316,0.06509331793715187,0.9349066820628481,42135.408921335635,2742.733569328406,"United Nations, World Population Prospects 2024"
Russian Federation,643,Europe,Eastern Europe,2023,both,81,0.07355881,0.0709493356496602,0.9290506643503398,39392.67535200723,2794.8841456876576,"United Nations, World Population Prospects 2024"
Russian Federation,643,Europe,Eastern Europe,2023,both,82,0.08002148,0.07694293618544747,0.9230570638145525,36597.791206319576,2815.9415133161774,"United Nations, World Population Prospects 2024"
Russian Federation,643,Europe,Eastern Europe,2023,both,83,0.08651878,0.08293122576160086,0.9170687742383992,33781.849693003394,2801.5702035349314,"United Nations, World Population Prospects 2024"
Russian Federation,643,Europe,Eastern Europe,2023,both,84,0.09317053,0.08902335348663637,0.9109766465133636,30980.279489468467,2757.9683721057418,"United Nations, World Population Prospects 2024"
Russian Federation,643,Europe,Eastern Europe,2023,both,85,0.10041694,0.0956161970394316,0.9043838029605684,28222.311117362726,2698.5100607058953,"United Nations, World Population Prospects 2024"
Russian Federation,643,Europe,Eastern Europe,2023,both,86,0.10832785,0.102761864100026,0.897238135899974,25523.80105665683,2622.873375500269,"United Nations, World Population Prospects 2024"
Russian Federation,643,Europe,Eastern Europe,2023,both,87,0.11687707,0.11042405027326409,0.8895759497267359,22900.92768115656,2528.8131895684173,"United Nations, World Population Prospects 2024"
Russian Federation,643,Europe,Eastern Europe,2023,both,88,0.1262728,0.1187738468930233,0.8812261531069767,20372.114491588145,2419.6744075110314,"United Nations, World Population Prospects 2024"
Russian Federation,643,Europe,Eastern Europe,2023,both,89,0.13639897,0.1276905408730842,0.8723094591269158,17952.440084077112,2292.3567843274436,"United Nations, World Population Prospects 2024"
Russian Federation,643,Europe,Eastern Europe,2023,both,90,0.14721204,0.13711923858251093,0.862880761417489,15660.08329974967,2147.29869820037,"United Nations, World Population Prospects 2024"
Russian Federation,643,Europe,Eastern Europe,2023,both,91,0.16139655,0.14934469105171838,0.8506553089482816,13512.7846015493,2018.0626415667975,"United Nations, World Population Prospects 2024"
Russian Federation,643,Europe,Eastern Europe,2023,both,92,0.17643442,0.1621316207634687,0.8378683792365313,11494.721959982502,1863.6579015973987,"United Nations, World Population Prospects 2024"
Russian Federation,643,Europe,Eastern Europe,2023,both,93,0.19217142,0.17532517598464084,0.8246748240153592,9631.064058385102,1688.5680009557173,"United Nations, World Population Prospects 2024"
Russian Federation,643,Europe,Eastern Europe,2023,both,94,0.20875925,0.18902852359305344,0.8109714764069466,7942.4960574293855,1501.3583033795246,"United Nations, World Population Prospects 2024"
Russian Federation,643,Europe,Eastern Europe,2023,both,95,0.22412103,0.20153672122780117,0.7984632787721988,6441.137754049861,1298.125783927812,"United Nations, World Population Prospects 2024"
Russian Federation,643,Europe,Eastern Europe,2023,both,96,0.24211259,0.21596827124546852,0.7840317287545315,5143.011970122049,1110.72740418201,"United Nations, World Population Prospects 2024"
Russian Federation,643,Europe,Eastern Europe,2023,both,97,0.2614364,0.2312126929592183,0.7687873070407817,4032.284565940039,932.3153732688892,"United Nations, World Population Prospects 2024"
Russian Federation,643,Europe,Eastern Europe,2023,both,98,0.28278017,0.24775068025932606,0.7522493197406739,3099.96919267115,768.0194762672312,"United Nations, World Population Prospects 2024"
Russian Federation,643,Europe,Eastern Europe,2023,both,99,0.30637196,0.26567437110187553,0.7343256288981245,2331.9497164039185,619.539274346808,"United Nations, World Population Prospects 2024"
Russian Federation,643,Europe,Eastern Europe,2023,both,100,0.37618352,1,0,1712.4104420571102,1712.4104420571102,"United Nations, World Population Prospects 2024"
Russian Federation,643,Europe,Eastern Europe,2023,female,0,0.00321449,0.0032093318174830094,0.9967906681825169,100000,320.93318174830097,"United Nations, World Population Prospects 2024"
Russian Federation,643,Europe,Eastern Europe,2023,female,1,3.039e-4,3.0385382941062105e-4,0.9996961461705893,99679.0668182517,30.28786616480295,"United Nations, World Population Prospects 2024"
Russian Federation,643,Europe,Eastern Europe,2023,female,2,1.9882e-4,1.9880023726841315e-4,0.9998011997627316,99648.77895208688,19.810200899182526,"United Nations, World Population Prospects 2024"
Russian Federation,643,Europe,Eastern Europe,2023,female,3,1.5978e-4,1.597672361955003e-4,0.9998402327638045,99628.96875118771,15.917444982385128,"United Nations, World Population Prospects 2024"
Russian Federation,643,Europe,Eastern Europe,2023,female,4,1.4046e-4,1.404501361869356e-4,0.9998595498638131,99613.05130620532,13.99066662195274,"United Nations, World Population Prospects 2024"
Russian Federation,643,Europe,Eastern Europe,2023,female,5,1.2436e-4,1.243522677759897e-4,0.999875647732224,99599.06063958337,12.385369058890506,"United Nations, World Population Prospects 2024"
Russian Federation,643,Europe,Eastern Europe,2023,female,6,1.1619e-4,1.1618325033407184e-4,0.999883816749666,99586.67527052449,11.570303622893269,"United Nations, World Population Prospects 2024"
Russian Federation,643,Europe,Eastern Europe,2023,female,7,1.1467e-4,1.1466342577248333e-4,0.9998853365742275,99575.10496690159,11.417622657159557,"United Nations, World Population Prospects 2024"
Russian Federation,643,Europe,Eastern Europe,2023,female,8,1.188e-4,1.1879294369914427e-4,0.9998812070563009,99563.68734424443,11.827463505164031,"United Nations, World Population Prospects 2024"
Russian Federation,643,Europe,Eastern Europe,2023,female,9,1.2557e-4,1.255621165825104e-4,0.9998744378834175,99551.85988073928,12.499942236351126,"United Nations, World Population Prospects 2024"
Russian Federation,643,Europe,Eastern Europe,2023,female,10,1.3299e-4,1.329811574179375e-4,0.9998670188425821,99539.35993850292,13.236859293262798,"United Nations, World Population Prospects 2024"
Russian Federation,643,Europe,Eastern Europe,2023,female,11,1.3102e-4,1.3101141744204339e-4,0.9998689885825579,99526.12307920966,13.039058457118525,"United Nations, World Population Prospects 2024"
Russian Federation,643,Europe,Eastern Europe,2023,female,12,1.335e-4,1.3349108946977787e-4,0.9998665089105302,99513.08402075255,13.2841100024278,"United Nations, World Population Prospects 2024"
Russian Federation,643,Europe,Eastern Europe,2023,female,13,1.438e-4,1.4378966152333648e-4,0.9998562103384767,99499.79991075011,14.307042550806463,"United Nations, World Population Prospects 2024"
Russian Federation,643,Europe,Eastern Europe,2023,female,14,1.6344e-4,1.6342664477458902e-4,0.9998365733552255,99485.4928681993,16.258580303196116,"United Nations, World Population Prospects 2024"
Russian Federation,643,Europe,Eastern Europe,2023,female,15,1.9067e-4,1.906518242083391e-4,0.9998093481757917,99469.23428789612,18.963990969594068,"United Nations, World Population Prospects 2024"
Russian Federation,643,Europe,Eastern Europe,2023,female,16,2.1889e-4,2.1886604620557302e-4,0.9997811339537944,99450.27029692652,21.766287453963848,"United Nations, World Population Prospects 2024"
Russian Federation,643,Europe,Eastern Europe,2023,female,17,2.4532e-4,2.452899127393034e-4,0.9997547100872607,99428.50400947256,24.388809072283003,"United Nations, World Population Prospects 2024"
Russian Federation,643,Europe,Eastern Europe,2023,female,18,2.7e-4,2.699635549200858e-4,0.99973003644508,99404.11520040028,26.8354883131858,"United Nations, World Population Prospects 2024"
Russian Federation,643,Europe,Eastern Europe,2023,female,19,2.945e-4,2.9445664125957454e-4,0.9997055433587404,99377.2797120871,29.262300001534424,"United Nations, World Population Prospects 2024"
Russian Federation,643,Europe,Eastern Europe,2023,female,20,3.1915e-4,3.1909907976434654e-4,0.9996809009202356,99348.01741208557,31.70186093260878,"United Nations, World Population Prospects 2024"
Russian Federation,643,Europe,Eastern Europe,2023,female,21,3.5666e-4,3.565964081625324e-4,0.9996434035918375,99316.31555115296,35.415841397477806,"United Nations, World Population Prospects 2024"
Russian Federation,643,Europe,Eastern Europe,2023,female,22,3.9457e-4,3.9449217261172627e-4,0.9996055078273883,99280.89970975548,39.165537825348345,"United Nations, World Population Prospects 2024"
Russian Federation,643,Europe,Eastern Europe,2023,female,23,4.3194e-4,4.3184673406084493e-4,0.9995681532659392,99241.73417193013,42.85721878468258,"United Nations, World Population Prospects 2024"
Russian Federation,643,Europe,Eastern Europe,2023,female,24,4.6905e-4,4.6894002184137766e-4,0.9995310599781586,99198.87695314546,46.51832352504817,"United Nations, World Population Prospects 2024"
Russian Federation,643,Europe,Eastern Europe,2023,female,25,5.0729e-4,5.071613610565748e-4,0.9994928386389434,99152.3586296204,50.28624515456791,"United Nations, World Population Prospects 2024"
Russian Federation,643,Europe,Eastern Europe,2023,female,26,5.4954e-4,5.493890443722777e-4,0.9994506109556277,99102.07238446584,54.445592842613976,"United Nations, World Population Prospects 2024"
Russian Federation,643,Europe,Eastern Europe,2023,female,27,5.9714e-4,5.969617651257864e-4,0.9994030382348742,99047.62679162322,59.12764612104753,"United Nations, World Population Prospects 2024"
Russian Federation,643,Europe,Eastern Europe,2023,female,28,6.5161e-4,6.513977713491056e-4,0.9993486022286509,98988.49914550217,64.48088773257295,"United Nations, World Population Prospects 2024"
Russian Federation,643,Europe,Eastern Europe,2023,female,29,7.1317e-4,7.129157849248325e-4,0.9992870842150752,98924.0182577696,70.52449412415628,"United Nations, World Population Prospects 2024"
Russian Federation,643,Europe,Eastern Europe,2023,female,30,7.8127e-4,7.809649277654424e-4,0.9992190350722345,98853.49376364544,77.20111161648697,"United Nations, World Population Prospects 2024"
Russian Federation,643,Europe,Eastern Europe,2023,female,31,8.566e-4,8.56233275288194e-4,0.9991437667247118,98776.29265202895,84.57554857827192,"United Nations, World Population Prospects 2024"
Russian Federation,643,Europe,Eastern Europe,2023,female,32,9.4008e-4,9.396383323982396e-4,0.9990603616676018,98691.71710345068,92.73452048060521,"United Nations, World Population Prospects 2024"
Russian Federation,643,Europe,Eastern Europe,2023,female,33,0.00103367,0.0010331360391352136,0.9989668639608648,98598.98258297007,101.8661623285316,"United Nations, World Population Prospects 2024"
Russian Federation,643,Europe,Eastern Europe,2023,female,34,0.00113987,0.0011392207182399502,0.9988607792817601,98497.11642064156,112.20995571328727,"United Nations, World Population Prospects 2024"
Russian Federation,643,Europe,Eastern Europe,2023,female,35,0.00126067,0.0012598758561522122,0.9987401241438478,98384.90646492825,123.9527682649568,"United Nations, World Population Prospects 2024"
Russian Federation,643,Europe,Eastern Europe,2023,female,36,0.00139738,0.0013964043462473205,0.9986035956537527,98260.95369666332,137.21202280842738,"United Nations, World Population Prospects 2024"
Russian Federation,643,Europe,Eastern Europe,2023,female,37,0.00155236,0.0015511560237175112,0.9984488439762825,98123.74167385488,152.20523296710098,"United Nations, World Population Prospects 2024"
Russian Federation,643,Europe,Eastern Europe,2023,female,38,0.00172964,0.001728145465238752,0.9982718545347612,97971.53644088778,169.30906642279336,"United Nations, World Population Prospects 2024"
Russian Federation,643,Europe,Eastern Europe,2023,female,39,0.00193287,0.0019310038103325612,0.9980689961896675,97802.22737446499,188.8564737191034,"United Nations, World Population Prospects 2024"
Russian Federation,643,Europe,Eastern Europe,2023,female,40,0.00216441,0.0021620701968226475,0.9978379298031773,97613.37090074588,211.04696003589774,"United Nations, World Population Prospects 2024"
Russian Federation,643,Europe,Eastern Europe,2023,female,41,0.0022829,0.002280297154812639,0.9977197028451874,97402.32394070999,222.10624215413998,"United Nations, World Population Prospects 2024"
Russian Federation,643,Europe,Eastern Europe,2023,female,42,0.00241619,0.0024132745351005177,0.9975867254648995,97180.21769855585,234.52254468744945,"United Nations, World Population Prospects 2024"
Russian Federation,643,Europe,Eastern Europe,2023,female,43,0.00256688,0.0025635897863246397,0.9974364102136754,96945.6951538684,248.52899392459915,"United Nations, World Population Prospects 2024"
Russian Federation,643,Europe,Eastern Europe,2023,female,44,0.00273617,0.002732431801039475,0.9972675681989606,96697.16615994381,264.21841188582863,"United Nations, World Population Prospects 2024"
Russian Federation,643,Europe,Eastern Europe,2023,female,45,0.00292259,0.0029183254655887627,0.9970816745344112,96432.94774805797,281.4227271349481,"United Nations, World Population Prospects 2024"
Russian Federation,643,Europe,Eastern Europe,2023,female,46,0.00312199,0.0031171241847332523,0.9968828758152668,96151.52502092303,299.7162440417036,"United Nations, World Population Prospects 2024"
Russian Federation,643,Europe,Eastern Europe,2023,female,47,0.00333307,0.0033275245638509825,0.996672475436149,95851.80877688131,318.94924819461977,"United Nations, World Population Prospects 2024"
Russian Federation,643,Europe,Eastern Europe,2023,female,48,0.00355585,0.0035495391855435423,0.9964504608144564,95532.8595286867,339.09762840410025,"United Nations, World Population Prospects 2024"
Russian Federation,643,Europe,Eastern Europe,2023,female,49,0.00379278,0.0037856010240739564,0.996214398975926,95193.7619002826,360.36560253516217,"United Nations, World Population Prospects 2024"
Russian Federation,643,Europe,Eastern Europe,2023,female,50,0.00404804,0.004039863236013045,0.995960136763987,94833.39629774743,383.1139512495255,"United Nations, World Population Prospects 2024"
Russian Federation,643,Europe,Eastern Europe,2023,female,51,0.0043243,0.004314970386778227,0.9956850296132218,94450.28234649792,407.55017134798084,"United Nations, World Population Prospects 2024"
Russian Federation,643,Europe,Eastern Europe,2023,female,52,0.00462208,0.004611422817412048,0.995388577182588,94042.73217514994,433.6708009642566,"United Nations, World Population Prospects 2024"
Russian Federation,643,Europe,Eastern Europe,2023,female,53,0.00494421,0.004932017534792153,0.9950679824652079,93609.0613741857,461.68153211291866,"United Nations, World Population Prospects 2024"
Russian Federation,643,Europe,Eastern Europe,2023,female,54,0.00529298,0.005279009155061222,0.9947209908449388,93147.37984207277,491.7258709562673,"United Nations, World Population Prospects 2024"
Russian Federation,643,Europe,Eastern Europe,2023,female,55,0.00567182,0.005655780714912772,0.9943442192850872,92655.65397111651,524.0400608574718,"United Nations, World Population Prospects 2024"
Russian Federation,643,Europe,Eastern Europe,2023,female,56,0.00609347,0.006074961203078937,0.9939250387969211,92131.61391025902,559.6959800818713,"United Nations, World Population Prospects 2024"
Russian Federation,643,Europe,Eastern Europe,2023,female,57,0.00656216,0.006540699441875251,0.9934593005581247,91571.91793017717,598.9443924973561,"United Nations, World Population Prospects 2024"
Russian Federation,643,Europe,Eastern Europe,2023,female,58,0.00707954,0.007054568450236905,0.9929454315497631,90972.9735376798,641.7750689431527,"United Nations, World Population Prospects 2024"
Russian Federation,643,Europe,Eastern Europe,2023,female,59,0.00764799,0.007618855534530234,0.9923811444654698,90331.19846873665,688.2203513942833,"United Nations, World Population Prospects 2024"
Russian Federation,643,Europe,Eastern Europe,2023,female,60,0.00827467,0.008240575976591887,0.9917594240234081,89642.97811734237,738.7097719439238,"United Nations, World Population Prospects 2024"
Russian Federation,643,Europe,Eastern Europe,2023,female,61,0.00897139,0.008931326792065465,0.9910686732079346,88904.26834539844,794.0330738022346,"United Nations, World Population Prospects 2024"
Russian Federation,643,Europe,Eastern Europe,2023,female,62,0.00974922,0.009701926890161949,0.9902980731098381,88110.2352715962,854.839060879995,"United Nations, World Population Prospects 2024"
Russian Federation,643,Europe,Eastern Europe,2023,female,63,0.01061063,0.010554634340115868,0.9894453656598842,87255.39621071622,920.9488012060415,"United Nations, World Population Prospects 2024"
Russian Federation,643,Europe,Eastern Europe,2023,female,64,0.01155828,0.011491866892367643,0.9885081331076323,86334.44740951018,992.1439778562054,"United Nations, World Population Prospects 2024"
Russian Federation,643,Europe,Eastern Europe,2023,female,65,0.01260401,0.012525076902733589,0.9874749230972664,85342.30343165397,1068.9189135378906,"United Nations, World Population Prospects 2024"
Russian Federation,643,Europe,Eastern Europe,2023,female,66,0.01377407,0.013679856350519002,0.986320143649481,84273.38451811607,1152.8477943798798,"United Nations, World Population Prospects 2024"
Russian Federation,643,Europe,Eastern Europe,2023,female,67,0.0150876,0.014974634353365083,0.9850253656466349,83120.5367237362,1244.699644693404,"United Nations, World Population Prospects 2024"
Russian Federation,643,Europe,Eastern Europe,2023,female,68,0.01659519,0.016458623011988836,0.9835413769880111,81875.83707904277,1347.5635362749822,"United Nations, World Population Prospects 2024"
Russian Federation,643,Europe,Eastern Europe,2023,female,69,0.01830848,0.018142400115169707,0.9818575998848303,80528.2735427678,1460.976159196728,"United Nations, World Population Prospects 2024"
Russian Federation,643,Europe,Eastern Europe,2023,female,70,0.02019368,0.019991825734253357,0.9800081742657466,79067.29738357107,1580.6996305707394,"United Nations, World Population Prospects 2024"
Russian Federation,643,Europe,Eastern Europe,2023,female,71,0.02247106,0.022221390895946862,0.9777786091040531,77486.59775300033,1721.8599778664181,"United Nations, World Population Prospects 2024"
Russian Federation,643,Europe,Eastern Europe,2023,female,72,0.02489924,0.02459306567767787,0.9754069343223222,75764.73777513392,1863.28717215591,"United Nations, World Population Prospects 2024"
Russian Federation,643,Europe,Eastern Europe,2023,female,73,0.02751041,0.027137133170132523,0.9728628668298674,73901.450602978,2005.4735064789845,"United Nations, World Population Prospects 2024"
Russian Federation,643,Europe,Eastern Europe,2023,female,74,0.03037454,0.029920134833842035,0.970079865166158,71895.97709649902,2151.1373287380693,"United Nations, World Population Prospects 2024"
Russian Federation,643,Europe,Eastern Europe,2023,female,75,0.0335186,0.03296611105499601,0.967033888945004,69744.83976776095,2299.2161332969094,"United Nations, World Population Prospects 2024"
Russian Federation,643,Europe,Eastern Europe,2023,female,76,0.03704485,0.03637116777276651,0.9636288322272335,67445.62363446403,2453.076092747958,"United Nations, World Population Prospects 2024"
Russian Federation,643,Europe,Eastern Europe,2023,female,77,0.04102237,0.04019786417137604,0.959802135828624,64992.547541716085,2612.561598233603,"United Nations, World Population Prospects 2024"
Russian Federation,643,Europe,Eastern Europe,2023,female,78,0.04581727,0.04479116553747735,0.9552088344625227,62379.985943482476,2794.072276620034,"United Nations, World Population Prospects 2024"
Russian Federation,643,Europe,Eastern Europe,2023,female,79,0.05157106,0.05027470020950676,0.9497252997904932,59585.91366686244,2995.663946311061,"United Nations, World Population Prospects 2024"
Russian Federation,643,Europe,Eastern Europe,2023,female,80,0.05857456,0.056907882899320396,0.9430921171006796,56590.24972055139,3220.4313043404372,"United Nations, World Population Prospects 2024"
Russian Federation,643,Europe,Eastern Europe,2023,female,81,0.06504032,0.06299181606294253,0.9370081839370574,53369.818416210954,3361.861784986603,"United Nations, World Population Prospects 2024"
Russian Federation,643,Europe,Eastern Europe,2023,female,82,0.07160861,0.0691333388501412,0.9308666611498588,50007.95663122435,3457.2170109895983,"United Nations, World Population Prospects 2024"
Russian Federation,643,Europe,Eastern Europe,2023,female,83,0.07825948,0.07531252064828788,0.9246874793517121,46550.73962023475,3505.8535388420023,"United Nations, World Population Prospects 2024"
Russian Federation,643,Europe,Eastern Europe,2023,female,84,0.08524887,0.08176373691069307,0.918236263089307,43044.886081392746,3519.5107409097504,"United Nations, World Population Prospects 2024"
Russian Federation,643,Europe,Eastern Europe,2023,female,85,0.09274274,0.08863271937572223,0.9113672806242777,39525.375340483,3503.241500773121,"United Nations, World Population Prospects 2024"
Russian Federation,643,Europe,Eastern Europe,2023,female,86,0.10090236,0.09605621081790779,0.9039437891820922,36022.13383970987,3460.1496822180616,"United Nations, World Population Prospects 2024"
Russian Federation,643,Europe,Eastern Europe,2023,female,87,0.10988328,0.1041605296763146,0.8958394703236854,32561.984157491814,3391.673517156112,"United Nations, World Population Prospects 2024"
Russian Federation,643,Europe,Eastern Europe,2023,female,88,0.11979683000000001,0.11302670926250985,0.8869732907374901,29170.3106403357,3297.0242198423207,"United Nations, World Population Prospects 2024"
Russian Federation,643,Europe,Eastern Europe,2023,female,89,0.13057934,0.12257636929869035,0.8774236307013097,25873.28642049338,3171.4535112491867,"United Nations, World Population Prospects 2024"
Russian Federation,643,Europe,Eastern Europe,2023,female,90,0.14211221,0.13268418837872176,0.8673158116212782,22701.832909244193,3012.1742742724214,"United Nations, World Population Prospects 2024"
Russian Federation,643,Europe,Eastern Europe,2023,female,91,0.1569209,0.1455045477096541,0.8544954522903458,19689.658634971773,2864.934874239053,"United Nations, World Population Prospects 2024"
Russian Federation,643,Europe,Eastern Europe,2023,female,92,0.17269072,0.1589648433717248,0.8410351566282752,16824.72376073272,2674.5395773974133,"United Nations, World Population Prospects 2024"
Russian Federation,643,Europe,Eastern Europe,2023,female,93,0.18936381,0.17298523811809968,0.8270147618819004,14150.184183335305,2447.7729803692255,"United Nations, World Population Prospects 2024"
Russian Federation,643,Europe,Eastern Europe,2023,female,94,0.20699612,0.18758177064670148,0.8124182293532985,11702.411202966081,2195.1590142881732,"United Nations, World Population Prospects 2024"
Russian Federation,643,Europe,Eastern Europe,2023,female,95,0.22317776,0.20077365293542698,0.7992263470645731,9507.252188677907,1908.8057512991966,"United Nations, World Population Prospects 2024"
Russian Federation,643,Europe,Eastern Europe,2023,female,96,0.24214028,0.21599030369321942,0.7840096963067806,7598.446437378711,1641.190753606089,"United Nations, World Population Prospects 2024"
Russian Federation,643,Europe,Eastern Europe,2023,female,97,0.26237744,0.23194842324806778,0.7680515767519323,5957.255683772622,1381.7760627366497,"United Nations, World Population Prospects 2024"
Russian Federation,643,Europe,Eastern Europe,2023,female,98,0.28438116,0.24897872997691856,0.7510212700230814,4575.479621035973,1139.197105080809,"United Nations, World Population Prospects 2024"
Russian Federation,643,Europe,Eastern Europe,2023,female,99,0.30842538,0.26721711056564457,0.7327828894343554,3436.2825159551635,918.2334850007823,"United Nations, World Population Prospects 2024"
Russian Federation,643,Europe,Eastern Europe,2023,female,100,0.38071269,1,0,2518.0490309543816,2518.0490309543816,"United Nations, World Population Prospects 2024"
Russian Federation,643,Europe,Eastern Europe,2023,male,0,0.00387266,0.0038651757442511345,0.9961348242557488,100000,386.5175744251134,"United Nations, World Population Prospects 2024"
Russian Federation,643,Europe,Eastern Europe,2023,male,1,3.5381e-4,3.5374742031260955e-4,0.9996462525796874,99613.48242557488,35.238012436402585,"United Nations, World Population Prospects 2024"
Russian Federation,643,Europe,Eastern Europe,2023,male,2,2.4837e-4,2.483391600014152e-4,0.9997516608399986,99578.24441313848,24.72917757197443,"United Nations, World Population Prospects 2024"
Russian Federation,643,Europe,Eastern Europe,2023,male,3,2.0999e-4,2.0996795441462622e-4,0.9997900320455854,99553.5152355665,20.903047948797226,"United Nations, World Population Prospects 2024"
Russian Federation,643,Europe,Eastern Europe,2023,male,4,1.9142e-4,1.9140168094511673e-4,0.9998085983190549,99532.6121876177,19.05070928156844,"United Nations, World Population Prospects 2024"
Russian Federation,643,Europe,Eastern Europe,2023,male,5,1.7643e-4,1.764144376003871e-4,0.9998235855623996,99513.56147833614,17.555628981812216,"United Nations, World Population Prospects 2024"
Russian Federation,643,Europe,Eastern Europe,2023,male,6,1.7257e-4,1.7255511108224027e-4,0.9998274448889177,99496.00584935433,17.168544341574563,"United Nations, World Population Prospects 2024"
Russian Federation,643,Europe,Eastern Europe,2023,male,7,1.7517e-4,1.7515465907918455e-4,0.9998248453409209,99478.83730501274,17.424181833753174,"United Nations, World Population Prospects 2024"
Russian Federation,643,Europe,Eastern Europe,2023,male,8,1.8157e-4,1.8155351766389888e-4,0.9998184464823361,99461.413123179,18.057569424335423,"United Nations, World Population Prospects 2024"
Russian Federation,643,Europe,Eastern Europe,2023,male,9,1.876e-4,1.8758240477043255e-4,0.9998124175952295,99443.35555375466,18.653823773214448,"United Nations, World Population Prospects 2024"
Russian Federation,643,Europe,Eastern Europe,2023,male,10,1.9156e-4,1.915416541403664e-4,0.9998084583458596,99424.70172998145,19.043971831773195,"United Nations, World Population Prospects 2024"
Russian Federation,643,Europe,Eastern Europe,2023,male,11,1.9504e-4,1.9502098155387888e-4,0.9998049790184461,99405.65775814967,19.386188948003305,"United Nations, World Population Prospects 2024"
Russian Federation,643,Europe,Eastern Europe,2023,male,12,2.1019e-4,2.1016791240324596e-4,0.9997898320875968,99386.27156920166,20.88780521724119,"United Nations, World Population Prospects 2024"
Russian Federation,643,Europe,Eastern Europe,2023,male,13,2.5979e-4,2.5975625896074227e-4,0.9997402437410392,99365.38376398443,25.810780356731073,"United Nations, World Population Prospects 2024"
Russian Federation,643,Europe,Eastern Europe,2023,male,14,3.6047e-4,3.6040504239718353e-4,0.9996395949576028,99339.57298362769,35.80248301288245,"United Nations, World Population Prospects 2024"
Russian Federation,643,Europe,Eastern Europe,2023,male,15,5.0717e-4,5.070414219010272e-4,0.99949295857809894,99303.7705006148,50.35112499476501,"United Nations, World Population Prospects 2024"
Russian Federation,643,Europe,Eastern Europe,2023,male,16,6.8103e-4,6.807981780084154e-4,0.9993192018219916,99253.41937562004,67.57154707202729,"United Nations, World Population Prospects 2024"
Russian Federation,643,Europe,Eastern Europe,2023,male,17,8.7187e-4,8.714900869689371e-4,0.999128509913031,99185.84782854801,86.43948315018906,"United Nations, World Population Prospects 2024"
Russian Federation,643,Europe,Eastern Europe,2023,male,18,0.00120168,0.0012009584161452433,0.9987990415838548,99099.40834539782,119.01426848741967,"United Nations, World Population Prospects 2024"
Russian Federation,643,Europe,Eastern Europe,2023,male,19,0.00172014,0.001718661830519425,0.9982813381694806,98980.39407691041,170.1138252697569,"United Nations, World Population Prospects 2024"
Russian Federation,643,Europe,Eastern Europe,2023,male,20,0.00230775,0.002305090214029287,0.9976949097859708,98810.28025164065,227.7666100535482,"United Nations, World Population Prospects 2024"
Russian Federation,643,Europe,Eastern Europe,2023,male,21,0.00282729,0.002823298857686326,0.9971767011423137,98582.51364158711,278.32789815213954,"United Nations, World Population Prospects 2024"
Russian Federation,643,Europe,Eastern Europe,2023,male,22,0.00315788,0.00315290175729933,0.9968470982427007,98304.18574343498,309.9434399803559,"United Nations, World Population Prospects 2024"
Russian Federation,643,Europe,Eastern Europe,2023,male,23,0.00333862,0.0033330560961281723,0.9966669439038718,97994.24230345462,326.62030669499063,"United Nations, World Population Prospects 2024"
Russian Federation,643,Europe,Eastern Europe,2023,male,24,0.00349127,0.0034851861370975676,0.9965148138629024,97667.62199675963,340.3898422263921,"United Nations, World Population Prospects 2024"
Russian Federation,643,Europe,Eastern Europe,2023,male,25,0.00361881,0.0036122739334833857,0.9963877260665166,97327.23215453322,351.57262372990635,"United Nations, World Population Prospects 2024"
Russian Federation,643,Europe,Eastern Europe,2023,male,26,0.00373354,0.0037265833260444405,0.9962734166739555,96975.65953080333,361.3878758396543,"United Nations, World Population Prospects 2024"
Russian Federation,643,Europe,Eastern Europe,2023,male,27,0.00383622,0.003828875795048759,0.9961711242049512,96614.27165496367,369.9240461959558,"United Nations, World Population Prospects 2024"
Russian Federation,643,Europe,Eastern Europe,2023,male,28,0.00391166,0.0039040243919734466,0.9960959756080265,96244.34760876771,375.74028065420043,"United Nations, World Population Prospects 2024"
Russian Federation,643,Europe,Eastern Europe,2023,male,29,0.00396084,0.003953011377208349,0.9960469886227916,95868.6073281135,378.9696954851524,"United Nations, World Population Prospects 2024"
Russian Federation,643,Europe,Eastern Europe,2023,male,30,0.00401004,0.004002015878124044,0.9959979841218759,95489.63763262835,382.1510460020899,"United Nations, World Population Prospects 2024"
Russian Federation,643,Europe,Eastern Europe,2023,male,31,0.00407873,0.004070428909746475,0.9959295710902535,95107.48658662626,387.12826293552865,"United Nations, World Population Prospects 2024"
Russian Federation,643,Europe,Eastern Europe,2023,male,32,0.00419382,0.004185044338675788,0.9958149556613242,94720.35832369073,396.4088993599039,"United Nations, World Population Prospects 2024"
Russian Federation,643,Europe,Eastern Europe,2023,male,33,0.0043527,0.004343247573144187,0.9956567524268558,94323.94942433083,409.67226442659995,"United Nations, World Population Prospects 2024"
Russian Federation,643,Europe,Eastern Europe,2023,male,34,0.00454836,0.00453803968091845,0.9954619603190815,93914.27715990422,426.1867163564186,"United Nations, World Population Prospects 2024"
Russian Federation,643,Europe,Eastern Europe,2023,male,35,0.00480221,0.0047907070094460845,0.9952092929905539,93488.0904435478,447.87405018763394,"United Nations, World Population Prospects 2024"
Russian Federation,643,Europe,Eastern Europe,2023,male,36,0.00513949,0.005126316673360216,0.9948736833266398,93040.21639336017,476.9536125903248,"United Nations, World Population Prospects 2024"
Russian Federation,643,Europe,Eastern Europe,2023,male,37,0.00558525,0.005569695927909322,0.9944303040720907,92563.26278076984,515.5492277840543,"United Nations, World Population Prospects 2024"
Russian Federation,643,Europe,Eastern Europe,2023,male,38,0.00614559,0.006126763711102343,0.9938732362888977,92047.71355298579,563.9545910863767,"United Nations, World Population Prospects 2024"
Russian Federation,643,Europe,Eastern Europe,2023,male,39,0.00681888,0.00679571043302124,0.9932042895669788,91483.75896189941,621.6971352293803,"United Nations, World Population Prospects 2024"
Russian Federation,643,Europe,Eastern Europe,2023,male,40,0.00762134,0.0075924078392193214,0.9924075921607807,90862.06182667003,689.8618305004402,"United Nations, World Population Prospects 2024"
Russian Federation,643,Europe,Eastern Europe,2023,male,41,0.007957,0.007925468523479338,0.9920745314765207,90172.1999961696,714.6569327625258,"United Nations, World Population Prospects 2024"
Russian Federation,643,Europe,Eastern Europe,2023,male,42,0.00834658,0.008311892063968361,0.9916881079360317,89457.54306340708,743.5614422508412,"United Nations, World Population Prospects 2024"
Russian Federation,643,Europe,Eastern Europe,2023,male,43,0.00879327,0.00875477843471668,0.9912452215652833,88713.98162115623,776.6712531547505,"United Nations, World Population Prospects 2024"
Russian Federation,643,Europe,Eastern Europe,2023,male,44,0.00929484,0.009251842800731028,0.990748157199269,87937.31036800149,813.5821718438445,"United Nations, World Population Prospects 2024"
Russian Federation,643,Europe,Eastern Europe,2023,male,45,0.00984872,0.009800459011661336,0.9901995409883386,87123.72819615764,853.8525271295659,"United Nations, World Population Prospects 2024"
Russian Federation,643,Europe,Eastern Europe,2023,male,46,0.01042767,0.01037358384547105,0.989626416154529,86269.87566902807,894.9277885910255,"United Nations, World Population Prospects 2024"
Russian Federation,643,Europe,Eastern Europe,2023,male,47,0.01102446,0.010964023779203561,0.9890359762207964,85374.94788043704,936.0529587093764,"United Nations, World Population Prospects 2024"
Russian Federation,643,Europe,Eastern Europe,2023,male,48,0.01160283,0.011535905425227503,0.9884640945747725,84438.89492172767,974.0791060277733,"United Nations, World Population Prospects 2024"
Russian Federation,643,Europe,Eastern Europe,2023,male,49,0.01216004,0.012086553512910434,0.9879134464870896,83464.81581569988,1008.8019628016698,"United Nations, World Population Prospects 2024"
Russian Federation,643,Europe,Eastern Europe,2023,male,50,0.01274216,0.012661492617613773,0.9873385073823863,82456.01385289822,1044.0162106763298,"United Nations, World Population Prospects 2024"
Russian Federation,643,Europe,Eastern Europe,2023,male,51,0.01342752,0.013337972056724446,0.9866620279432755,81411.9976422219,1085.8709496340723,"United Nations, World Population Prospects 2024"
Russian Federation,643,Europe,Eastern Europe,2023,male,52,0.01426704,0.014165986650906029,0.9858340133490939,80326.12669258782,1137.8988384461854,"United Nations, World Population Prospects 2024"
Russian Federation,643,Europe,Eastern Europe,2023,male,53,0.01525802,0.015142497733367165,0.9848575022666328,79188.22785414163,1199.1075607907023,"United Nations, World Population Prospects 2024"
Russian Federation,643,Europe,Eastern Europe,2023,male,54,0.01635517,0.01622250905330334,0.9837774909466966,77989.12029335092,1265.1792100180485,"United Nations, World Population Prospects 2024"
Russian Federation,643,Europe,Eastern Europe,2023,male,55,0.01754449,0.017391923783549375,0.9826080762164506,76723.94108333289,1334.3769356948583,"United Nations, World Population Prospects 2024"
Russian Federation,643,Europe,Eastern Europe,2023,male,56,0.01877252,0.018597954761143665,0.9814020452388563,75389.56414763803,1402.0917034801105,"United Nations, World Population Prospects 2024"
Russian Federation,643,Europe,Eastern Europe,2023,male,57,0.02002142,0.019822977916739124,0.9801770220832609,73987.4724441579,1466.6520323758866,"United Nations, World Population Prospects 2024"
Russian Federation,643,Europe,Eastern Europe,2023,male,58,0.02128056,0.021056512807900354,0.9789434871920997,72520.82041178201,1527.0355838401294,"United Nations, World Population Prospects 2024"
Russian Federation,643,Europe,Eastern Europe,2023,male,59,0.02256156,0.02230988707211463,0.9776901129278853,70993.7848279419,1583.8633223333889,"United Nations, World Population Prospects 2024"
Russian Federation,643,Europe,Eastern Europe,2023,male,60,0.02389317,0.023611098010672172,0.9763889019893278,69409.9215056085,1638.8444595819842,"United Nations, World Population Prospects 2024"
Russian Federation,643,Europe,Eastern Europe,2023,male,61,0.02533362,0.025016737736274778,0.9749832622637252,67771.07704602652,1695.411260565317,"United Nations, World Population Prospects 2024"
Russian Federation,643,Europe,Eastern Europe,2023,male,62,0.02689844,0.026541477825598403,0.9734585221744017,66075.6657854612,1753.7458182564694,"United Nations, World Population Prospects 2024"
Russian Federation,643,Europe,Eastern Europe,2023,male,63,0.02859874,0.028195561237507227,0.9718044387624928,64321.91996720473,1813.5926333493599,"United Nations, World Population Prospects 2024"
Russian Federation,643,Europe,Eastern Europe,2023,male,64,0.0304339,0.029977730375758602,0.9700222696242414,62508.32733385537,1873.8577830539778,"United Nations, World Population Prospects 2024"
Russian Federation,643,Europe,Eastern Europe,2023,male,65,0.03240505,0.03188837776210013,0.9681116222378998,60634.4695508014,1933.5348704405126,"United Nations, World Population Prospects 2024"
Russian Federation,643,Europe,Eastern Europe,2023,male,66,0.03453578,0.03394954302548565,0.9660504569745143,58700.934680360886,1992.8699075671345,"United Nations, World Population Prospects 2024"
Russian Federation,643,Europe,Eastern Europe,2023,male,67,0.03683742,0.03617119328061049,0.9638288067193895,56708.06477279374,2051.1983714661014,"United Nations, World Population Prospects 2024"
Russian Federation,643,Europe,Eastern Europe,2023,male,68,0.0393735,0.03861332904443448,0.9613866709555655,54656.86640132764,2110.4835668921596,"United Nations, World Population Prospects 2024"
Russian Federation,643,Europe,Eastern Europe,2023,male,69,0.04215677,0.041286516901442395,0.9587134830985576,52546.38283443548,2169.457123003583,"United Nations, World Population Prospects 2024"
Russian Federation,643,Europe,Eastern Europe,2023,male,70,0.04513106,0.044135127457308285,0.9558648725426917,50376.92571143191,2223.3920371813983,"United Nations, World Population Prospects 2024"
Russian Federation,643,Europe,Eastern Europe,2023,male,71,0.04835866,0.04721698493954179,0.9527830150604583,48153.5336742505,2273.6646742828043,"United Nations, World Population Prospects 2024"
Russian Federation,643,Europe,Eastern Europe,2023,male,72,0.05166473,0.05036371610287417,0.9496362838971258,45879.86899996771,2310.680697151431,"United Nations, World Population Prospects 2024"
Russian Federation,643,Europe,Eastern Europe,2023,male,73,0.05505505,0.05358012185610308,0.9464198781438969,43569.18830281627,2334.4424184363966,"United Nations, World Population Prospects 2024"
Russian Federation,643,Europe,Eastern Europe,2023,male,74,0.05860548,0.05693706790287957,0.9430629320971204,41234.745884379874,2347.7855263769206,"United Nations, World Population Prospects 2024"
Russian Federation,643,Europe,Eastern Europe,2023,male,75,0.06236417,0.06047832958618555,0.9395216704138144,38886.96035800295,2351.8184051362346,"United Nations, World Population Prospects 2024"
Russian Federation,643,Europe,Eastern Europe,2023,male,76,0.06647274,0.06433449492297683,0.9356655050770232,36535.14195286672,2350.4699044769413,"United Nations, World Population Prospects 2024"
Russian Federation,643,Europe,Eastern Europe,2023,male,77,0.07100779,0.06857317518829807,0.9314268248117019,34184.67204838977,2344.1515051287483,"United Nations, World Population Prospects 2024"
Russian Federation,643,Europe,Eastern Europe,2023,male,78,0.07636802,0.07355923349272159,0.9264407665072785,31840.52054326103,2342.1642851715364,"United Nations, World Population Prospects 2024"
Russian Federation,643,Europe,Eastern Europe,2023,male,79,0.08266353,0.0793825107217391,0.9206174892782609,29498.35625808949,2341.6535819314686,"United Nations, World Population Prospects 2024"
Russian Federation,643,Europe,Eastern Europe,2023,male,80,0.08903618,0.0852413958670644,0.9147586041329356,27156.702676158024,2314.8752432625533,"United Nations, World Population Prospects 2024"
Russian Federation,643,Europe,Eastern Europe,2023,male,81,0.09632882,0.09190239535036301,0.908097604649637,24841.827432895472,2283.023445963453,"United Nations, World Population Prospects 2024"
Russian Federation,643,Europe,Eastern Europe,2023,male,82,0.1034348,0.0983484726980841,0.9016515273019159,22558.80398693202,2218.6239180102143,"United Nations, World Population Prospects 2024"
Russian Federation,643,Europe,Eastern Europe,2023,male,83,0.11027459,0.10451207679091659,0.8954879232090834,20340.180068921803,2125.794461304227,"United Nations, World Population Prospects 2024"
Russian Federation,643,Europe,Eastern Europe,2023,male,84,0.11712387,0.11064432427376109,0.8893556757262389,18214.38560761758,2015.3183876165663,"United Nations, World Population Prospects 2024"
Russian Federation,643,Europe,Eastern Europe,2023,male,85,0.12415445,0.11689776136570484,0.8831022386342952,16199.067220001012,1893.63469423069,"United Nations, World Population Prospects 2024"
Russian Federation,643,Europe,Eastern Europe,2023,male,86,0.13153085,0.12341444647634353,0.8765855535236564,14305.43252577032,1765.497036772625,"United Nations, World Population Prospects 2024"
Russian Federation,643,Europe,Eastern Europe,2023,male,87,0.13940994,0.1303255980945849,0.8696744019054151,12539.935488997695,1634.2745926711357,"United Nations, World Population Prospects 2024"
Russian Federation,643,Europe,Eastern Europe,2023,male,88,0.14783647,0.1376608248019925,0.8623391751980075,10905.66089632656,1501.2822739991511,"United Nations, World Population Prospects 2024"
Russian Federation,643,Europe,Eastern Europe,2023,male,89,0.15665539,0.1452762372017163,0.8547237627982837,9404.37862232741,1366.2327394719869,"United Nations, World Population Prospects 2024"
Russian Federation,643,Europe,Eastern Europe,2023,male,90,0.16571259,0.15303285465039476,0.8469671453496053,8038.145882855421,1230.1004105496827,"United Nations, World Population Prospects 2024"
Russian Federation,643,Europe,Eastern Europe,2023,male,91,0.17794294,0.16340459314328962,0.8365954068567104,6808.045472305739,1112.4659005031342,"United Nations, World Population Prospects 2024"
Russian Federation,643,Europe,Eastern Europe,2023,male,92,0.19044747,0.1738891003855025,0.8261108996144975,5695.579571802605,990.3992079148005,"United Nations, World Population Prospects 2024"
Russian Federation,643,Europe,Eastern Europe,2023,male,93,0.20310287,0.18437892552879295,0.815621074471207,4705.180363887805,867.5360999128085,"United Nations, World Population Prospects 2024"
Russian Federation,643,Europe,Eastern Europe,2023,male,94,0.21591685,0.19487811557550092,0.8051218844244991,3837.6442639749957,747.8728824125774,"United Nations, World Population Prospects 2024"
Russian Federation,643,Europe,Eastern Europe,2023,male,95,0.22801552,0.20468036955146524,0.7953196304485348,3089.7713815624184,632.4155482077371,"United Nations, World Population Prospects 2024"
Russian Federation,643,Europe,Eastern Europe,2023,male,96,0.24199252,0.21587272735414834,0.7841272726458517,2457.355833354681,530.4761058259011,"United Nations, World Population Prospects 2024"
Russian Federation,643,Europe,Eastern Europe,2023,male,97,0.25688308,0.22764411880831678,0.7723558811916832,1926.8797275287804,438.64283762289875,"United Nations, World Population Prospects 2024"
Russian Federation,643,Europe,Eastern Europe,2023,male,98,0.27419336,0.24113460607412907,0.7588653939258709,1488.2368899058815,358.8654161924417,"United Nations, World Population Prospects 2024"
Russian Federation,643,Europe,Eastern Europe,2023,male,99,0.29491646,0.25701716392761415,0.7429828360723858,1129.3714737134399,290.2678531945783,"United Nations, World Population Prospects 2024"
Russian Federation,643,Europe,Eastern Europe,2023,male,100,0.35444727,1,0,839.1036205188614,839.1036205188614,"United Nations, World Population Prospects 2024"
South Africa,710,Africa,Southern Africa,2023,both,0,0.02854644,0.02814472416022184,0.9718552758397782,100000,2814.472416022184,"United Nations, World Population Prospects 2024"
South Africa,710,Africa,Southern Africa,2023,both,1,0.00432809,0.004318744043546284,0.9956812559564537,97185.52758397782,419.71941837220726,"United Nations, World Population Prospects 2024"
South Africa,710,Africa,Southern Africa,2023,both,2,0.00268995,0.002686336943968785,0.9973136630560312,96765.80816560562,259.9455653882627,"United Nations, World Population Prospects 2024"
South Africa,710,Africa,Southern Africa,2023,both,3,0.00170433,0.0017028788662309584,0.998297121133769,96505.86260021734,164.33779388929875,"United Nations, World Population Prospects 2024"
South Africa,710,Africa,Southern Africa,2023,both,4,0.00111979,0.0011191633860159866,0.998880836613984,96341.52480632805,107.82190711619326,"United Nations, World Population Prospects 2024"
South Africa,710,Africa,Southern Africa,2023,both,5,7.7733e-4,7.770279964137739e-4,0.9992229720035862,96233.70289921184,74.77628135125296,"United Nations, World Population Prospects 2024"
South Africa,710,Africa,Southern Africa,2023,both,6,5.8072e-4,5.805514310864697e-4,0.9994194485689135,96158.92661786059,55.82520245973779,"United Nations, World Population Prospects 2024"
South Africa,710,Africa,Southern Africa,2023,both,7,4.7338e-4,4.732679822012928e-4,0.9995267320177987,96103.10141540084,45.48252089015297,"United Nations, World Population Prospects 2024"
South Africa,710,Africa,Southern Africa,2023,both,8,4.2214e-4,4.2205091771279837e-4,0.9995779490822873,96057.6188945107,40.54120620773448,"United Nations, World Population Prospects 2024"
South Africa,710,Africa,Southern Africa,2023,both,9,4.1096e-4,4.108755732872009e-4,0.9995891244267128,96017.07768830298,39.45107184054319,"United Nations, World Population Prospects 2024"
South Africa,710,Africa,Southern Africa,2023,both,10,4.3182e-4,4.3172678586966286e-4,0.9995682732141303,95977.62661646242,41.43611225452393,"United Nations, World Population Prospects 2024"
South Africa,710,Africa,Southern Africa,2023,both,11,4.8286e-4,4.8274345124856504e-4,0.9995172565487515,95936.1905042079,46.312567703641136,"United Nations, World Population Prospects 2024"
South Africa,710,Africa,Southern Africa,2023,both,12,5.6499e-4,5.648304382253536e-4,0.9994351695617747,95889.87793650426,54.16152177625136,"United Nations, World Population Prospects 2024"
South Africa,710,Africa,Southern Africa,2023,both,13,6.8034e-4,6.801086474413998e-4,0.9993198913525586,95835.71641472803,65.17869946739823,"United Nations, World Population Prospects 2024"
South Africa,710,Africa,Southern Africa,2023,both,14,8.3099e-4,8.30644871209237e-4,0.9991693551287908,95770.53771526062,79.55130596613203,"United Nations, World Population Prospects 2024"
South Africa,710,Africa,Southern Africa,2023,both,15,0.00101632,0.0010158038091363493,0.9989841961908636,95690.98640929449,97.20326849457598,"United Nations, World Population Prospects 2024"
South Africa,710,Africa,Southern Africa,2023,both,16,0.00123303,0.0012322702868840817,0.9987677297131159,95593.78314079992,117.79737857524822,"United Nations, World Population Prospects 2024"
South Africa,710,Africa,Southern Africa,2023,both,17,0.00147277,0.0014716862723043692,0.9985283137276957,95475.98576222466,140.51069758099345,"United Nations, World Population Prospects 2024"
South Africa,710,Africa,Southern Africa,2023,both,18,0.00172527,0.001723783004447958,0.998276216995552,95335.47506464367,164.33767163740487,"United Nations, World Population Prospects 2024"
South Africa,710,Africa,Southern Africa,2023,both,19,0.00197827,0.0019763151575066793,0.9980236848424934,95171.13739300627,188.088161386949,"United Nations, World Population Prospects 2024"
South Africa,710,Africa,Southern Africa,2023,both,20,0.00222477,0.0022222979490958946,0.9977777020509041,94983.04923161933,211.080635506302,"United Nations, World Population Prospects 2024"
South Africa,710,Africa,Southern Africa,2023,both,21,0.00246002,0.002456997868052317,0.9975430021319477,94771.96859611302,232.8545247917708,"United Nations, World Population Prospects 2024"
South Africa,710,Africa,Southern Africa,2023,both,22,0.00268392,0.0026803231135944807,0.9973196768864055,94539.11407132125,253.39537258410755,"United Nations, World Population Prospects 2024"
South Africa,710,Africa,Southern Africa,2023,both,23,0.00290068,0.0028964791204724137,0.9971035208795276,94285.71869873715,273.0966155696276,"United Nations, World Population Prospects 2024"
South Africa,710,Africa,Southern Africa,2023,both,24,0.00311449,0.003109647516952463,0.9968903524830476,94012.62208316752,292.3461168231122,"United Nations, World Population Prospects 2024"
South Africa,710,Africa,Southern Africa,2023,both,25,0.00333239,0.0033268468244553265,0.9966731531755447,93720.27596634442,311.7930024857098,"United Nations, World Population Prospects 2024"
South Africa,710,Africa,Southern Africa,2023,both,26,0.00355992,0.003553594743500359,0.9964464052564996,93408.48296385871,331.93589405871114,"United Nations, World Population Prospects 2024"
South Africa,710,Africa,Southern Africa,2023,both,27,0.00379992,0.003792713995117836,0.9962072860048822,93076.5470698,353.0127226888745,"United Nations, World Population Prospects 2024"
South Africa,710,Africa,Southern Africa,2023,both,28,0.00404938,0.004041197827171304,0.9959588021728287,92723.53434711113,374.7141455311893,"United Nations, World Population Prospects 2024"
South Africa,710,Africa,Southern Africa,2023,both,29,0.00430306,0.004293821713768177,0.9957061782862319,92348.82020157995,396.5293694224173,"United Nations, World Population Prospects 2024"
South Africa,710,Africa,Southern Africa,2023,both,30,0.00455089,0.004540558209524928,0.9954594417904751,91952.29083215752,417.5147290225766,"United Nations, World Population Prospects 2024"
South Africa,710,Africa,Southern Africa,2023,both,31,0.00477571,0.004764333462519854,0.9952356665374802,91534.77610313495,436.1021967724285,"United Nations, World Population Prospects 2024"
South Africa,710,Africa,Southern Africa,2023,both,32,0.00496322,0.00495093371338752,0.9950490662866125,91098.67390636253,451.0234958879062,"United Nations, World Population Prospects 2024"
South Africa,710,Africa,Southern Africa,2023,both,33,0.00510461,0.0050916146464797165,0.9949083853535203,90647.65041047461,461.54290449894563,"United Nations, World Population Prospects 2024"
South Africa,710,Africa,Southern Africa,2023,both,34,0.00520711,0.00519358820745454,0.9948064117925455,90186.10750597567,468.38950441926266,"United Nations, World Population Prospects 2024"
South Africa,710,Africa,Southern Africa,2023,both,35,0.00529133,0.005277367852580304,0.9947226321474197,89717.71800155641,473.47340078827904,"United Nations, World Population Prospects 2024"
South Africa,710,Africa,Southern Africa,2023,both,36,0.00538324,0.00536878925945347,0.9946312107405465,89244.24460076814,479.1335418806423,"United Nations, World Population Prospects 2024"
South Africa,710,Africa,Southern Africa,2023,both,37,0.00550696,0.005491838332986887,0.9945081616670131,88765.11105888749,487.48363954503657,"United Nations, World Population Prospects 2024"
South Africa,710,Africa,Southern Africa,2023,both,38,0.00567731,0.005661239693637458,0.9943387603063626,88277.62741934245,499.76080840651986,"United Nations, World Population Prospects 2024"
South Africa,710,Africa,Southern Africa,2023,both,39,0.00590407,0.005886692278360051,0.99411330772164,87777.86661093593,516.7212895895151,"United Nations, World Population Prospects 2024"
South Africa,710,Africa,Southern Africa,2023,both,40,0.00618514,0.006166070993826623,0.9938339290061734,87261.14532134643,538.058417054044,"United Nations, World Population Prospects 2024"
South Africa,710,Africa,Southern Africa,2023,both,41,0.00650998,0.006488858829398894,0.9935111411706011,86723.08690429237,562.7338681716452,"United Nations, World Population Prospects 2024"
South Africa,710,Africa,Southern Africa,2023,both,42,0.00686434,0.006840861002094442,0.9931591389979055,86160.35303612074,589.4109990114878,"United Nations, World Population Prospects 2024"
South Africa,710,Africa,Southern Africa,2023,both,43,0.00723296,0.00720689640329541,0.9927931035967046,85570.94203710926,616.7009143938427,"United Nations, World Population Prospects 2024"
South Africa,710,Africa,Southern Africa,2023,both,44,0.00761257,0.007583704260229851,0.9924162957397702,84954.24112271541,644.2678403269308,"United Nations, World Population Prospects 2024"
South Africa,710,Africa,Southern Africa,2023,both,45,0.008008,0.007976063840383107,0.9920239361596169,84309.97328238848,672.4617292813247,"United Nations, World Population Prospects 2024"
South Africa,710,Africa,Southern Africa,2023,both,46,0.00843421,0.008398791414730981,0.991601208585269,83637.51155310716,702.4540139816997,"United Nations, World Population Prospects 2024"
South Africa,710,Africa,Southern Africa,2023,both,47,0.00890673,0.008867240939553225,0.9911327590604467,82935.05753912545,735.4051375351356,"United Nations, World Population Prospects 2024"
South Africa,710,Africa,Southern Africa,2023,both,48,0.00943221,0.009387935510399726,0.9906120644896003,82199.65240159031,771.6850357234038,"United Nations, World Population Prospects 2024"
South Africa,710,Africa,Southern Africa,2023,both,49,0.01001772,0.009967792721747748,0.9900322072782523,81427.96736586692,811.6571004562014,"United Nations, World Population Prospects 2024"
South Africa,710,Africa,Southern Africa,2023,both,50,0.01065978,0.010603265759859185,0.9893967342401409,80616.3102654107,854.7961623234139,"United Nations, World Population Prospects 2024"
South Africa,710,Africa,Southern Africa,2023,both,51,0.01134316,0.011279189176251753,0.9887208108237483,79761.5141030873,899.6452065529938,"United Nations, World Population Prospects 2024"
South Africa,710,Africa,Southern Africa,2023,both,52,0.01205428,0.011982062432232196,0.9880179375677678,78861.86889653432,944.9278366407846,"United Nations, World Population Prospects 2024"
South Africa,710,Africa,Southern Africa,2023,both,53,0.01278843,0.012707177574545179,0.9872928224254548,77916.94105989354,990.1044061134376,"United Nations, World Population Prospects 2024"
South Africa,710,Africa,Southern Africa,2023,both,54,0.01355125,0.01346004975040988,0.9865399502495901,76926.83665378009,1035.4390485015342,"United Nations, World Population Prospects 2024"
South Africa,710,Africa,Southern Africa,2023,both,55,0.01436784,0.014265358803583759,0.9857346411964163,75891.39760527854,1082.6180169447357,"United Nations, World Population Prospects 2024"
South Africa,710,Africa,Southern Africa,2023,both,56,0.01527623,0.015160432870286967,0.984839567129713,74808.77958833381,1134.1334810570286,"United Nations, World Population Prospects 2024"
South Africa,710,Africa,Southern Africa,2023,both,57,0.0163085,0.01617659202448435,0.9838234079755157,73674.64610727679,1191.8046926256804,"United Nations, World Population Prospects 2024"
South Africa,710,Africa,Southern Africa,2023,both,58,0.0174895,0.01733788453421939,0.9826621154657806,72482.8414146511,1256.699135159356,"United Nations, World Population Prospects 2024"
South Africa,710,Africa,Southern Africa,2023,both,59,0.01883022,0.018654585029938775,0.9813454149700612,71226.14227949176,1328.6941275072963,"United Nations, World Population Prospects 2024"
South Africa,710,Africa,Southern Africa,2023,both,60,0.02032173,0.020117320621008218,0.9798826793789918,69897.44815198446,1406.1493750637696,"United Nations, World Population Prospects 2024"
South Africa,710,Africa,Southern Africa,2023,both,61,0.0219276,0.02168979739927384,0.9783102026007262,68491.29877692068,1485.5623940845417,"United Nations, World Population Prospects 2024"
South Africa,710,Africa,Southern Africa,2023,both,62,0.02361321,0.02333767133295201,0.9766623286670479,67005.73638283614,1563.7578531250545,"United Nations, World Population Prospects 2024"
South Africa,710,Africa,Southern Africa,2023,both,63,0.02537517,0.02505725396050945,0.9749427460394906,65441.97852971109,1639.7962756971776,"United Nations, World Population Prospects 2024"
South Africa,710,Africa,Southern Africa,2023,both,64,0.02720806,0.0268428885390284,0.9731571114609716,63802.18225401392,1712.6348667912714,"United Nations, World Population Prospects 2024"
South Africa,710,Africa,Southern Africa,2023,both,65,0.02913837,0.02871994382522075,0.9712800561747792,62089.54738722264,1783.208313094416,"United Nations, World Population Prospects 2024"
South Africa,710,Africa,Southern Africa,2023,both,66,0.03121625,0.030736510698947,0.969263489301053,60306.33907412822,1853.6064361662675,"United Nations, World Population Prospects 2024"
South Africa,710,Africa,Southern Africa,2023,both,67,0.03346537,0.032914620031124504,0.9670853799688754,58452.732637961955,1923.9494845594277,"United Nations, World Population Prospects 2024"
South Africa,710,Africa,Southern Africa,2023,both,68,0.03592734,0.03529334205021285,0.9647066579497872,56528.78315340253,1995.0896795153456,"United Nations, World Population Prospects 2024"
South Africa,710,Africa,Southern Africa,2023,both,69,0.03861824,0.0378866815201261,0.9621133184798739,54533.69347388718,2066.1006767613426,"United Nations, World Population Prospects 2024"
South Africa,710,Africa,Southern Africa,2023,both,70,0.04146716,0.04062486119051752,0.9593751388094824,52467.59279712584,2131.488674383834,"United Nations, World Population Prospects 2024"
South Africa,710,Africa,Southern Africa,2023,both,71,0.04435525,0.04339289856789812,0.9566071014321019,50336.10412274201,2184.229460501302,"United Nations, World Population Prospects 2024"
South Africa,710,Africa,Southern Africa,2023,both,72,0.04713616,0.04605083034633124,0.9539491696536687,48151.874662240705,2217.4338109286527,"United Nations, World Population Prospects 2024"
South Africa,710,Africa,Southern Africa,2023,both,73,0.04983136,0.048619960619589696,0.9513800393804103,45934.44085131205,2233.330705273664,"United Nations, World Population Prospects 2024"
South Africa,710,Africa,Southern Africa,2023,both,74,0.05261422,0.05126557098488775,0.9487344290151123,43701.11014603839,2240.362364310129,"United Nations, World Population Prospects 2024"
South Africa,710,Africa,Southern Africa,2023,both,75,0.05566814,0.054160629254097405,0.9458393707459026,41460.747781728256,2245.5401892038253,"United Nations, World Population Prospects 2024"
South Africa,710,Africa,Southern Africa,2023,both,76,0.05919474,0.05749309557774026,0.9425069044222597,39215.20759252443,2254.6036782179326,"United Nations, World Population Prospects 2024"
South Africa,710,Africa,Southern Africa,2023,both,77,0.06344436,0.06149364744683496,0.9385063525531651,36960.6039143065,2272.8423465284723,"United Nations, World Population Prospects 2024"
South Africa,710,Africa,Southern Africa,2023,both,78,0.06861226,0.06633651102889625,0.9336634889711037,34687.76156777803,2301.0650778086306,"United Nations, World Population Prospects 2024"
South Africa,710,Africa,Southern Africa,2023,both,79,0.07470639,0.07201634926279858,0.9279836507372015,32386.696489969396,2332.371645889889,"United Nations, World Population Prospects 2024"
South Africa,710,Africa,Southern Africa,2023,both,80,0.08165671,0.0784535794088738,0.9215464205911262,30054.32484407951,2357.8693607350806,"United Nations, World Population Prospects 2024"
South Africa,710,Africa,Southern Africa,2023,both,81,0.08923056,0.0854195431642547,0.9145804568357453,27696.455483344427,2365.8185746563977,"United Nations, World Population Prospects 2024"
South Africa,710,Africa,Southern Africa,2023,both,82,0.09717454,0.09267186697774807,0.9073281330222519,25330.63690868803,2347.4374140635728,"United Nations, World Population Prospects 2024"
South Africa,710,Africa,Southern Africa,2023,both,83,0.10530826,0.1000407037779826,0.8999592962220174,22983.199494624456,2299.2554525120045,"United Nations, World Population Prospects 2024"
South Africa,710,Africa,Southern Africa,2023,both,84,0.11352715,0.10742909075002892,0.8925709092499711,20683.944042112453,2222.0573015686186,"United Nations, World Population Prospects 2024"
South Africa,710,Africa,Southern Africa,2023,both,85,0.12185696,0.11485878859619264,0.8851412114038073,18461.886740543836,2120.5099462189764,"United Nations, World Population Prospects 2024"
South Africa,710,Africa,Southern Africa,2023,both,86,0.13047423,0.1224837439127344,0.8775162560872656,16341.376794324859,2001.5530104575864,"United Nations, World Population Prospects 2024"
South Africa,710,Africa,Southern Africa,2023,both,87,0.13974528,0.13061861269767586,0.8693813873023242,14339.82378386727,1873.0478889778797,"United Nations, World Population Prospects 2024"
South Africa,710,Africa,Southern Africa,2023,both,88,0.150088,0.13961102987412607,0.8603889701258739,12466.775894889392,1740.4994218954378,"United Nations, World Population Prospects 2024"
South Africa,710,Africa,Southern Africa,2023,both,89,0.16191809,0.14979114217967435,0.8502088578203256,10726.276472993954,1606.7012042247331,"United Nations, World Population Prospects 2024"
South Africa,710,Africa,Southern Africa,2023,both,90,0.17568371,0.161497472442812,0.838502527557188,9119.57526876922,1472.7883556582071,"United Nations, World Population Prospects 2024"
South Africa,710,Africa,Southern Africa,2023,both,91,0.19192046,0.1751162631147665,0.8248837368852335,7646.786913111013,1339.0767490589012,"United Nations, World Population Prospects 2024"
South Africa,710,Africa,Southern Africa,2023,both,92,0.21107175,0.19092256956383258,0.8090774304361674,6307.710164052112,1204.2842325847332,"United Nations, World Population Prospects 2024"
South Africa,710,Africa,Southern Africa,2023,both,93,0.23296309,0.20865825417651662,0.7913417458234834,5103.425931467378,1064.8719451791462,"United Nations, World Population Prospects 2024"
South Africa,710,Africa,Southern Africa,2023,both,94,0.25675603,0.22754433938523697,0.772455660614763,4038.5539862882324,918.9500988815712,"United Nations, World Population Prospects 2024"
South Africa,710,Africa,Southern Africa,2023,both,95,0.27060566,0.23835548793620112,0.7616445120637989,3119.6038874066608,743.5747067504844,"United Nations, World Population Prospects 2024"
South Africa,710,Africa,Southern Africa,2023,both,96,0.29144669,0.25437789259675075,0.7456221074032492,2376.0291806561763,604.4092957237025,"United Nations, World Population Prospects 2024"
South Africa,710,Africa,Southern Africa,2023,both,97,0.31333969,0.2708981230508348,0.7291018769491652,1771.6198849324737,479.9285015877431,"United Nations, World Population Prospects 2024"
South Africa,710,Africa,Southern Africa,2023,both,98,0.3361401,0.287773922462955,0.712226077537045,1291.6913833447309,371.71509599671367,"United Nations, World Population Prospects 2024"
South Africa,710,Africa,Southern Africa,2023,both,99,0.35977465,0.3049228874460534,0.6950771125539466,919.9762873480172,280.5218259200575,"United Nations, World Population Prospects 2024"
South Africa,710,Africa,Southern Africa,2023,both,100,0.4249584,1,0,639.4544614279596,639.4544614279596,"United Nations, World Population Prospects 2024"
South Africa,710,Africa,Southern Africa,2023,female,0,0.02628931,0.025948229475681338,0.9740517705243187,100000,2594.8229475681337,"United Nations, World Population Prospects 2024"
South Africa,710,Africa,Southern Africa,2023,female,1,0.00402089,0.0040128224411872275,0.9959871775588127,97405.17705243187,390.86968036381376,"United Nations, World Population Prospects 2024"
South Africa,710,Africa,Southern Africa,2023,female,2,0.00244953,0.0024465335713105343,0.9975534664286895,97014.30737206805,237.34875988320357,"United Nations, World Population Prospects 2024"
South Africa,710,Africa,Southern Africa,2023,female,3,0.00152263,0.0015214716807873414,0.9984785283192127,96776.95861218486,147.24340188116787,"United Nations, World Population Prospects 2024"
South Africa,710,Africa,Southern Africa,2023,female,4,9.8481e-4,9.843253132941075e-4,0.9990156746867059,96629.71521030368,95.11507469790256,"United Nations, World Population Prospects 2024"
South Africa,710,Africa,Southern Africa,2023,female,5,6.7644e-4,6.762112918168818e-4,0.9993237887081832,96534.60013560578,65.27778666272411,"United Nations, World Population Prospects 2024"
South Africa,710,Africa,Southern Africa,2023,female,6,5.0354e-4,5.034132556446264e-4,0.9994965867443554,96469.32234894307,48.56393563351235,"United Nations, World Population Prospects 2024"
South Africa,710,Africa,Southern Africa,2023,female,7,4.12e-4,4.1191514548003113e-4,0.99958808485452,96420.75841330955,39.71717072911334,"United Nations, World Population Prospects 2024"
South Africa,710,Africa,Southern Africa,2023,female,8,3.7112e-4,3.710511477490237e-4,0.999628948852251,96381.04124258044,35.76229597430546,"United Nations, World Population Prospects 2024"
South Africa,710,Africa,Southern Africa,2023,female,9,3.665e-4,3.6643285118002125e-4,0.99963356714882,96345.27894660614,35.304075262139364,"United Nations, World Population Prospects 2024"
South Africa,710,Africa,Southern Africa,2023,female,10,3.9096e-4,3.90883590075812e-4,0.9996091164099242,96309.97487134399,37.64598873782218,"United Nations, World Population Prospects 2024"
South Africa,710,Africa,Southern Africa,2023,female,11,4.4272e-4,4.426220211893895e-4,0.9995573779788106,96272.32888260619,42.61225279462879,"United Nations, World Population Prospects 2024"
South Africa,710,Africa,Southern Africa,2023,female,12,5.2167e-4,5.215339656880598e-4,0.9994784660343119,96229.71662981155,50.18706573098385,"United Nations, World Population Prospects 2024"
South Africa,710,Africa,Southern Africa,2023,female,13,6.2733e-4,6.271332902365181e-4,0.9993728667097634,96179.52956408056,60.3173848289223,"United Nations, World Population Prospects 2024"
South Africa,710,Africa,Southern Africa,2023,female,14,7.5785e-4,7.575629404627853e-4,0.9992424370595372,96119.21217925164,72.81635301348024,"United Nations, World Population Prospects 2024"
South Africa,710,Africa,Southern Africa,2023,female,15,9.0747e-4,9.070584358406138e-4,0.9990929415641594,96046.39582623815,87.11969356627603,"United Nations, World Population Prospects 2024"
South Africa,710,Africa,Southern Africa,2023,female,16,0.00106762,0.0010670503978271358,0.9989329496021728,95959.27613267188,102.3933837725715,"United Nations, World Population Prospects 2024"
South Africa,710,Africa,Southern Africa,2023,female,17,0.00122615,0.001225398738668291,0.9987746012613317,95856.88274889931,117.46290321317548,"United Nations, World Population Prospects 2024"
South Africa,710,Africa,Southern Africa,2023,female,18,0.00137229,0.0013713490557021753,0.9986286509442979,95739.41984568612,131.29216299885576,"United Nations, World Population Prospects 2024"
South Africa,710,Africa,Southern Africa,2023,female,19,0.00149761,0.001496489421238929,0.9985035105787611,95608.12768268728,143.0765516616023,"United Nations, World Population Prospects 2024"
South Africa,710,Africa,Southern Africa,2023,female,20,0.00160247,0.0016011870728756645,0.9983988129271243,95465.05113102567,152.85740578241263,"United Nations, World Population Prospects 2024"
South Africa,710,Africa,Southern Africa,2023,female,21,0.00169238,0.001690949135750819,0.9983090508642491,95312.19372524325,161.1680716062147,"United Nations, World Population Prospects 2024"
South Africa,710,Africa,Southern Africa,2023,female,22,0.0017766,0.0017750232468498233,0.9982249767531501,95151.02565363703,168.8952824968096,"United Nations, World Population Prospects 2024"
South Africa,710,Africa,Southern Africa,2023,female,23,0.00186582,0.0018640809802127499,0.9981359190197873,94982.13037114023,177.0543826849303,"United Nations, World Population Prospects 2024"
South Africa,710,Africa,Southern Africa,2023,female,24,0.00196779,0.001965855804303425,0.9980341441956966,94805.07598845528,186.37310890933207,"United Nations, World Population Prospects 2024"
South Africa,710,Africa,Southern Africa,2023,female,25,0.0020894,0.0020872194818073557,0.9979127805181927,94618.70287954596,197.4899999935301,"United Nations, World Population Prospects 2024"
South Africa,710,Africa,Southern Africa,2023,female,26,0.00223373,0.0022312380083617913,0.9977687619916382,94421.21287955243,210.6761989724773,"United Nations, World Population Prospects 2024"
South Africa,710,Africa,Southern Africa,2023,female,27,0.00240222,0.002399338130977502,0.9976006618690225,94210.53668057996,226.0429329975701,"United Nations, World Population Prospects 2024"
South Africa,710,Africa,Southern Africa,2023,female,28,0.00259221,0.0025888545726441233,0.9974111454273559,93984.49374758238,243.31218639607167,"United Nations, World Population Prospects 2024"
South Africa,710,Africa,Southern Africa,2023,female,29,0.00279778,0.0027938716808443838,0.9972061283191557,93741.18156118631,261.90083249269014,"United Nations, World Population Prospects 2024"
South Africa,710,Africa,Southern Africa,2023,female,30,0.00300739,0.0030028745924896463,0.9969971254075104,93479.28072869363,280.70655702440115,"United Nations, World Population Prospects 2024"
South Africa,710,Africa,Southern Africa,2023,female,31,0.00320619,0.003201058399285397,0.9967989416007146,93198.57417166923,298.33407865364484,"United Nations, World Population Prospects 2024"
South Africa,710,Africa,Southern Africa,2023,female,32,0.00338325,0.0033775364748607132,0.9966224635251393,92900.24009301559,313.77394943747777,"United Nations, World Population Prospects 2024"
South Africa,710,Africa,Southern Africa,2023,female,33,0.00353143,0.003525205491785073,0.996474794508215,92586.4661435781,326.38631891431424,"United Nations, World Population Prospects 2024"
South Africa,710,Africa,Southern Africa,2023,female,34,0.00365836,0.0036516804192107876,0.9963483195807892,92260.0798246638,336.90432697054905,"United Nations, World Population Prospects 2024"
South Africa,710,Africa,Southern Africa,2023,female,35,0.00377958,0.0037724508600891125,0.9962275491399109,91923.17549769324,346.7756624683953,"United Nations, World Population Prospects 2024"
South Africa,710,Africa,Southern Africa,2023,female,36,0.00391711,0.003909453121042516,0.9960905468789575,91576.39983522486,358.01364214965713,"United Nations, World Population Prospects 2024"
South Africa,710,Africa,Southern Africa,2023,female,37,0.00409524,0.004086871639892724,0.9959131283601073,91218.3861930752,372.79783556926105,"United Nations, World Population Prospects 2024"
South Africa,710,Africa,Southern Africa,2023,female,38,0.00432602,0.004316682971565673,0.9956833170284344,90845.58835750593,392.1516043047106,"United Nations, World Population Prospects 2024"
South Africa,710,Africa,Southern Africa,2023,female,39,0.00461505,0.004604425173800825,0.9953955748261992,90453.43675320123,416.4860812432405,"United Nations, World Population Prospects 2024"
South Africa,710,Africa,Southern Africa,2023,female,40,0.00495045,0.004938226777624355,0.9950617732223757,90036.95067195798,444.62288078390606,"United Nations, World Population Prospects 2024"
South Africa,710,Africa,Southern Africa,2023,female,41,0.00530848,0.0052944273192322006,0.9947055726807678,89592.32779117407,474.34006785119834,"United Nations, World Population Prospects 2024"
South Africa,710,Africa,Southern Africa,2023,female,42,0.0056646,0.005648601466067657,0.9943513985339324,89117.98772332288,503.3919961069611,"United Nations, World Population Prospects 2024"
South Africa,710,Africa,Southern Africa,2023,female,43,0.00599385,0.005975940554354143,0.9940240594456459,88614.59572721593,529.555556313967,"United Nations, World Population Prospects 2024"
South Africa,710,Africa,Southern Africa,2023,female,44,0.00629043,0.0062707072774104795,0.9937292927225895,88085.04017090195,552.3555024306693,"United Nations, World Population Prospects 2024"
South Africa,710,Africa,Southern Africa,2023,female,45,0.00656212,0.0065406597030746305,0.9934593402969254,87532.68466847128,572.5215033130087,"United Nations, World Population Prospects 2024"
South Africa,710,Africa,Southern Africa,2023,female,46,0.00682961,0.006806367581949321,0.9931936324180507,86960.16316515827,591.8828354883567,"United Nations, World Population Prospects 2024"
South Africa,710,Africa,Southern Africa,2023,female,47,0.0071215,0.007096232091579908,0.99290376790842,86368.28032966993,612.8893625699734,"United Nations, World Population Prospects 2024"
South Africa,710,Africa,Southern Africa,2023,female,48,0.00745719,0.007429488446525727,0.9925705115534743,85755.39096709994,637.1186864173657,"United Nations, World Population Prospects 2024"
South Africa,710,Africa,Southern Africa,2023,female,49,0.0078502,0.00781950765052094,0.992180492349479,85118.27228068258,665.582981297922,"United Nations, World Population Prospects 2024"
South Africa,710,Africa,Southern Africa,2023,female,50,0.00830124,0.008266927126928426,0.9917330728730716,84452.68929938466,698.164228111141,"United Nations, World Population Prospects 2024"
South Africa,710,Africa,Southern Africa,2023,female,51,0.00880148,0.008762916682040678,0.9912370833179593,83754.52507127351,733.9339249434569,"United Nations, World Population Prospects 2024"
South Africa,710,Africa,Southern Africa,2023,female,52,0.00934181,0.009298378158965398,0.9907016218410346,83020.59114633006,771.9568514594315,"United Nations, World Population Prospects 2024"
South Africa,710,Africa,Southern Africa,2023,female,53,0.00991278,0.009863890710720292,0.9901361092892798,82248.63429487063,811.2915397906048,"United Nations, World Population Prospects 2024"
South Africa,710,Africa,Southern Africa,2023,female,54,0.01051426,0.010459274235637602,0.9895407257643624,81437.34275508003,851.7755008969971,"United Nations, World Population Prospects 2024"
South Africa,710,Africa,Southern Africa,2023,female,55,0.0111546,0.011092732503010959,0.9889072674969891,80585.56725418303,893.9141411540517,"United Nations, World Population Prospects 2024"
South Africa,710,Africa,Southern Africa,2023,female,56,0.01184843,0.01177865074060276,0.9882213492593972,79691.65311302898,938.660148959637,"United Nations, World Population Prospects 2024"
South Africa,710,Africa,Southern Africa,2023,female,57,0.01261632,0.012537233127474592,0.9874627668725254,78752.99296406933,987.3446322769034,"United Nations, World Population Prospects 2024"
South Africa,710,Africa,Southern Africa,2023,female,58,0.01347518,0.013384997375532585,0.9866150026244674,77765.64833179244,1040.8929988276318,"United Nations, World Population Prospects 2024"
South Africa,710,Africa,Southern Africa,2023,female,59,0.01443813,0.014334647249751972,0.985665352750248,76724.7553329648,1099.8223030215768,"United Nations, World Population Prospects 2024"
South Africa,710,Africa,Southern Africa,2023,female,60,0.01551162,0.015392240705613002,0.984607759294387,75624.93302994323,1164.0371725427494,"United Nations, World Population Prospects 2024"
South Africa,710,Africa,Southern Africa,2023,female,61,0.016694670000000002,0.016556467618372792,0.9834435323816272,74460.8958574005,1232.80941109808,"United Nations, World Population Prospects 2024"
South Africa,710,Africa,Southern Africa,2023,female,62,0.01798603,0.017825723005624575,0.9821742769943754,73228.0864463024,1305.343585223718,"United Nations, World Population Prospects 2024"
South Africa,710,Africa,Southern Africa,2023,female,63,0.01938457,0.01919849273682427,0.9808015072631757,71922.74286107869,1380.8082564308988,"United Nations, World Population Prospects 2024"
South Africa,710,Africa,Southern Africa,2023,female,64,0.02089465,0.020678613801070733,0.9793213861989293,70541.93460464779,1458.7094224698988,"United Nations, World Population Prospects 2024"
South Africa,710,Africa,Southern Africa,2023,female,65,0.02252786,0.022276934172862275,0.9777230658271377,69083.22518217789,1538.9624598323983,"United Nations, World Population Prospects 2024"
South Africa,710,Africa,Southern Africa,2023,female,66,0.0242986,0.02400693257407776,0.9759930674259223,67544.26272234549,1621.530560941142,"United Nations, World Population Prospects 2024"
South Africa,710,Africa,Southern Africa,2023,female,67,0.02622411,0.025884708281355907,0.9741152917186441,65922.73216140435,1706.3906911079105,"United Nations, World Population Prospects 2024"
South Africa,710,Africa,Southern Africa,2023,female,68,0.02831523,0.027919950095725506,0.9720800499042745,64216.341470296444,1792.917049180745,"United Nations, World Population Prospects 2024"
South Africa,710,Africa,Southern Africa,2023,female,69,0.03057206,0.03011177057168806,0.969888229428312,62423.424421115706,1879.6798344677456,"United Nations, World Population Prospects 2024"
South Africa,710,Africa,Southern Africa,2023,female,70,0.03298552,0.0324503245847024,0.9675496754152976,60543.74458664796,1964.6641634100451,"United Nations, World Population Prospects 2024"
South Africa,710,Africa,Southern Africa,2023,female,71,0.03553526,0.03491490488845671,0.9650850951115433,58579.08042323791,2045.283021430608,"United Nations, World Population Prospects 2024"
South Africa,710,Africa,Southern Africa,2023,female,72,0.03821192,0.03749553186795218,0.9625044681320478,56533.79740180731,2119.764802095818,"United Nations, World Population Prospects 2024"
South Africa,710,Africa,Southern Africa,2023,female,73,0.04102815,0.04020341414693374,0.9597965858530663,54414.032599711485,2187.629888010955,"United Nations, World Population Prospects 2024"
South Africa,710,Africa,Southern Africa,2023,female,74,0.04403018,0.04308173179713032,0.9569182682028696,52226.402711700524,2250.0038743544014,"United Nations, World Population Prospects 2024"
South Africa,710,Africa,Southern Africa,2023,female,75,0.04731465,0.04622118051077297,0.953778819489227,49976.398837346125,2309.96815193936,"United Nations, World Population Prospects 2024"
South Africa,710,Africa,Southern Africa,2023,female,76,0.05099842,0.049730335725953416,0.9502696642740466,47666.43068540677,2370.4676008431666,"United Nations, World Population Prospects 2024"
South Africa,710,Africa,Southern Africa,2023,female,77,0.05521615,0.05373269376070249,0.9462673062392976,45295.9630845636,2433.874113018941,"United Nations, World Population Prospects 2024"
South Africa,710,Africa,Southern Africa,2023,female,78,0.0600852,0.05833273303453663,0.9416672669654633,42862.08897154466,2500.2627932796713,"United Nations, World Population Prospects 2024"
South Africa,710,Africa,Southern Africa,2023,female,79,0.06566784,0.06358025112110958,0.9364197488788905,40361.826178264986,2566.2150441206627,"United Nations, World Population Prospects 2024"
South Africa,710,Africa,Southern Africa,2023,female,80,0.0719811,0.06948046002929274,0.9305195399707072,37795.611134144325,2626.0564486886065,"United Nations, World Population Prospects 2024"
South Africa,710,Africa,Southern Africa,2023,female,81,0.07895599,0.07595734626397743,0.9240426537360226,35169.55468545572,2671.3860431930498,"United Nations, World Population Prospects 2024"
South Africa,710,Africa,Southern Africa,2023,female,82,0.08649262,0.08290718996168796,0.917092810038312,32498.16864226267,2694.331841031042,"United Nations, World Population Prospects 2024"
South Africa,710,Africa,Southern Africa,2023,female,83,0.09448322,0.09022103313866607,0.909778966861334,29803.836801231624,2688.932947703314,"United Nations, World Population Prospects 2024"
South Africa,710,Africa,Southern Africa,2023,female,84,0.10282807,0.09779978826324112,0.9022002117367589,27114.903853528314,2651.83185565321,"United Nations, World Population Prospects 2024"
South Africa,710,Africa,Southern Africa,2023,female,85,0.11149055,0.10560364572789586,0.8943963542721042,24463.071997875104,2583.389588679612,"United Nations, World Population Prospects 2024"
South Africa,710,Africa,Southern Africa,2023,female,86,0.12049526,0.11364822385879796,0.8863517761412021,21879.682409195495,2486.587044399653,"United Nations, World Population Prospects 2024"
South Africa,710,Africa,Southern Africa,2023,female,87,0.1299962,0.12206237738827892,0.877937622611721,19393.09536479584,2367.1673251445927,"United Nations, World Population Prospects 2024"
South Africa,710,Africa,Southern Africa,2023,female,88,0.14026977,0.1310767193614102,0.8689232806385898,17025.928039651248,2231.7027915209314,"United Nations, World Population Prospects 2024"
South Africa,710,Africa,Southern Africa,2023,female,89,0.15179796,0.1410894171495543,0.8589105828504457,14794.225248130317,2087.308617437927,"United Nations, World Population Prospects 2024"
South Africa,710,Africa,Southern Africa,2023,female,90,0.16517375,0.15257320573002514,0.8474267942699749,12706.91663069239,1938.735005288908,"United Nations, World Population Prospects 2024"
South Africa,710,Africa,Southern Africa,2023,female,91,0.1810563,0.16602625067495966,0.8339737493250403,10768.181625403484,1787.8008218527334,"United Nations, World Population Prospects 2024"
South Africa,710,Africa,Southern Africa,2023,female,92,0.19997943,0.18180118165923034,0.8181988183407697,8980.38080355075,1632.6438418353948,"United Nations, World Population Prospects 2024"
South Africa,710,Africa,Southern Africa,2023,female,93,0.22182221,0.19967593176593548,0.8003240682340645,7347.736961715355,1467.1662242015175,"United Nations, World Population Prospects 2024"
South Africa,710,Africa,Southern Africa,2023,female,94,0.24587552,0.21895738905422507,0.7810426109457749,5880.570737513838,1287.5944148347087,"United Nations, World Population Prospects 2024"
South Africa,710,Africa,Southern Africa,2023,female,95,0.26004184,0.23012126182584303,0.769878738174157,4592.976322679128,1056.9415069111415,"United Nations, World Population Prospects 2024"
South Africa,710,Africa,Southern Africa,2023,female,96,0.28116301,0.24650847727010966,0.7534915227298904,3536.0348157679878,871.6625580090595,"United Nations, World Population Prospects 2024"
South Africa,710,Africa,Southern Africa,2023,female,97,0.30329741,0.263359311466425,0.736640688533575,2664.3722577589283,701.6872432936356,"United Nations, World Population Prospects 2024"
South Africa,710,Africa,Southern Africa,2023,female,98,0.3263849,0.28059406678576704,0.719405933214233,1962.6850144652926,550.7177700282984,"United Nations, World Population Prospects 2024"
South Africa,710,Africa,Southern Africa,2023,female,99,0.35034827,0.29812455836598206,0.7018754416340179,1411.9672444369942,420.9421111750115,"United Nations, World Population Prospects 2024"
South Africa,710,Africa,Southern Africa,2023,female,100,0.41815291,1,0,991.0251332619825,991.0251332619825,"United Nations, World Population Prospects 2024"
South Africa,710,Africa,Southern Africa,2023,male,0,0.03072629,0.03026138003068843,0.9697386199693115,100000,3026.138003068843,"United Nations, World Population Prospects 2024"
South Africa,710,Africa,Southern Africa,2023,male,1,0.00463031,0.004619614875522859,0.9953803851244771,96973.86199693115,447.981895417924,"United Nations, World Population Prospects 2024"
South Africa,710,Africa,Southern Africa,2023,male,2,0.00293022,0.0029259331860298156,0.9970740668139702,96525.88010151323,282.4282758997526,"United Nations, World Population Prospects 2024"
South Africa,710,Africa,Southern Africa,2023,male,3,0.00188578,0.0018840035918532777,0.9981159964081467,96243.45182561346,181.32300893181366,"United Nations, World Population Prospects 2024"
South Africa,710,Africa,Southern Africa,2023,male,4,0.00125449,0.0012537036206724513,0.9987462963793275,96062.12881668165,120.4334387069772,"United Nations, World Population Prospects 2024"
South Africa,710,Africa,Southern Africa,2023,male,5,8.7782e-4,8.774348850546006e-4,0.9991225651149453,95941.69537797468,84.18259045591672,"United Nations, World Population Prospects 2024"
South Africa,710,Africa,Southern Africa,2023,male,6,6.5748e-4,6.572639310553048e-4,0.9993427360689447,95857.51278751876,63.003685675908734,"United Nations, World Population Prospects 2024"
South Africa,710,Africa,Southern Africa,2023,male,7,5.3434e-4,5.341972785130997e-4,0.9994658027214869,95794.50910184286,51.17316605870281,"United Nations, World Population Prospects 2024"
South Africa,710,Africa,Southern Africa,2023,male,8,4.7283e-4,4.7271824231674264e-4,0.9995272817576832,95743.33593578415,45.259621477105306,"United Nations, World Population Prospects 2024"
South Africa,710,Africa,Southern Africa,2023,male,9,4.5518e-4,4.5507642915548855e-4,0.9995449235708445,95698.07631430705,43.54993884616429,"United Nations, World Population Prospects 2024"
South Africa,710,Africa,Southern Africa,2023,male,10,4.7244e-4,4.7232842657907355e-4,0.9995276715734209,95654.526375460875,45.180351938087924,"United Nations, World Population Prospects 2024"
South Africa,710,Africa,Southern Africa,2023,male,11,5.2271e-4,5.225734228230781e-4,0.999477426577177,95609.34602352278,49.96290320538835,"United Nations, World Population Prospects 2024"
South Africa,710,Africa,Southern Africa,2023,male,12,0.00060796000000000005,6.077752484799671e-4,0.99939222475152,95559.3831203174,58.07862782054329,"United Nations, World Population Prospects 2024"
South Africa,710,Africa,Southern Africa,2023,male,13,7.3294e-4,7.326714978761734e-4,0.9992673285021239,95501.30449249686,69.9710838116462,"United Nations, World Population Prospects 2024"
South Africa,710,Africa,Southern Africa,2023,male,14,9.0359e-4,9.031819469122947e-4,0.9990968180530877,95431.33340868521,86.19185750449263,"United Nations, World Population Prospects 2024"
South Africa,710,Africa,Southern Africa,2023,male,15,0.00112447,0.0011238381388639957,0.998876161861136,95345.14155118073,107.15250643060317,"United Nations, World Population Prospects 2024"
South Africa,710,Africa,Southern Africa,2023,male,16,0.00139713,0.0013961546951953509,0.9986038453048046,95237.98904475012,132.96696556579127,"United Nations, World Population Prospects 2024"
South Africa,710,Africa,Southern Africa,2023,male,17,0.00171645,0.0017149781628661741,0.9982850218371339,95105.02207918433,163.10303604470647,"United Nations, World Population Prospects 2024"
South Africa,710,Africa,Southern Africa,2023,male,18,0.0020726,0.002070454388117594,0.9979295456118824,94941.91904313963,196.5729128991738,"United Nations, World Population Prospects 2024"
South Africa,710,Africa,Southern Africa,2023,male,19,0.00244904,0.0024460447692591465,0.9975539552307409,94745.34613024045,231.75135831352196,"United Nations, World Population Prospects 2024"
South Africa,710,Africa,Southern Africa,2023,male,20,0.00283105,0.002827048242536483,0.9971729517574636,94513.59477192693,267.1944919957814,"United Nations, World Population Prospects 2024"
South Africa,710,Africa,Southern Africa,2023,male,21,0.00320639,0.0032012577595661525,0.9967987422404339,94246.40027993116,301.7070202073072,"United Nations, World Population Prospects 2024"
South Africa,710,Africa,Southern Africa,2023,male,22,0.00356824,0.003561885169431514,0.9964381148305684,93944.69325972385,334.6202096686031,"United Nations, World Population Prospects 2024"
South Africa,710,Africa,Southern Africa,2023,male,23,0.00391555,0.0039078992126190155,0.996092100787381,93610.07305005525,365.81873076551943,"United Nations, World Population Prospects 2024"
South Africa,710,Africa,Southern Africa,2023,male,24,0.00425036,0.0042413463755096945,0.9957586536244903,93244.25431928973,395.48118009422365,"United Nations, World Population Prospects 2024"
South Africa,710,Africa,Southern Africa,2023,male,25,0.00457712,0.004566668904212575,0.9954333310957875,92848.7731391955,424.0096050890519,"United Nations, World Population Prospects 2024"
South Africa,710,Africa,Southern Africa,2023,male,26,0.0048999,0.004887924828566254,0.9951120751714337,92424.76353410645,451.7652964527238,"United Nations, World Population Prospects 2024"
South Africa,710,Africa,Southern Africa,2023,male,27,0.00522239,0.0052087888366337265,0.9947912111633663,91972.99823765372,479.0679264920241,"United Nations, World Population Prospects 2024"
South Africa,710,Africa,Southern Africa,2023,male,28,0.00554229,0.0055269739537628995,0.9944730260462371,91493.9303111617,505.6845697571886,"United Nations, World Population Prospects 2024"
South Africa,710,Africa,Southern Africa,2023,male,29,0.00585241,0.0058353346146738675,0.9941646653853261,90988.24574140452,530.9468599032699,"United Nations, World Population Prospects 2024"
South Africa,710,Africa,Southern Africa,2023,male,30,0.00613889,0.0061201046753049096,0.9938798953246951,90457.29888150125,553.6081378001294,"United Nations, World Population Prospects 2024"
South Africa,710,Africa,Southern Africa,2023,male,31,0.00638294,0.006362633844962817,0.9936373661550372,89903.69074370113,572.0242655129431,"United Nations, World Population Prospects 2024"
South Africa,710,Africa,Southern Africa,2023,male,32,0.00657221,0.006550683765325346,0.9934493162346747,89331.66647818817,585.1834973281257,"United Nations, World Population Prospects 2024"
South Africa,710,Africa,Southern Africa,2023,male,33,0.00670123,0.006678851739179928,0.9933211482608201,88746.48298086005,592.724602202819,"United Nations, World Population Prospects 2024"
South Africa,710,Africa,Southern Africa,2023,male,34,0.00677907,0.006756169726246946,0.9932438302737531,88153.75837865724,595.581753612772,"United Nations, World Population Prospects 2024"
South Africa,710,Africa,Southern Africa,2023,male,35,0.00682705,0.006803824973357819,0.9931961750266421,87558.17662504446,595.7305087431523,"United Nations, World Population Prospects 2024"
South Africa,710,Africa,Southern Africa,2023,male,36,0.00687024,0.006846720692813701,0.9931532793071863,86962.4461163013,595.4075793221766,"United Nations, World Population Prospects 2024"
South Africa,710,Africa,Southern Africa,2023,male,37,0.00693599,0.006912019152140472,0.9930879808478595,86367.03853697913,596.970624481254,"United Nations, World Population Prospects 2024"
South Africa,710,Africa,Southern Africa,2023,male,38,0.00704395,0.007019228452869705,0.9929807715471303,85770.06791249788,602.039701095972,"United Nations, World Population Prospects 2024"
South Africa,710,Africa,Southern Africa,2023,male,39,0.00720662,0.007180745547760301,0.9928192544522397,85168.02821140192,611.569939390548,"United Nations, World Population Prospects 2024"
South Africa,710,Africa,Southern Africa,2023,male,40,0.0074306,0.007403095280105822,0.9925969047198941,84556.45827201135,625.9795171359922,"United Nations, World Population Prospects 2024"
South Africa,710,Africa,Southern Africa,2023,male,41,0.00771599,0.00768633615355128,0.9923136638464487,83930.47875487537,645.1178732384661,"United Nations, World Population Prospects 2024"
South Africa,710,Africa,Southern Africa,2023,male,42,0.00806282,0.008030445979772684,0.9919695540202274,83285.36088163691,668.8185914658583,"United Nations, World Population Prospects 2024"
South Africa,710,Africa,Southern Africa,2023,male,43,0.008471,0.008435272403733984,0.991564727596266,82616.54229017104,696.8930392722015,"United Nations, World Population Prospects 2024"
South Africa,710,Africa,Southern Africa,2023,male,44,0.00894215,0.008902346939158997,0.991097653060841,81919.64925089884,729.277138765718,"United Nations, World Population Prospects 2024"
South Africa,710,Africa,Southern Africa,2023,male,45,0.00948031,0.009435583869940981,0.990564416130059,81190.37211213312,766.0785654957493,"United Nations, World Population Prospects 2024"
South Africa,710,Africa,Southern Africa,2023,male,46,0.01008958,0.010038935677682586,0.9899610643223175,80424.29354663737,807.3743098377553,"United Nations, World Population Prospects 2024"
South Africa,710,Africa,Southern Africa,2023,male,47,0.01077341,0.010715687751212108,0.9892843122487879,79616.91923679961,853.1500462550173,"United Nations, World Population Prospects 2024"
South Africa,710,Africa,Southern Africa,2023,male,48,0.01153196,0.011465848148890461,0.9885341518511095,78763.7691905446,903.0934171730413,"United Nations, World Population Prospects 2024"
South Africa,710,Africa,Southern Africa,2023,male,49,0.01235889,0.012282987951517934,0.9877170120484821,77860.67577337156,956.3617424213672,"United Nations, World Population Prospects 2024"
South Africa,710,Africa,Southern Africa,2023,male,50,0.0132436,0.013156480417968297,0.9868435195820318,76904.31403095018,1011.7901016054806,"United Nations, World Population Prospects 2024"
South Africa,710,Africa,Southern Africa,2023,male,51,0.01417035,0.014070656933262869,0.9859293430667372,75892.52392934471,1067.8576680092524,"United Nations, World Population Prospects 2024"
South Africa,710,Africa,Southern Africa,2023,male,52,0.01512627,0.015012726721090287,0.9849872732789097,74824.66626133546,1123.3222665782137,"United Nations, World Population Prospects 2024"
South Africa,710,Africa,Southern Africa,2023,male,53,0.01611223,0.015983465364921675,0.9840165346350783,73701.34399475723,1178.0028790883803,"United Nations, World Population Prospects 2024"
South Africa,710,Africa,Southern Africa,2023,male,54,0.0171413,0.01699563634932268,0.9830043636506773,72523.34111566887,1232.5803324397898,"United Nations, World Population Prospects 2024"
South Africa,710,Africa,Southern Africa,2023,male,55,0.01825265,0.018087576894795603,0.9819124231052044,71290.76078322908,1289.4771175551348,"United Nations, World Population Prospects 2024"
South Africa,710,Africa,Southern Africa,2023,male,56,0.01949403,0.01930585553649792,0.9806941444635021,70001.28366567394,1351.4346698189127,"United Nations, World Population Prospects 2024"
South Africa,710,Africa,Southern Africa,2023,male,57,0.02091276,0.02069635108840621,0.9793036489115938,68649.84899585503,1420.8013769842864,"United Nations, World Population Prospects 2024"
South Africa,710,Africa,Southern Africa,2023,male,58,0.02254968,0.02229827056707947,0.9777017294329206,67229.04761887075,1499.0914937726498,"United Nations, World Population Prospects 2024"
South Africa,710,Africa,Southern Africa,2023,male,59,0.02440562,0.024111393249342986,0.975888606750657,65729.9561250981,1584.840820394301,"United Nations, World Population Prospects 2024"
South Africa,710,Africa,Southern Africa,2023,male,60,0.02645961,0.026114125215651353,0.9738858747843486,64145.1153047038,1675.093573039429,"United Nations, World Population Prospects 2024"
South Africa,710,Africa,Southern Africa,2023,male,61,0.02865214,0.028247464841360134,0.9717525351586399,62470.02173166437,1764.6197425041928,"United Nations, World Population Prospects 2024"
South Africa,710,Africa,Southern Africa,2023,male,62,0.03091003,0.030439585745706328,0.9695604142542936,60705.40198916018,1847.8472890766127,"United Nations, World Population Prospects 2024"
South Africa,710,Africa,Southern Africa,2023,male,63,0.03319802,0.032655963337993026,0.967344036662007,58857.55470008357,1922.0501484498482,"United Nations, World Population Prospects 2024"
South Africa,710,Africa,Southern Africa,2023,male,64,0.03550559,0.034886261353868346,0.9651137386461317,56935.50455163372,1986.2668921026548,"United Nations, World Population Prospects 2024"
South Africa,710,Africa,Southern Africa,2023,male,65,0.03789951,0.037194679928059846,0.9628053200719402,54949.23765953107,2043.8193070371506,"United Nations, World Population Prospects 2024"
South Africa,710,Africa,Southern Africa,2023,male,66,0.04047863,0.0396756225768461,0.9603243774231539,52905.418352493914,2099.0554108236956,"United Nations, World Population Prospects 2024"
South Africa,710,Africa,Southern Africa,2023,male,67,0.04332485,0.04240622826076823,0.9575937717392318,50806.362941670224,2154.5062240039038,"United Nations, World Population Prospects 2024"
South Africa,710,Africa,Southern Africa,2023,male,68,0.04650293,0.045446238378950184,0.9545537616210498,48651.85671766632,2211.0438779695924,"United Nations, World Population Prospects 2024"
South Africa,710,Africa,Southern Africa,2023,male,69,0.04995775,0.048740272817817835,0.9512597271821822,46440.81283969672,2263.537887688036,"United Nations, World Population Prospects 2024"
South Africa,710,Africa,Southern Africa,2023,male,70,0.05356233,0.052165282950043204,0.9478347170499568,44177.27495200869,2304.5200478333895,"United Nations, World Population Prospects 2024"
South Africa,710,Africa,Southern Africa,2023,male,71,0.05713265,0.05554590755243713,0.9444540924475628,41872.7549041753,2325.8601728731796,"United Nations, World Population Prospects 2024"
South Africa,710,Africa,Southern Africa,2023,male,72,0.06046492,0.05869055999264477,0.9413094400073553,39546.89473130212,2321.0293977502943,"United Nations, World Population Prospects 2024"
South Africa,710,Africa,Southern Africa,2023,male,73,0.06354373,0.061586996268792424,0.9384130037312076,37225.865333551825,2292.6292294000255,"United Nations, World Population Prospects 2024"
South Africa,710,Africa,Southern Africa,2023,male,74,0.06648455,0.06434555728955244,0.9356544427104476,34933.2361041518,2247.7985450491615,"United Nations, World Population Prospects 2024"
South Africa,710,Africa,Southern Africa,2023,male,75,0.06962396,0.0672817490961015,0.9327182509038985,32685.437559102644,2199.1334089478364,"United Nations, World Population Prospects 2024"
South Africa,710,Africa,Southern Africa,2023,male,76,0.07343372,0.07083295626155824,0.9291670437384417,30486.304150154807,2159.4350484444767,"United Nations, World Population Prospects 2024"
South Africa,710,Africa,Southern Africa,2023,male,77,0.07829415,0.0753446281894216,0.9246553718105784,28326.869101710327,2134.2774202387795,"United Nations, World Population Prospects 2024"
South Africa,710,Africa,Southern Africa,2023,male,78,0.08454813,0.08111890417229177,0.9188810958277083,26192.59168147155,2124.7143346332573,"United Nations, World Population Prospects 2024"
South Africa,710,Africa,Southern Africa,2023,male,79,0.09224612,0.08817903316269503,0.911820966837305,24067.877346838297,2122.282154722531,"United Nations, World Population Prospects 2024"
South Africa,710,Africa,Southern Africa,2023,male,80,0.10117909,0.09630696448630659,0.9036930355136934,21945.595192115765,2113.5136567979534,"United Nations, World Population Prospects 2024"
South Africa,710,Africa,Southern Africa,2023,male,81,0.11092228,0.10509366550435006,0.8949063344956499,19832.08153531781,2084.2261431276875,"United Nations, World Population Prospects 2024"
South Africa,710,Africa,Southern Africa,2023,male,82,0.12081608,0.11393357598458043,0.8860664240154196,17747.855392190122,2022.0766308894388,"United Nations, World Population Prospects 2024"
South Africa,710,Africa,Southern Africa,2023,male,83,0.13038526,0.12240533432905933,0.8775946656709407,15725.778761300686,1924.9192068618308,"United Nations, World Population Prospects 2024"
South Africa,710,Africa,Southern Africa,2023,male,84,0.1393834,0.13030240395433562,0.8696975960456643,13800.859554438855,1798.285176579544,"United Nations, World Population Prospects 2024"
South Africa,710,Africa,Southern Africa,2023,male,85,0.14792798,0.13774016761958657,0.8622598323804134,12002.574377859308,1653.2366066728962,"United Nations, World Population Prospects 2024"
South Africa,710,Africa,Southern Africa,2023,male,86,0.15651072,0.1451518126466814,0.8548481873533186,10349.337771186412,1502.2251371804732,"United Nations, World Population Prospects 2024"
South Africa,710,Africa,Southern Africa,2023,male,87,0.1657003,0.15302237340965413,0.8469776265903459,8847.112634005938,1353.8061730781253,"United Nations, World Population Prospects 2024"
South Africa,710,Africa,Southern Africa,2023,male,88,0.17613086,0.16187524678548054,0.8381247532145195,7493.3064609278135,1212.9808326019256,"United Nations, World Population Prospects 2024"
South Africa,710,Africa,Southern Africa,2023,male,89,0.18837389,0.17215878041754556,0.8278412195824545,6280.325628325888,1081.2132007976404,"United Nations, World Population Prospects 2024"
South Africa,710,Africa,Southern Africa,2023,male,90,0.20291671,0.18422549439011698,0.8157745056098831,5199.112427528248,957.8090573511928,"United Nations, World Population Prospects 2024"
South Africa,710,Africa,Southern Africa,2023,male,91,0.22006514,0.19825106573224244,0.8017489342677575,4241.3033701770555,840.8429132313528,"United Nations, World Population Prospects 2024"
South Africa,710,Africa,Southern Africa,2023,male,92,0.23982728,0.21414801234138017,0.7858519876586199,3400.4604569457024,728.2018479003835,"United Nations, World Population Prospects 2024"
South Africa,710,Africa,Southern Africa,2023,male,93,0.26175925,0.2314651747306881,0.7685348252693119,2672.258609045319,618.5348058682603,"United Nations, World Population Prospects 2024"
South Africa,710,Africa,Southern Africa,2023,male,94,0.2847055,0.24922730741445673,0.7507726925855432,2053.723803177059,511.8440536387961,"United Nations, World Population Prospects 2024"
South Africa,710,Africa,Southern Africa,2023,male,95,0.29759381,0.25904823446577796,0.740951765534222,1541.8797495382628,399.4212268764229,"United Nations, World Population Prospects 2024"
South Africa,710,Africa,Southern Africa,2023,male,96,0.31763894,0.27410562924007476,0.7258943707599252,1142.4585226618399,313.1543122349098,"United Nations, World Population Prospects 2024"
South Africa,710,Africa,Southern Africa,2023,male,97,0.33838419,0.28941710386777797,0.710582896132222,829.30421042693,240.0148228071164,"United Nations, World Population Prospects 2024"
South Africa,710,Africa,Southern Africa,2023,male,98,0.35977035,0.30491979865752616,0.6950802013424738,589.2893876198136,179.68600142405046,"United Nations, World Population Prospects 2024"
South Africa,710,Africa,Southern Africa,2023,male,99,0.38172862,0.32054753576417117,0.6794524642358288,409.60338619576316,131.297356085712,"United Nations, World Population Prospects 2024"
South Africa,710,Africa,Southern Africa,2023,male,100,0.4408096,1,0,278.30603011005115,278.30603011005115,"United Nations, World Population Prospects 2024"
Sweden,752,Europe,Northern Europe,2023,both,0,0.00186377,0.0018620347977025432,0.9981379652022975,100000,186.20347977025432,"United Nations, World Population Prospects 2024"
Sweden,752,Europe,Northern Europe,2023,both,1,1.9357e-4,1.935512671406098e-4,0.9998064487328594,99813.79652022975,19.319086794605457,"United Nations, World Population Prospects 2024"
Sweden,752,Europe,Northern Europe,2023,both,2,6.309e-5,6.308800988872806e-5,0.9999369119901113,99794.47743343515,6.295834979161007,"United Nations, World Population Prospects 2024"
Sweden,752,Europe,Northern Europe,2023,both,3,1.1712e-4,1.1711314185441301e-4,0.9998828868581456,99788.18159845598,11.686507466933902,"United Nations, World Population Prospects 2024"
Sweden,752,Europe,Northern Europe,2023,both,4,1.2036e-4,1.2035275717107346e-4,0.999879647242829,99776.49509098905,12.008376285066607,"United Nations, World Population Prospects 2024"
Sweden,752,Europe,Northern Europe,2023,both,5,9.863e-5,9.862513630140328e-5,0.9999013748636986,99764.48671470399,9.839286100277217,"United Nations, World Population Prospects 2024"
Sweden,752,Europe,Northern Europe,2023,both,6,5.16e-5,5.159866875434614e-5,0.9999484013312456,99754.6474286037,5.1472070093751094,"United Nations, World Population Prospects 2024"
Sweden,752,Europe,Northern Europe,2023,both,7,3.494e-5,3.4939389608863535e-5,0.9999650606103911,99749.50022159434,3.4851866515317043,"United Nations, World Population Prospects 2024"
Sweden,752,Europe,Northern Europe,2023,both,8,5.391e-5,5.390854689511844e-5,0.9999460914531049,99746.0150349428,5.377162729112403,"United Nations, World Population Prospects 2024"
Sweden,752,Europe,Northern Europe,2023,both,9,2.804e-5,2.8039606884711475e-5,0.9999719603931153,99740.63787221369,2.796688276367237,"United Nations, World Population Prospects 2024"
Sweden,752,Europe,Northern Europe,2023,both,10,5.731e-5,5.730835782900641e-5,0.999942691642171,99737.84118393731,5.715811891661692,"United Nations, World Population Prospects 2024"
Sweden,752,Europe,Northern Europe,2023,both,11,6.11e-5,6.109813345202304e-5,0.999938901866548,99732.12537204566,6.093446705435138,"United Nations, World Population Prospects 2024"
Sweden,752,Europe,Northern Europe,2023,both,12,5.605e-5,5.6048429242770474e-5,0.9999439515707572,99726.03192534021,5.5894874440297,"United Nations, World Population Prospects 2024"
Sweden,752,Europe,Northern Europe,2023,both,13,6.151e-5,6.150810831812867e-5,0.9999384918916818,99720.4424378962,6.133615775001835,"United Nations, World Population Prospects 2024"
Sweden,752,Europe,Northern Europe,2023,both,14,8.678e-5,8.677623477917293e-5,0.9999132237652208,99714.3088221212,8.652832273191343,"United Nations, World Population Prospects 2024"
Sweden,752,Europe,Northern Europe,2023,both,15,1.4213e-4,1.4211990024928878e-4,0.9998578800997507,99705.65598984799,14.170157883567098,"United Nations, World Population Prospects 2024"
Sweden,752,Europe,Northern Europe,2023,both,16,1.7537e-4,1.7535462402979194e-4,0.9998246453759702,99691.48583196443,17.481363017035452,"United Nations, World Population Prospects 2024"
Sweden,752,Europe,Northern Europe,2023,both,17,1.871e-4,1.8708249843227165e-4,0.9998129175015678,99674.0044689474,18.64726178480009,"United Nations, World Population Prospects 2024"
Sweden,752,Europe,Northern Europe,2023,both,18,3.2749e-4,3.274363839293135e-4,0.9996725636160707,99655.3572071626,32.63078980309737,"United Nations, World Population Prospects 2024"
Sweden,752,Europe,Northern Europe,2023,both,19,3.598e-4,3.5973528362247633e-4,0.9996402647163776,99622.7264173595,35.83780974299319,"United Nations, World Population Prospects 2024"
Sweden,752,Europe,Northern Europe,2023,both,20,4.9643e-4,4.963068092053531e-4,0.9995036931907947,99586.8886076165,49.42565092353507,"United Nations, World Population Prospects 2024"
Sweden,752,Europe,Northern Europe,2023,both,21,4.6765e-4,4.6754067730113007e-4,0.9995324593226989,99537.46295669298,46.53781284760838,"United Nations, World Population Prospects 2024"
Sweden,752,Europe,Northern Europe,2023,both,22,3.5402e-4,3.539573460101827e-4,0.9996460426539898,99490.92514384536,35.21554381601326,"United Nations, World Population Prospects 2024"
Sweden,752,Europe,Northern Europe,2023,both,23,3.5379e-4,0.00035372742738673236,0.9996462725726133,99455.70960002935,35.180212295740326,"United Nations, World Population Prospects 2024"
Sweden,752,Europe,Northern Europe,2023,both,24,5.5533e-4,5.551758470984155e-4,0.9994448241529016,99420.52938773361,55.19587662180792,"United Nations, World Population Prospects 2024"
Sweden,752,Europe,Northern Europe,2023,both,25,5.3532e-4,5.351767545898666e-4,0.9994648232454101,99365.3335111118,53.17801670721653,"United Nations, World Population Prospects 2024"
Sweden,752,Europe,Northern Europe,2023,both,26,4.1392e-4,4.138343528423357e-4,0.9995861656471576,99312.1554944046,41.098781598404344,"United Nations, World Population Prospects 2024"
Sweden,752,Europe,Northern Europe,2023,both,27,3.4287e-4,3.428112301567581e-4,0.9996571887698432,99271.05671280618,34.03123307067839,"United Nations, World Population Prospects 2024"
Sweden,752,Europe,Northern Europe,2023,both,28,4.7131e-4,4.711989596091733e-4,0.9995288010403909,99237.0254797355,46.76038316076039,"United Nations, World Population Prospects 2024"
Sweden,752,Europe,Northern Europe,2023,both,29,3.5543e-4,3.553668459809665e-4,0.9996446331540191,99190.26509657475,35.24893165938572,"United Nations, World Population Prospects 2024"
Sweden,752,Europe,Northern Europe,2023,both,30,4.1702e-4,4.169330652865571e-4,0.9995830669347134,99155.01616491536,41.34100482817628,"United Nations, World Population Prospects 2024"
Sweden,752,Europe,Northern Europe,2023,both,31,4.9732e-4,4.971963671513441e-4,0.9995028036328486,99113.6751600872,49.27895922461377,"United Nations, World Population Prospects 2024"
Sweden,752,Europe,Northern Europe,2023,both,32,6.1487e-4,6.146810255389134e-4,0.999385318974461,99064.39620086257,60.893004651139435,"United Nations, World Population Prospects 2024"
Sweden,752,Europe,Northern Europe,2023,both,33,3.1188e-4,3.1183137301569195e-4,0.9996881686269843,99003.50319621143,30.872398335038056,"United Nations, World Population Prospects 2024"
Sweden,752,Europe,Northern Europe,2023,both,34,5.5466e-4,5.545062187903428e-4,0.9994454937812096,98972.63079787638,54.88093926746306,"United Nations, World Population Prospects 2024"
Sweden,752,Europe,Northern Europe,2023,both,35,6.2584e-4,6.256442234096107e-4,0.9993743557765904,98917.74985860892,61.8873187917155,"United Nations, World Population Prospects 2024"
Sweden,752,Europe,Northern Europe,2023,both,36,6.0613e-4,6.0594635886675e-4,0.9993940536411332,98855.8625398172,59.901349958634185,"United Nations, World Population Prospects 2024"
Sweden,752,Europe,Northern Europe,2023,both,37,7.0869e-4,7.084389681938153e-4,0.9992915610318062,98795.96118985856,69.99090880705961,"United Nations, World Population Prospects 2024"
Sweden,752,Europe,Northern Europe,2023,both,38,6.0619e-4,6.060063225136777e-4,0.9993939936774863,98725.9702810515,59.82856218661466,"United Nations, World Population Prospects 2024"
Sweden,752,Europe,Northern Europe,2023,both,39,6.7356e-4,6.733332348331729e-4,0.9993266667651668,98666.14171886489,66.43519237207157,"United Nations, World Population Prospects 2024"
Sweden,752,Europe,Northern Europe,2023,both,40,7.8259e-4,7.822838962228274e-4,0.9992177161037772,98599.70652649281,77.13296258797214,"United Nations, World Population Prospects 2024"
Sweden,752,Europe,Northern Europe,2023,both,41,6.902e-4,6.899618941503287e-4,0.9993100381058496,98522.57356390484,67.97682147271688,"United Nations, World Population Prospects 2024"
Sweden,752,Europe,Northern Europe,2023,both,42,7.9855e-4,7.982312862032013e-4,0.9992017687137968,98454.59674243211,78.5895393903291,"United Nations, World Population Prospects 2024"
Sweden,752,Europe,Northern Europe,2023,both,43,8.5139e-4,8.51027721753988e-4,0.9991489722782461,98376.0072030418,83.72070928525858,"United Nations, World Population Prospects 2024"
Sweden,752,Europe,Northern Europe,2023,both,44,9.2075e-4,9.20326304777438e-4,0.9990796736952225,98292.28649375653,90.46097681692423,"United Nations, World Population Prospects 2024"
Sweden,752,Europe,Northern Europe,2023,both,45,0.00103715,0.0010366124387045986,0.9989633875612954,98201.82551693961,101.79723383435825,"United Nations, World Population Prospects 2024"
Sweden,752,Europe,Northern Europe,2023,both,46,0.0011335,0.001132857952755276,0.9988671420472447,98100.02828310526,111.13339720603331,"United Nations, World Population Prospects 2024"
Sweden,752,Europe,Northern Europe,2023,both,47,0.00112639,0.0011257559798609222,0.998874244020139,97988.89488589921,110.31158437776438,"United Nations, World Population Prospects 2024"
Sweden,752,Europe,Northern Europe,2023,both,48,0.00126732,0.001266517458547217,0.9987334825414528,97878.58330152144,123.964934569245,"United Nations, World Population Prospects 2024"
Sweden,752,Europe,Northern Europe,2023,both,49,0.00139841,0.0013974329079236153,0.9986025670920764,97754.6183669522,136.60552060749328,"United Nations, World Population Prospects 2024"
Sweden,752,Europe,Northern Europe,2023,both,50,0.00150819,0.0015070535384619135,0.9984929464615381,97618.01284634472,147.11557167770434,"United Nations, World Population Prospects 2024"
Sweden,752,Europe,Northern Europe,2023,both,51,0.00170467,0.0017032182874409739,0.998296781712559,97470.897274667,166.0142147314934,"United Nations, World Population Prospects 2024"
Sweden,752,Europe,Northern Europe,2023,both,52,0.00189271,0.0018909205179132701,0.9981090794820867,97304.88305993551,183.99579987118344,"United Nations, World Population Prospects 2024"
Sweden,752,Europe,Northern Europe,2023,both,53,0.00227799,0.002275398332676074,0.9977246016673239,97120.88726006432,220.9887049395713,"United Nations, World Population Prospects 2024"
Sweden,752,Europe,Northern Europe,2023,both,54,0.00233382,0.0023310998163133456,0.9976689001836867,96899.89855512475,225.88333572263312,"United Nations, World Population Prospects 2024"
Sweden,752,Europe,Northern Europe,2023,both,55,0.00278546,0.0027815860017278136,0.9972184139982722,96674.01521940212,268.9070874651105,"United Nations, World Population Prospects 2024"
Sweden,752,Europe,Northern Europe,2023,both,56,0.00300107,0.0029965735365283658,0.9970034264634716,96405.10813193701,288.884995814318,"United Nations, World Population Prospects 2024"
Sweden,752,Europe,Northern Europe,2023,both,57,0.00337907,0.003373370572350045,0.9966266294276499,96116.22313612269,324.2356386528268,"United Nations, World Population Prospects 2024"
Sweden,752,Europe,Northern Europe,2023,both,58,0.00333949,0.0033339231984090725,0.9966660768015909,95791.98749746986,319.3631293395266,"United Nations, World Population Prospects 2024"
Sweden,752,Europe,Northern Europe,2023,both,59,0.0040201,0.0040120356078264885,0.9959879643921735,95472.62436813033,383.0395685375818,"United Nations, World Population Prospects 2024"
Sweden,752,Europe,Northern Europe,2023,both,60,0.00455661,0.004546252250765819,0.9954537477492342,95089.58479959275,432.30123891953576,"United Nations, World Population Prospects 2024"
Sweden,752,Europe,Northern Europe,2023,both,61,0.00515271,0.005139468903592884,0.9948605310964072,94657.28356067323,486.48816535865393,"United Nations, World Population Prospects 2024"
Sweden,752,Europe,Northern Europe,2023,both,62,0.0060232,0.006005114995679013,0.993994885004321,94170.79539531456,565.5064555834236,"United Nations, World Population Prospects 2024"
Sweden,752,Europe,Northern Europe,2023,both,63,0.00634007,0.006320035267002369,0.9936799647329976,93605.28893973115,591.5887272770476,"United Nations, World Population Prospects 2024"
Sweden,752,Europe,Northern Europe,2023,both,64,0.00687413,0.00685058409717006,0.9931494159028299,93013.70021245409,637.1981754943814,"United Nations, World Population Prospects 2024"
Sweden,752,Europe,Northern Europe,2023,both,65,0.00781305,0.007782646895337192,0.9922173531046629,92376.5020369597,718.9336967800542,"United Nations, World Population Prospects 2024"
Sweden,752,Europe,Northern Europe,2023,both,66,0.00926477,0.009222049914307709,0.9907779500856922,91657.56834017966,845.2706702572068,"United Nations, World Population Prospects 2024"
Sweden,752,Europe,Northern Europe,2023,both,67,0.00929229,0.009249316335155997,0.990750683664844,90812.29766992245,839.9516682714626,"United Nations, World Population Prospects 2024"
Sweden,752,Europe,Northern Europe,2023,both,68,0.01133408,0.011270211261969965,0.9887297887380301,89972.34600165098,1014.0073471736653,"United Nations, World Population Prospects 2024"
Sweden,752,Europe,Northern Europe,2023,both,69,0.01193673,0.011865909918548979,0.988134090081451,88958.33865447732,1055.5716329778015,"United Nations, World Population Prospects 2024"
Sweden,752,Europe,Northern Europe,2023,both,70,0.01336506,0.0132763404566085,0.9867236595433915,87902.76702149952,1167.0270620553656,"United Nations, World Population Prospects 2024"
Sweden,752,Europe,Northern Europe,2023,both,71,0.0142311,0.014130553341173215,0.9858694466588268,86735.73995944415,1225.6240000830546,"United Nations, World Population Prospects 2024"
Sweden,752,Europe,Northern Europe,2023,both,72,0.01688168,0.016740377154895868,0.9832596228451042,85510.1159593611,1431.471591718585,"United Nations, World Population Prospects 2024"
Sweden,752,Europe,Northern Europe,2023,both,73,0.01808249,0.01792046667031931,0.9820795333296807,84078.64436764253,1506.7285440759683,"United Nations, World Population Prospects 2024"
Sweden,752,Europe,Northern Europe,2023,both,74,0.02019756,0.019995628546348704,0.9800043714536513,82571.91582356654,1651.0773571684092,"United Nations, World Population Prospects 2024"
Sweden,752,Europe,Northern Europe,2023,both,75,0.02254895,0.022297556753818,0.977702443246182,80920.83846639814,1804.3369882710513,"United Nations, World Population Prospects 2024"
Sweden,752,Europe,Northern Europe,2023,both,76,0.02453674,0.024239362531894584,0.9757606374681054,79116.50147812709,1917.733561583496,"United Nations, World Population Prospects 2024"
Sweden,752,Europe,Northern Europe,2023,both,77,0.02708708,0.026725127171152413,0.9732748728288476,77198.76791654358,2063.1468900259083,"United Nations, World Population Prospects 2024"
Sweden,752,Europe,Northern Europe,2023,both,78,0.03046019,0.030003237837428375,0.9699967621625716,75135.62102651768,2254.311907721494,"United Nations, World Population Prospects 2024"
Sweden,752,Europe,Northern Europe,2023,both,79,0.03479678,0.03420172504892601,0.965798274951074,72881.30911879618,2492.6664956868512,"United Nations, World Population Prospects 2024"
Sweden,752,Europe,Northern Europe,2023,both,80,0.03919748,0.038444025538909556,0.9615559744610904,70388.64262310934,2706.022774651993,"United Nations, World Population Prospects 2024"
Sweden,752,Europe,Northern Europe,2023,both,81,0.04307767,0.04216939045689829,0.9578306095431017,67682.61984845734,2854.1348235354117,"United Nations, World Population Prospects 2024"
Sweden,752,Europe,Northern Europe,2023,both,82,0.05151757,0.050223864278188944,0.9497761357218111,64828.48502492192,3255.937033252283,"United Nations, World Population Prospects 2024"
Sweden,752,Europe,Northern Europe,2023,both,83,0.05832962,0.056676656093594964,0.943323343906405,61572.54799166965,3489.726127330232,"United Nations, World Population Prospects 2024"
Sweden,752,Europe,Northern Europe,2023,both,84,0.06552021,0.06344184838549703,0.936558151614503,58082.82186433942,3684.8815785192537,"United Nations, World Population Prospects 2024"
Sweden,752,Europe,Northern Europe,2023,both,85,0.07611942,0.07332855640837847,0.9266714435916216,54397.94028582016,3988.922432748367,"United Nations, World Population Prospects 2024"
Sweden,752,Europe,Northern Europe,2023,both,86,0.09015524,0.0862665492731535,0.9137334507268465,50409.01785307179,4348.612022433292,"United Nations, World Population Prospects 2024"
Sweden,752,Europe,Northern Europe,2023,both,87,0.10193288,0.09698966220082156,0.9030103377991785,46060.4058306385,4467.383202346379,"United Nations, World Population Prospects 2024"
Sweden,752,Europe,Northern Europe,2023,both,88,0.11503283,0.1087764013573255,0.8912235986426745,41593.02262829213,4524.339323079426,"United Nations, World Population Prospects 2024"
Sweden,752,Europe,Northern Europe,2023,both,89,0.13041735,0.12243361611751799,0.877566383882482,37068.683305212704,4538.452941772261,"United Nations, World Population Prospects 2024"
Sweden,752,Europe,Northern Europe,2023,both,90,0.15452622,0.14344334133933165,0.8565566586606683,32530.230363440438,4666.244937870078,"United Nations, World Population Prospects 2024"
Sweden,752,Europe,Northern Europe,2023,both,91,0.16860721,0.15549815496555505,0.8445018450344449,27863.985425570358,4332.798323663307,"United Nations, World Population Prospects 2024"
Sweden,752,Europe,Northern Europe,2023,both,92,0.19630209,0.17875691226064444,0.8212430877393555,23531.187101907053,4206.362348164407,"United Nations, World Population Prospects 2024"
Sweden,752,Europe,Northern Europe,2023,both,93,0.21886206,0.19727414691114234,0.8027258530888577,19324.824753742643,3812.2883175019065,"United Nations, World Population Prospects 2024"
Sweden,752,Europe,Northern Europe,2023,both,94,0.24189122,0.2157921114477624,0.7842078885522377,15512.53643624074,3347.4829914867364,"United Nations, World Population Prospects 2024"
Sweden,752,Europe,Northern Europe,2023,both,95,0.27259879,0.23990049735087643,0.7600995026491235,12165.053444754003,2918.402371696478,"United Nations, World Population Prospects 2024"
Sweden,752,Europe,Northern Europe,2023,both,96,0.30337381,0.26341691364459857,0.7365830863554015,9246.651073057525,2435.724287213329,"United Nations, World Population Prospects 2024"
Sweden,752,Europe,Northern Europe,2023,both,97,0.33611063,0.2877523227570777,0.7122476772429223,6810.926785844195,1959.8600027550647,"United Nations, World Population Prospects 2024"
Sweden,752,Europe,Northern Europe,2023,both,98,0.37034738,0.3124836326732835,0.6875163673267165,4851.066783089132,1515.8789707203912,"United Nations, World Population Prospects 2024"
Sweden,752,Europe,Northern Europe,2023,both,99,0.40637339,0.33774757623961255,0.6622524237603875,3335.18781236874,1126.4515999314376,"United Nations, World Population Prospects 2024"
Sweden,752,Europe,Northern Europe,2023,both,100,0.49346758,1,0,2208.7362124373026,2208.7362124373026,"United Nations, World Population Prospects 2024"
Sweden,752,Europe,Northern Europe,2023,female,0,0.00168532,0.0016839010439463082,0.9983160989560537,100000,168.3901043946308,"United Nations, World Population Prospects 2024"
Sweden,752,Europe,Northern Europe,2023,female,1,2.1534e-4,2.1531681683833103e-4,0.9997846831831617,99831.60989560536,21.495424462567776,"United Nations, World Population Prospects 2024"
Sweden,752,Europe,Northern Europe,2023,female,2,4.443e-5,4.4429013009475995e-5,0.9999555709869905,99810.1144711428,4.434464874315692,"United Nations, World Population Prospects 2024"
Sweden,752,Europe,Northern Europe,2023,female,3,1.496e-4,1.495888107569554e-4,0.999850411189243,99805.68000626848,14.929812978926941,"United Nations, World Population Prospects 2024"
Sweden,752,Europe,Northern Europe,2023,female,4,9.128e-5,9.127583417092844e-5,0.9999087241658291,99790.75019328955,9.108483966435243,"United Nations, World Population Prospects 2024"
Sweden,752,Europe,Northern Europe,2023,female,5,4.501e-5,4.500898707274593e-5,0.9999549910129273,99781.64170932311,4.49107062179229,"United Nations, World Population Prospects 2024"
Sweden,752,Europe,Northern Europe,2023,female,6,6.045e-5,6.044817295397247e-5,0.9999395518270461,99777.15063870132,6.031346458662782,"United Nations, World Population Prospects 2024"
Sweden,752,Europe,Northern Europe,2023,female,7,4.155e-5,4.154913681668263e-5,0.9999584508631834,99771.11929224267,4.145403885826955,"United Nations, World Population Prospects 2024"
Sweden,752,Europe,Northern Europe,2023,female,8,2.819e-5,2.81896026675504e-5,0.9999718103973324,99766.97388835686,2.812391353256656,"United Nations, World Population Prospects 2024"
Sweden,752,Europe,Northern Europe,2023,female,9,2.986e-5,2.9859554196855836e-5,0.9999701404458031,99764.16149700359,2.978913387123657,"United Nations, World Population Prospects 2024"
Sweden,752,Europe,Northern Europe,2023,female,10,7.683e-5,7.682704868892461e-5,0.9999231729513111,99761.18258361646,7.6643572316162,"United Nations, World Population Prospects 2024"
Sweden,752,Europe,Northern Europe,2023,female,11,7.605e-5,7.604710830870657e-5,0.9999239528916913,99753.51822638485,7.585966604736424,"United Nations, World Population Prospects 2024"
Sweden,752,Europe,Northern Europe,2023,female,12,4.377e-5,4.376904211451333e-5,0.9999562309578854,99745.93225978011,4.365783909829709,"United Nations, World Population Prospects 2024"
Sweden,752,Europe,Northern Europe,2023,female,13,7.978e-5,7.977681770274184e-5,0.9999202231822972,99741.56647587028,7.95706476613141,"United Nations, World Population Prospects 2024"
Sweden,752,Europe,Northern Europe,2023,female,14,9.187e-5,9.186578014538902e-5,0.9999081342198546,99733.60941110415,9.162105835266594,"United Nations, World Population Prospects 2024"
Sweden,752,Europe,Northern Europe,2023,female,15,1.0944e-4,1.0943401177087588e-4,0.9998905659882291,99724.44730526888,10.913246340248886,"United Nations, World Population Prospects 2024"
Sweden,752,Europe,Northern Europe,2023,female,16,1.1522e-4,1.1521336255818302e-4,0.9998847866374418,99713.53405892864,11.488331551489075,"United Nations, World Population Prospects 2024"
Sweden,752,Europe,Northern Europe,2023,female,17,8.118e-5,8.117670503754253e-5,0.9999188232949625,99702.04572737715,8.093483557650872,"United Nations, World Population Prospects 2024"
Sweden,752,Europe,Northern Europe,2023,female,18,2.7932e-4,2.792809956161522e-4,0.9997207190043839,99693.9522438195,27.842626239563042,"United Nations, World Population Prospects 2024"
Sweden,752,Europe,Northern Europe,2023,female,19,1.8561e-4,1.8559277606241753e-4,0.9998144072239376,99666.10961757993,18.49730996326787,"United Nations, World Population Prospects 2024"
Sweden,752,Europe,Northern Europe,2023,female,20,2.3213e-4,2.3210306095822986e-4,0.9997678969390418,99647.61230761666,23.128515833776806,"United Nations, World Population Prospects 2024"
Sweden,752,Europe,Northern Europe,2023,female,21,3.1613e-4,3.1608003880866575e-4,0.9996839199611913,99624.4837917829,31.48931070320003,"United Nations, World Population Prospects 2024"
Sweden,752,Europe,Northern Europe,2023,female,22,1.8814e-4,1.8812230333492528e-4,0.9998118776966651,99592.99448107969,18.73566351780321,"United Nations, World Population Prospects 2024"
Sweden,752,Europe,Northern Europe,2023,female,23,2.205e-4,2.204756925548958e-4,0.9997795243074451,99574.25881756189,21.953703673442394,"United Nations, World Population Prospects 2024"
Sweden,752,Europe,Northern Europe,2023,female,24,3.4465e-4,3.4459061842168043e-4,0.9996554093815784,99552.30511388845,34.30479038449864,"United Nations, World Population Prospects 2024"
Sweden,752,Europe,Northern Europe,2023,female,25,2.5943e-4,2.5939635240214816e-4,0.9997406036475979,99518.00032350395,25.814606282272724,"United Nations, World Population Prospects 2024"
Sweden,752,Europe,Northern Europe,2023,female,26,2.4668e-4,2.466495782410197e-4,0.999753350421759,99492.18571722168,24.539705645429937,"United Nations, World Population Prospects 2024"
Sweden,752,Europe,Northern Europe,2023,female,27,3.2054e-4,3.2048863528642266e-4,0.9996795113647136,99467.64601157625,31.878250125403053,"United Nations, World Population Prospects 2024"
Sweden,752,Europe,Northern Europe,2023,female,28,2.9353e-4,2.934869263912482e-4,0.9997065130736088,99435.76776145084,29.183097853662172,"United Nations, World Population Prospects 2024"
Sweden,752,Europe,Northern Europe,2023,female,29,1.2933e-4,1.2932163741631648e-4,0.9998706783625837,99406.58466359718,12.855422298660082,"United Nations, World Population Prospects 2024"
Sweden,752,Europe,Northern Europe,2023,female,30,2.5515e-4,2.5511745339088366e-4,0.9997448825466091,99393.72924129854,25.35707508706309,"United Nations, World Population Prospects 2024"
Sweden,752,Europe,Northern Europe,2023,female,31,3.4913e-4,3.490690647587104e-4,0.9996509309352413,99368.37216621145,34.68642473865491,"United Nations, World Population Prospects 2024"
Sweden,752,Europe,Northern Europe,2023,female,32,3.0499e-4,3.049434976413272e-4,0.9996950565023587,99333.68574147281,30.29116156360915,"United Nations, World Population Prospects 2024"
Sweden,752,Europe,Northern Europe,2023,female,33,2.5298e-4,2.5294800460689724e-4,0.9997470519953932,99303.3945799092,25.11859550967941,"United Nations, World Population Prospects 2024"
Sweden,752,Europe,Northern Europe,2023,female,34,3.8282e-4,3.8274673844679395e-4,0.9996172532615532,99278.27598439952,37.998436331649586,"United Nations, World Population Prospects 2024"
Sweden,752,Europe,Northern Europe,2023,female,35,4.9052e-4,4.903997245635536e-4,0.9995096002754364,99240.27754806787,48.667404775183094,"United Nations, World Population Prospects 2024"
Sweden,752,Europe,Northern Europe,2023,female,36,4.6896e-4,4.688500640369846e-4,0.999531149935963,99191.61014329268,46.50599276761438,"United Nations, World Population Prospects 2024"
Sweden,752,Europe,Northern Europe,2023,female,37,6.021e-4,6.019187923475638e-4,0.9993980812076524,99145.10415052508,59.67730135745749,"United Nations, World Population Prospects 2024"
Sweden,752,Europe,Northern Europe,2023,female,38,5.1626e-4,5.16126772196293e-4,0.9994838732278037,99085.42684916762,51.14064153135279,"United Nations, World Population Prospects 2024"
Sweden,752,Europe,Northern Europe,2023,female,39,5.5986e-4,5.597033222490028e-4,0.999440296677751,99034.28620763625,55.42981900697261,"United Nations, World Population Prospects 2024"
Sweden,752,Europe,Northern Europe,2023,female,40,5.7056e-4,5.70397277064799e-4,0.9994296027229352,98978.85638862928,56.45727017106193,"United Nations, World Population Prospects 2024"
Sweden,752,Europe,Northern Europe,2023,female,41,5.4054e-4,5.403939477277477e-4,0.9994596060522722,98922.39911845824,53.457065778323525,"United Nations, World Population Prospects 2024"
Sweden,752,Europe,Northern Europe,2023,female,42,5.8135e-4,5.811810651938748e-4,0.9994188189348061,98868.94205267991,57.46075705676799,"United Nations, World Population Prospects 2024"
Sweden,752,Europe,Northern Europe,2023,female,43,7.4557e-4,7.452921662598009e-4,0.9992547078337402,98811.48129562313,73.64342294615476,"United Nations, World Population Prospects 2024"
Sweden,752,Europe,Northern Europe,2023,female,44,7.7353e-4,7.732309413349746e-4,0.999226769058665,98737.83787267699,76.34715132367013,"United Nations, World Population Prospects 2024"
Sweden,752,Europe,Northern Europe,2023,female,45,7.1282e-4,7.12566034339701e-4,0.9992874339656603,98661.4907213533,70.30282718535793,"United Nations, World Population Prospects 2024"
Sweden,752,Europe,Northern Europe,2023,female,46,7.6416e-4,7.63868141260587e-4,0.9992361318587394,98591.18789416795,75.31066744139136,"United Nations, World Population Prospects 2024"
Sweden,752,Europe,Northern Europe,2023,female,47,0.00108267,0.0010820842299333888,0.9989179157700666,98515.87722672657,106.6024771450947,"United Nations, World Population Prospects 2024"
Sweden,752,Europe,Northern Europe,2023,female,48,9.7146e-4,9.709883618230117e-4,0.999029011638177,98409.27474958147,95.55426047728677,"United Nations, World Population Prospects 2024"
Sweden,752,Europe,Northern Europe,2023,female,49,0.00117344,0.0011727519229917422,0.9988272480770083,98313.72048910419,115.29760476006958,"United Nations, World Population Prospects 2024"
Sweden,752,Europe,Northern Europe,2023,female,50,0.00115515,0.001154483199366126,0.9988455168006338,98198.42288434412,113.36842942422541,"United Nations, World Population Prospects 2024"
Sweden,752,Europe,Northern Europe,2023,female,51,0.0014376,0.001436567395356218,0.9985634326046438,98085.05445491988,140.90579120167706,"United Nations, World Population Prospects 2024"
Sweden,752,Europe,Northern Europe,2023,female,52,0.00158649,0.0015852325222279052,0.9984147674777721,97944.14866371821,155.26424982365094,"United Nations, World Population Prospects 2024"
Sweden,752,Europe,Northern Europe,2023,female,53,0.00178227,0.0017806831709024978,0.9982193168290975,97788.88441389456,174.1310207771516,"United Nations, World Population Prospects 2024"
Sweden,752,Europe,Northern Europe,2023,female,54,0.00191465,0.0019128188107320162,0.998087181189268,97614.7533931174,186.71933649532187,"United Nations, World Population Prospects 2024"
Sweden,752,Europe,Northern Europe,2023,female,55,0.00215945,0.0021571209026334036,0.9978428790973666,97428.03405662208,210.16404876601862,"United Nations, World Population Prospects 2024"
Sweden,752,Europe,Northern Europe,2023,female,56,0.00228628,0.0022836694461093746,0.9977163305538906,97217.87000785607,222.01347935277383,"United Nations, World Population Prospects 2024"
Sweden,752,Europe,Northern Europe,2023,female,57,0.00257897,0.002575648739585036,0.997424351260415,96995.85652850328,249.82725561261046,"United Nations, World Population Prospects 2024"
Sweden,752,Europe,Northern Europe,2023,female,58,0.00255434,0.002551081834813032,0.997448918165187,96746.02927289068,246.80703786836125,"United Nations, World Population Prospects 2024"
Sweden,752,Europe,Northern Europe,2023,female,59,0.00324846,0.003243192309754727,0.9967568076902453,96499.22223502232,312.96553544993674,"United Nations, World Population Prospects 2024"
Sweden,752,Europe,Northern Europe,2023,female,60,0.00327958,0.0032742109815745235,0.9967257890184255,96186.25669957239,314.934097962286,"United Nations, World Population Prospects 2024"
Sweden,752,Europe,Northern Europe,2023,female,61,0.00420018,0.004191377729543962,0.9958086222704561,95871.3226016101,401.8329264543133,"United Nations, World Population Prospects 2024"
Sweden,752,Europe,Northern Europe,2023,female,62,0.00440843,0.004398734243998365,0.9956012657560016,95469.4896751558,419.94491349115617,"United Nations, World Population Prospects 2024"
Sweden,752,Europe,Northern Europe,2023,female,63,0.0048263,0.004814681451455421,0.9951853185485445,95049.54476166464,457.63328013326856,"United Nations, World Population Prospects 2024"
Sweden,752,Europe,Northern Europe,2023,female,64,0.00549581,0.005480749421261568,0.9945192505787385,94591.91148153137,518.4345641084285,"United Nations, World Population Prospects 2024"
Sweden,752,Europe,Northern Europe,2023,female,65,0.00572869,0.005712327922078034,0.994287672077922,94073.47691742294,537.3785489223585,"United Nations, World Population Prospects 2024"
Sweden,752,Europe,Northern Europe,2023,female,66,0.00676258,0.006739790812722847,0.9932602091872772,93536.09836850059,630.4137364419607,"United Nations, World Population Prospects 2024"
Sweden,752,Europe,Northern Europe,2023,female,67,0.00692517,0.006901273753021892,0.9930987262469781,92905.68463205863,641.1675628577556,"United Nations, World Population Prospects 2024"
Sweden,752,Europe,Northern Europe,2023,female,68,0.00889816,0.008858746727111342,0.9911412532728887,92264.51706920088,817.3479886152919,"United Nations, World Population Prospects 2024"
Sweden,752,Europe,Northern Europe,2023,female,69,0.00914875,0.009107090751742498,0.9908929092482575,91447.16908058559,832.8176678068336,"United Nations, World Population Prospects 2024"
Sweden,752,Europe,Northern Europe,2023,female,70,0.01048853,0.010433812323216786,0.9895661876767832,90614.35141277875,945.4531364309472,"United Nations, World Population Prospects 2024"
Sweden,752,Europe,Northern Europe,2023,female,71,0.01115218,0.011090339270099392,0.9889096607299006,89668.8982763478,994.4585038607277,"United Nations, World Population Prospects 2024"
Sweden,752,Europe,Northern Europe,2023,female,72,0.01332976,0.013241506945191134,0.9867584930548089,88674.43977248707,1174.1832101083203,"United Nations, World Population Prospects 2024"
Sweden,752,Europe,Northern Europe,2023,female,73,0.01482287,0.014713819483297804,0.9852861805167022,87500.25656237875,1287.462979801085,"United Nations, World Population Prospects 2024"
Sweden,752,Europe,Northern Europe,2023,female,74,0.01685781,0.016716904797567263,0.9832830952024327,86212.79358257768,1441.211062652269,"United Nations, World Population Prospects 2024"
Sweden,752,Europe,Northern Europe,2023,female,75,0.01798455,0.017824269269058574,0.9821757307309414,84771.5825199254,1510.9915131993694,"United Nations, World Population Prospects 2024"
Sweden,752,Europe,Northern Europe,2023,female,76,0.01989112,0.01969523981074782,0.9803047601892522,83260.59100672604,1639.8373066620625,"United Nations, World Population Prospects 2024"
Sweden,752,Europe,Northern Europe,2023,female,77,0.02259622,0.02234377754349803,0.977656222456502,81620.75370006397,1823.7159636068732,"United Nations, World Population Prospects 2024"
Sweden,752,Europe,Northern Europe,2023,female,78,0.02534539,0.025028215064098275,0.9749717849359018,79797.0377364571,1997.1774219460142,"United Nations, World Population Prospects 2024"
Sweden,752,Europe,Northern Europe,2023,female,79,0.02793444,0.02754964800538621,0.9724503519946138,77799.86031451108,2143.358766532996,"United Nations, World Population Prospects 2024"
Sweden,752,Europe,Northern Europe,2023,female,80,0.03202929,0.0315244373273773,0.9684755626726227,75656.5015479781,2385.0286414578595,"United Nations, World Population Prospects 2024"
Sweden,752,Europe,Northern Europe,2023,female,81,0.03469447,0.03410287933794797,0.965897120662052,73271.47290652023,2498.768199444783,"United Nations, World Population Prospects 2024"
Sweden,752,Europe,Northern Europe,2023,female,82,0.0428509,0.04195205827307318,0.9580479417269269,70772.70470707545,2969.06063201423,"United Nations, World Population Prospects 2024"
Sweden,752,Europe,Northern Europe,2023,female,83,0.0490748,0.04789947150782392,0.9521005284921761,67803.64407506122,3247.7587175000294,"United Nations, World Population Prospects 2024"
Sweden,752,Europe,Northern Europe,2023,female,84,0.05499868,0.05352673024588025,0.9464732697541197,64555.885357561194,3455.4654613181488,"United Nations, World Population Prospects 2024"
Sweden,752,Europe,Northern Europe,2023,female,85,0.06336284,0.06141706031693389,0.938582939683066,61100.41989624304,3752.6081741575463,"United Nations, World Population Prospects 2024"
Sweden,752,Europe,Northern Europe,2023,female,86,0.07621433,0.07341663035337975,0.9265833696466202,57347.8117220855,4210.283094775569,"United Nations, World Population Prospects 2024"
Sweden,752,Europe,Northern Europe,2023,female,87,0.08771046,0.0840255022719961,0.9159744977280039,53137.52862730993,4464.907532402288,"United Nations, World Population Prospects 2024"
Sweden,752,Europe,Northern Europe,2023,female,88,0.09941099,0.0947036959161579,0.9052963040838421,48672.621094907634,4609.477107614505,"United Nations, World Population Prospects 2024"
Sweden,752,Europe,Northern Europe,2023,female,89,0.11239057,0.1064107855774039,0.8935892144225961,44063.14398729313,4688.793766698123,"United Nations, World Population Prospects 2024"
Sweden,752,Europe,Northern Europe,2023,female,90,0.13383536,0.12544113056594955,0.8745588694340505,39374.350220595006,4939.163006971083,"United Nations, World Population Prospects 2024"
Sweden,752,Europe,Northern Europe,2023,female,91,0.14982263,0.1393813870123788,0.8606186129876212,34435.187213623925,4799.624155865834,"United Nations, World Population Prospects 2024"
Sweden,752,Europe,Northern Europe,2023,female,92,0.17643276,0.16213021899192512,0.8378697810080749,29635.563057758092,4804.820328503325,"United Nations, World Population Prospects 2024"
Sweden,752,Europe,Northern Europe,2023,female,93,0.19514462,0.17779659546986934,0.8222034045301306,24830.742729254765,4414.821520249709,"United Nations, World Population Prospects 2024"
Sweden,752,Europe,Northern Europe,2023,female,94,0.21874204,0.1971766307722731,0.8028233692277269,20415.921209005057,4025.5425581038094,"United Nations, World Population Prospects 2024"
Sweden,752,Europe,Northern Europe,2023,female,95,0.24973935,0.222016252682783,0.777983747317217,16390.378650901246,3638.930448124983,"United Nations, World Population Prospects 2024"
Sweden,752,Europe,Northern Europe,2023,female,96,0.28030082,0.24584547577367447,0.7541545242263256,12751.448202776264,3134.885850214897,"United Nations, World Population Prospects 2024"
Sweden,752,Europe,Northern Europe,2023,female,97,0.31304945,0.2706811564275031,0.7293188435724969,9616.562352561366,2603.0222184485006,"United Nations, World Population Prospects 2024"
Sweden,752,Europe,Northern Europe,2023,female,98,0.34778921,0.2962695360543036,0.7037304639456964,7013.540134112865,2077.898281631857,"United Nations, World Population Prospects 2024"
Sweden,752,Europe,Northern Europe,2023,female,99,0.38424619,0.32232090093011745,0.6776790990698826,4935.641852481009,1590.8605285600727,"United Nations, World Population Prospects 2024"
Sweden,752,Europe,Northern Europe,2023,female,100,0.47566195,1,0,3344.781323920936,3344.781323920936,"United Nations, World Population Prospects 2024"
Sweden,752,Europe,Northern Europe,2023,male,0,0.0020327,0.0020306361629358004,0.9979693638370642,100000,203.06361629358005,"United Nations, World Population Prospects 2024"
Sweden,752,Europe,Northern Europe,2023,male,1,1.7289e-4,1.7287505581580002e-4,0.9998271249441842,99796.93638370643,17.252400947579094,"United Nations, World Population Prospects 2024"
Sweden,752,Europe,Northern Europe,2023,male,2,8.08e-5,8.07967358118732e-5,0.99991920326418815,99779.68398275886,8.061872766147163,"United Nations, World Population Prospects 2024"
Sweden,752,Europe,Northern Europe,2023,male,3,8.652e-5,8.651625730670892e-5,0.9999134837426933,99771.6221099927,8.631867330375858,"United Nations, World Population Prospects 2024"
Sweden,752,Europe,Northern Europe,2023,male,4,1.4781e-4,1.4779907690922102e-4,0.9998522009230908,99762.99024266233,14.744877867569116,"United Nations, World Population Prospects 2024"
Sweden,752,Europe,Northern Europe,2023,male,5,1.4937e-4,1.493588451346511e-4,0.9998506411548653,99748.24536479477,14.898282731893563,"United Nations, World Population Prospects 2024"
Sweden,752,Europe,Northern Europe,2023,male,6,4.323e-5,4.322906560374697e-5,0.9999567709343963,99733.34708206286,4.311379403891762,"United Nations, World Population Prospects 2024"
Sweden,752,Europe,Northern Europe,2023,male,7,2.873e-5,2.8729587299478444e-5,0.9999712704127005,99729.03570265898,2.8651740375123436,"United Nations, World Population Prospects 2024"
Sweden,752,Europe,Northern Europe,2023,male,8,7.805e-5,7.804695421761166e-5,0.9999219530457824,99726.17052862146,7.783323865545052,"United Nations, World Population Prospects 2024"
Sweden,752,Europe,Northern Europe,2023,male,9,2.632e-5,2.6319653633358186e-5,0.9999736803463667,99718.38720475591,2.6245534121062724,"United Nations, World Population Prospects 2024"
Sweden,752,Europe,Northern Europe,2023,male,10,3.888e-5,3.8879244187493e-5,0.9999611207558126,99715.76265134382,3.8768734854636904,"United Nations, World Population Prospects 2024"
Sweden,752,Europe,Northern Europe,2023,male,11,4.695e-5,4.694889787462239e-5,0.9999530511021254,99711.88577785836,4.681363142270685,"United Nations, World Population Prospects 2024"
Sweden,752,Europe,Northern Europe,2023,male,12,6.766e-5,6.765771113963215e-5,0.9999323422888604,99707.20441471609,6.745961234831117,"United Nations, World Population Prospects 2024"
Sweden,752,Europe,Northern Europe,2023,male,13,4.428e-5,4.427901966250468e-5,0.9999557209803375,99700.45845348126,4.414638560222428,"United Nations, World Population Prospects 2024"
Sweden,752,Europe,Northern Europe,2023,male,14,8.198e-5,8.197663977753552e-5,0.9999180233602225,99696.04381492104,8.17274667106118,"United Nations, World Population Prospects 2024"
Sweden,752,Europe,Northern Europe,2023,male,15,1.7287e-4,1.7285505927295172e-4,0.999827144940727,99687.87106824998,17.23155286229672,"United Nations, World Population Prospects 2024"
Sweden,752,Europe,Northern Europe,2023,male,16,2.3206e-4,2.3203307720205224e-4,0.9997679669227979,99670.63951538767,23.126885193451866,"United Nations, World Population Prospects 2024"
Sweden,752,Europe,Northern Europe,2023,male,17,2.8717e-4,2.8712877261518406e-4,0.9997128712273848,99647.51263019422,28.61166799566372,"United Nations, World Population Prospects 2024"
Sweden,752,Europe,Northern Europe,2023,male,18,3.7277e-4,3.7270053421093114e-4,0.9996272994657891,99618.90096219855,37.12801760611724,"United Nations, World Population Prospects 2024"
Sweden,752,Europe,Northern Europe,2023,male,19,5.2317e-4,5.230331823649911e-4,0.999476966817635,99581.77294459243,52.08457160875815,"United Nations, World Population Prospects 2024"
Sweden,752,Europe,Northern Europe,2023,male,20,7.4468e-4,7.444028290506312e-4,0.9992555971709494,99529.68837298368,74.09018159937678,"United Nations, World Population Prospects 2024"
Sweden,752,Europe,Northern Europe,2023,male,21,6.0808e-4,6.078951755508255e-4,0.9993921048244492,99455.59819138431,60.45857832206393,"United Nations, World Population Prospects 2024"
Sweden,752,Europe,Northern Europe,2023,male,22,5.036e-4,5.034732254418338e-4,0.9994965267745581,99395.13961306225,50.04279153422983,"United Nations, World Population Prospects 2024"
Sweden,752,Europe,Northern Europe,2023,male,23,4.6735e-4,4.672408175019702e-4,0.9995327591824981,99345.09682152802,46.41808425370313,"United Nations, World Population Prospects 2024"
Sweden,752,Europe,Northern Europe,2023,male,24,7.3436e-4,7.340904566661213e-4,0.9992659095433338,99298.6787372743,72.89421242058816,"United Nations, World Population Prospects 2024"
Sweden,752,Europe,Northern Europe,2023,male,25,7.8542e-4,7.851116787926213e-4,0.9992148883212074,99225.7845248537,77.9033222678228,"United Nations, World Population Prospects 2024"
Sweden,752,Europe,Northern Europe,2023,male,26,5.7075e-4,5.70587168686736e-4,0.9994294128313133,99147.8812025859,56.57250881667234,"United Nations, World Population Prospects 2024"
Sweden,752,Europe,Northern Europe,2023,male,27,3.6388e-4,3.638138077158242e-4,0.9996361861922842,99091.30869376921,36.050786327424326,"United Nations, World Population Prospects 2024"
Sweden,752,Europe,Northern Europe,2023,male,28,6.3936e-4,6.391556747139073e-4,0.999360844325286,99055.2579074418,63.31173020179107,"United Nations, World Population Prospects 2024"
Sweden,752,Europe,Northern Europe,2023,male,29,5.7064e-4,5.704772314363266e-4,0.9994295227685637,98991.94617724001,56.47265138968574,"United Nations, World Population Prospects 2024"
Sweden,752,Europe,Northern Europe,2023,male,30,5.7056e-4,5.70397277064799e-4,0.9994296027229352,98935.47352585032,56.43252470426153,"United Nations, World Population Prospects 2024"
Sweden,752,Europe,Northern Europe,2023,male,31,6.3741e-4,6.372069189688901e-4,0.9993627930810312,98879.04100114606,63.00640906693884,"United Nations, World Population Prospects 2024"
Sweden,752,Europe,Northern Europe,2023,male,32,9.0874e-4,9.083272833322724e-4,0.9990916727166678,98816.03459207913,89.75730025069109,"United Nations, World Population Prospects 2024"
Sweden,752,Europe,Northern Europe,2023,male,33,3.6792e-4,3.678523298853943e-4,0.9996321476701147,98726.27729182845,36.31669112271059,"United Nations, World Population Prospects 2024"
Sweden,752,Europe,Northern Europe,2023,male,34,7.1753e-4,7.172726676713827e-4,0.9992827273323286,98689.96060070574,70.78761131245187,"United Nations, World Population Prospects 2024"
Sweden,752,Europe,Northern Europe,2023,male,35,7.5464e-4,7.543553666330621e-4,0.999245644633367,98619.17298939328,74.39390239746314,"United Nations, World Population Prospects 2024"
Sweden,752,Europe,Northern Europe,2023,male,36,7.3683e-4,7.365586407483685e-4,0.9992634413592516,98544.77908699583,72.5840085371659,"United Nations, World Population Prospects 2024"
Sweden,752,Europe,Northern Europe,2023,male,37,8.0904e-4,8.087128594740855e-4,0.999191287140526,98472.19507845865,79.63573046059027,"United Nations, World Population Prospects 2024"
Sweden,752,Europe,Northern Europe,2023,male,38,6.9048e-4,6.902417009551624e-4,0.9993097582990449,98392.55934799806,67.91464752569394,"United Nations, World Population Prospects 2024"
Sweden,752,Europe,Northern Europe,2023,male,39,7.8065e-4,7.803454116771872e-4,0.9992196545883228,98324.64470047237,76.72718534680328,"United Nations, World Population Prospects 2024"
Sweden,752,Europe,Northern Europe,2023,male,40,9.8241e-4,9.81927672217768e-4,0.9990180723277823,98247.91751512558,96.47234894587054,"United Nations, World Population Prospects 2024"
Sweden,752,Europe,Northern Europe,2023,male,41,8.3222e-4,8.31873848972704e-4,0.9991681261510273,98151.44516617972,81.64962047262323,"United Nations, World Population Prospects 2024"
Sweden,752,Europe,Northern Europe,2023,male,42,0.00100654,0.001006033693423111,0.9989939663065769,98069.7955457071,98.66151862609706,"United Nations, World Population Prospects 2024"
Sweden,752,Europe,Northern Europe,2023,male,43,9.5268e-4,9.522264164687792e-4,0.9990477735835313,97971.134027081,93.29070187198982,"United Nations, World Population Prospects 2024"
Sweden,752,Europe,Northern Europe,2023,male,44,0.00106198,0.001061416398506557,0.9989385836014935,97877.84332520902,103.88914795583241,"United Nations, World Population Prospects 2024"
Sweden,752,Europe,Northern Europe,2023,male,45,0.00134891,0.001348000834097439,0.9986519991659025,97773.95417725318,131.79937178394206,"United Nations, World Population Prospects 2024"
Sweden,752,Europe,Northern Europe,2023,male,46,0.00148831,0.0014872032902355549,0.9985127967097644,97642.15480546924,145.21373389238326,"United Nations, World Population Prospects 2024"
Sweden,752,Europe,Northern Europe,2023,male,47,0.00116852,0.0011678376791575754,0.9988321623208424,97496.94107157685,113.86060138599319,"United Nations, World Population Prospects 2024"
Sweden,752,Europe,Northern Europe,2023,male,48,0.0015537,0.0015524939450787655,0.9984475060549213,97383.08047019085,151.18664278308947,"United Nations, World Population Prospects 2024"
Sweden,752,Europe,Northern Europe,2023,male,49,0.00161679,0.001615484050770777,0.9983845159492292,97231.89382740777,157.0765737044148,"United Nations, World Population Prospects 2024"
Sweden,752,Europe,Northern Europe,2023,male,50,0.00185167,0.0018499572448342286,0.9981500427551657,97074.81725370335,179.58426146944728,"United Nations, World Population Prospects 2024"
Sweden,752,Europe,Northern Europe,2023,male,51,0.00196492,0.0019629914394304177,0.9980370085605695,96895.2329922339,190.20451288537092,"United Nations, World Population Prospects 2024"
Sweden,752,Europe,Northern Europe,2023,male,52,0.00219194,0.0021895403294850944,0.997810459670515,96705.02847934852,211.73955991953818,"United Nations, World Population Prospects 2024"
Sweden,752,Europe,Northern Europe,2023,male,53,0.00276197,0.002758161021002411,0.9972418389789975,96493.28891942899,266.1440282858929,"United Nations, World Population Prospects 2024"
Sweden,752,Europe,Northern Europe,2023,male,54,0.0027428,0.0027390436755034145,0.9972609563244966,96227.14489114309,263.5703526258362,"United Nations, World Population Prospects 2024"
Sweden,752,Europe,Northern Europe,2023,male,55,0.00339521,0.0033894560424750143,0.996610543957525,95963.57453851726,325.26431757707877,"United Nations, World Population Prospects 2024"
Sweden,752,Europe,Northern Europe,2023,male,56,0.00369457,0.003687757660589957,0.9963122423394101,95638.31022094018,352.690911163151,"United Nations, World Population Prospects 2024"
Sweden,752,Europe,Northern Europe,2023,male,57,0.0041565,0.004147879669077739,0.9958521203309223,95285.61930977703,395.2332830905053,"United Nations, World Population Prospects 2024"
Sweden,752,Europe,Northern Europe,2023,male,58,0.0041074,0.004098981920829193,0.9959010180791708,94890.38602668654,388.9539767838912,"United Nations, World Population Prospects 2024"
Sweden,752,Europe,Northern Europe,2023,male,59,0.00477423,0.004762860504247403,0.9952371394957525,94501.43204990264,450.097138305301,"United Nations, World Population Prospects 2024"
Sweden,752,Europe,Northern Europe,2023,male,60,0.00580533,0.005788527842829095,0.9942114721571709,94051.33491159733,544.4187707910252,"United Nations, World Population Prospects 2024"
Sweden,752,Europe,Northern Europe,2023,male,61,0.0060921,0.006073599512205844,0.9939264004877941,93506.91614080631,567.923560260674,"United Nations, World Population Prospects 2024"
Sweden,752,Europe,Northern Europe,2023,male,62,0.00762868,0.007599692190091646,0.9924003078099084,92938.99258054562,706.3077360693579,"United Nations, World Population Prospects 2024"
Sweden,752,Europe,Northern Europe,2023,male,63,0.00784796,0.007817285129497554,0.9921827148705025,92232.68484447627,721.0091956883588,"United Nations, World Population Prospects 2024"
Sweden,752,Europe,Northern Europe,2023,male,64,0.00824669,0.008212825686270644,0.9917871743137293,91511.67564878792,751.5694403620332,"United Nations, World Population Prospects 2024"
Sweden,752,Europe,Northern Europe,2023,male,65,0.009912,0.00986311838528254,0.9901368816147175,90760.10620842587,895.1776721945213,"United Nations, World Population Prospects 2024"
Sweden,752,Europe,Northern Europe,2023,male,66,0.01178739,0.011718325762047848,0.9882816742379521,89864.92853623135,1053.0665071707087,"United Nations, World Population Prospects 2024"
Sweden,752,Europe,Northern Europe,2023,male,67,0.01169459,0.011626605806003585,0.9883733941939964,88811.86202906063,1032.5805107090657,"United Nations, World Population Prospects 2024"
Sweden,752,Europe,Northern Europe,2023,male,68,0.01383818,0.01374309032118956,0.9862569096788104,87779.28151835158,1206.3585942358313,"United Nations, World Population Prospects 2024"
Sweden,752,Europe,Northern Europe,2023,male,69,0.01480709,0.0146982706915132,0.9853017293084868,86572.92292411574,1272.4722556941617,"United Nations, World Population Prospects 2024"
Sweden,752,Europe,Northern Europe,2023,male,70,0.01634424,0.016211755587924807,0.9837882444120752,85300.45066842157,1382.870057776288,"United Nations, World Population Prospects 2024"
Sweden,752,Europe,Northern Europe,2023,male,71,0.01745685,0.0173057976432061,0.9826942023567939,83917.5806106453,1452.2606687552634,"United Nations, World Population Prospects 2024"
Sweden,752,Europe,Northern Europe,2023,male,72,0.02062146,0.020411007611489982,0.97958899238851,82465.31994189003,1683.200273017874,"United Nations, World Population Prospects 2024"
Sweden,752,Europe,Northern Europe,2023,male,73,0.02152889,0.021299611503449747,0.9787003884965503,80782.11966887217,1720.6277653721636,"United Nations, World Population Prospects 2024"
Sweden,752,Europe,Northern Europe,2023,male,74,0.02377954,0.023500128872732846,0.9764998711272671,79061.4919035,1857.9552486027746,"United Nations, World Population Prospects 2024"
Sweden,752,Europe,Northern Europe,2023,male,75,0.02748092,0.02710843759752866,0.9728915624024713,77203.53665489724,2092.8672557177983,"United Nations, World Population Prospects 2024"
Sweden,752,Europe,Northern Europe,2023,male,76,0.02956581,0.029135108459478833,0.9708648915405211,75110.66939917943,2188.3574994091505,"United Nations, World Population Prospects 2024"
Sweden,752,Europe,Northern Europe,2023,male,77,0.03195378,0.03145128625908017,0.9685487137409199,72922.31189977027,2293.500506233603,"United Nations, World Population Prospects 2024"
Sweden,752,Europe,Northern Europe,2023,male,78,0.03603957,0.03540164005751618,0.9645983599424838,70628.81139353667,2500.375758644183,"United Nations, World Population Prospects 2024"
Sweden,752,Europe,Northern Europe,2023,male,79,0.04243631,0.041554598096623145,0.9584454019033769,68128.43563489249,2831.049761759616,"United Nations, World Population Prospects 2024"
Sweden,752,Europe,Northern Europe,2023,male,80,0.04728406,0.046191987642398784,0.9538080123576013,65297.38587313287,3016.2160413326988,"United Nations, World Population Prospects 2024"
Sweden,752,Europe,Northern Europe,2023,male,81,0.0527028,0.05134966445215547,0.9486503355478445,62281.16983180017,3198.117172550647,"United Nations, World Population Prospects 2024"
Sweden,752,Europe,Northern Europe,2023,male,82,0.06178422,0.059932770268267946,0.9400672297317321,59083.05265924954,3541.01102177478,"United Nations, World Population Prospects 2024"
Sweden,752,Europe,Northern Europe,2023,male,83,0.06966273,0.06731795378080756,0.9326820462191925,55542.04163747475,3738.976591843214,"United Nations, World Population Prospects 2024"
Sweden,752,Europe,Northern Europe,2023,male,84,0.07901466,0.07601164293858323,0.9239883570614168,51803.065045631534,3937.636083372746,"United Nations, World Population Prospects 2024"
Sweden,752,Europe,Northern Europe,2023,male,85,0.09320465,0.08905450310365018,0.9109454968963498,47865.4289622588,4262.631992077023,"United Nations, World Population Prospects 2024"
Sweden,752,Europe,Northern Europe,2023,male,86,0.10964502,0.10394641653978355,0.8960535834602165,43602.79697018177,4532.354496162126,"United Nations, World Population Prospects 2024"
Sweden,752,Europe,Northern Europe,2023,male,87,0.12262371,0.11553975339321917,0.8844602466067808,39070.44247401965,4514.189288412186,"United Nations, World Population Prospects 2024"
Sweden,752,Europe,Northern Europe,2023,male,88,0.13919654,0.13013908483602915,0.8698609151639709,34556.253185607464,4497.119164937072,"United Nations, World Population Prospects 2024"
Sweden,752,Europe,Northern Europe,2023,male,89,0.16043751,0.14852316649510497,0.851476833504895,30059.13402067039,4464.477766850702,"United Nations, World Population Prospects 2024"
Sweden,752,Europe,Northern Europe,2023,male,90,0.19104182,0.17438445789227336,0.8256155421077267,25594.656253819685,4463.31025576143,"United Nations, World Population Prospects 2024"
Sweden,752,Europe,Northern Europe,2023,male,91,0.20430623,0.1853700971484348,0.8146299028515652,21131.34599805826,3917.1196605372484,"United Nations, World Population Prospects 2024"
Sweden,752,Europe,Northern Europe,2023,male,92,0.23722506,0.2120708052501432,0.7879291947498568,17214.22633752101,3650.634841156304,"United Nations, World Population Prospects 2024"
Sweden,752,Europe,Northern Europe,2023,male,93,0.2721279,0.2395357233190966,0.7604642766809034,13563.591496364708,3248.964699886468,"United Nations, World Population Prospects 2024"
Sweden,752,Europe,Northern Europe,2023,male,94,0.29872956,0.2599083991420026,0.7400916008579974,10314.62679647824,2680.858138419862,"United Nations, World Population Prospects 2024"
Sweden,752,Europe,Northern Europe,2023,male,95,0.33362015,0.2859249822641444,0.7140750177358556,7633.768658058378,2182.685168163923,"United Nations, World Population Prospects 2024"
Sweden,752,Europe,Northern Europe,2023,male,96,0.37028724,0.3124408162447012,0.6875591837552988,5451.083489894454,1703.1409750006378,"United Nations, World Population Prospects 2024"
Sweden,752,Europe,Northern Europe,2023,male,97,0.40877669,0.3394060493004854,0.6605939506995147,3747.942514893816,1272.0743619854359,"United Nations, World Population Prospects 2024"
Sweden,752,Europe,Northern Europe,2023,male,98,0.44884447,0.366576542935779,0.633423457064221,2475.868152908381,907.595188257947,"United Nations, World Population Prospects 2024"
Sweden,752,Europe,Northern Europe,2023,male,99,0.49016859,0.393683055812699,0.606316944187301,1568.272964650434,617.4024930720237,"United Nations, World Population Prospects 2024"
Sweden,752,Europe,Northern Europe,2023,male,100,0.57645942,1,0,950.8704715784102,950.8704715784102,"United Nations, World Population Prospects 2024"
United Kingdom,826,Europe,Western Europe,2023,both,0,0.00371515,0.0037082616259102494,0.9962917383740898,100000,370.82616259102497,"United Nations, World Population Prospects 2024"
United Kingdom,826,Europe,Western Europe,2023,both,1,2.5687e-4,2.568370131382176e-4,0.9997431629868618,99629.17383740898,25.588459429828376,"United Nations, World Population Prospects 2024"
United Kingdom,826,Europe,Western Europe,2023,both,2,1.3632e-4,1.3631070906207032e-4,0.9998636892909379,99603.58537797915,13.577035347996798,"United Nations, World Population Prospects 2024"
United Kingdom,826,Europe,Western Europe,2023,both,3,8.107e-5,8.106671396074961e-5,0.9999189332860392,99590.00834263116,8.073434719660748,"United Nations, World Population Prospects 2024"
United Kingdom,826,Europe,Western Europe,2023,both,4,6.412e-5,6.411794437870323e-5,0.9999358820556213,99581.93490791149,6.384988963549115,"United Nations, World Population Prospects 2024"
United Kingdom,826,Europe,Western Europe,2023,both,5,7.526e-5,7.525716807276541e-5,0.9999247428319272,99575.54991894795,7.493773896188308,"United Nations, World Population Prospects 2024"
United Kingdom,826,Europe,Western Europe,2023,both,6,8.928e-5,8.927601471870296e-5,0.9999107239852812,99568.05614505177,8.889039245918285,"United Nations, World Population Prospects 2024"
United Kingdom,826,Europe,Western Europe,2023,both,7,5.242e-5,5.241862610780972e-5,0.9999475813738922,99559.16710580584,5.218754756124185,"United Nations, World Population Prospects 2024"
United Kingdom,826,Europe,Western Europe,2023,both,8,4.771e-5,4.770886190509926e-5,0.9999522911380949,99553.94835104971,4.749605573987615,"United Nations, World Population Prospects 2024"
United Kingdom,826,Europe,Western Europe,2023,both,9,4.345e-5,4.3449056069256893e-5,0.9999565509439308,99549.19874547573,4.325318717941773,"United Nations, World Population Prospects 2024"
United Kingdom,826,Europe,Western Europe,2023,both,10,6.687e-5,6.686776427630142e-5,0.9999331322357237,99544.87342675778,6.656343131214701,"United Nations, World Population Prospects 2024"
United Kingdom,826,Europe,Western Europe,2023,both,11,6.282e-5,6.281802688577551e-5,0.9999371819731142,99538.21708362657,6.252794396921414,"United Nations, World Population Prospects 2024"
United Kingdom,826,Europe,Western Europe,2023,both,12,7.203e-5,7.202740593297532e-5,0.9999279725940671,99531.96428922964,7.169029195166747,"United Nations, World Population Prospects 2024"
United Kingdom,826,Europe,Western Europe,2023,both,13,1.0751e-4,1.0750422111059421e-4,0.9998924957788894,99524.79526003449,10.699335595621365,"United Nations, World Population Prospects 2024"
United Kingdom,826,Europe,Western Europe,2023,both,14,1.0076e-4,1.0075492396693055e-4,0.9998992450760331,99514.09592443887,10.02653516850467,"United Nations, World Population Prospects 2024"
United Kingdom,826,Europe,Western Europe,2023,both,15,1.1523e-4,1.152233614060326e-4,0.999884776638594,99504.06938927036,11.465193348610844,"United Nations, World Population Prospects 2024"
United Kingdom,826,Europe,Western Europe,2023,both,16,1.5621e-4,1.5619780017081764e-4,0.9998438021998292,99492.60419592175,15.540525908668839,"United Nations, World Population Prospects 2024"
United Kingdom,826,Europe,Western Europe,2023,both,17,2.0468e-4,2.0465905519229162e-4,0.9997953409448077,99477.06367001307,20.358881864008314,"United Nations, World Population Prospects 2024"
United Kingdom,826,Europe,Western Europe,2023,both,18,2.8482e-4,2.8477944455930027e-4,0.9997152205554407,99456.70478814907,28.323225147267394,"United Nations, World Population Prospects 2024"
United Kingdom,826,Europe,Western Europe,2023,both,19,3.0114e-4,3.0109466417641494e-4,0.9996989053358236,99428.38156300179,29.93735515631647,"United Nations, World Population Prospects 2024"
United Kingdom,826,Europe,Western Europe,2023,both,20,3.6471e-4,3.646435054335667e-4,0.9996353564945665,99398.44420784549,36.244997130591585,"United Nations, World Population Prospects 2024"
United Kingdom,826,Europe,Western Europe,2023,both,21,3.7725e-4,3.771788546385438e-4,0.9996228211453615,99362.19921071491,37.47732049266427,"United Nations, World Population Prospects 2024"
United Kingdom,826,Europe,Western Europe,2023,both,22,4.0009e-4,4.0000998000355026e-4,0.9995999900199964,99324.72189022225,39.730880017165994,"United Nations, World Population Prospects 2024"
United Kingdom,826,Europe,Western Europe,2023,both,23,3.8005e-4,3.7997779471955843e-4,0.9996200222052805,99284.99101020508,37.726091932808906,"United Nations, World Population Prospects 2024"
United Kingdom,826,Europe,Western Europe,2023,both,24,4.2863e-4,4.285381578447015e-4,0.9995714618421553,99247.26491827227,42.53124007920147,"United Nations, World Population Prospects 2024"
United Kingdom,826,Europe,Western Europe,2023,both,25,4.4231e-4,4.422122025603428e-4,0.9995577877974396,99204.73367819306,43.86954378424597,"United Nations, World Population Prospects 2024"
United Kingdom,826,Europe,Western Europe,2023,both,26,4.6195e-4,4.6184332573783767e-4,0.9995381566742622,99160.86413440882,45.79678327487324,"United Nations, World Population Prospects 2024"
United Kingdom,826,Europe,Western Europe,2023,both,27,5.144e-4,5.142677303397567e-4,0.9994857322696602,99115.06735113394,50.97168072913977,"United Nations, World Population Prospects 2024"
United Kingdom,826,Europe,Western Europe,2023,both,28,5.2483e-4,5.246923128667192e-4,0.9994753076871333,99064.0956704048,51.978169479354634,"United Nations, World Population Prospects 2024"
United Kingdom,826,Europe,Western Europe,2023,both,29,5.7277e-4,5.726060142266158e-4,0.9994273939857734,99012.11750092545,56.694933962342276,"United Nations, World Population Prospects 2024"
United Kingdom,826,Europe,Western Europe,2023,both,30,6.2657e-4,6.263737664945637e-4,0.9993736262335055,98955.42256696311,61.98308074832983,"United Nations, World Population Prospects 2024"
United Kingdom,826,Europe,Western Europe,2023,both,31,6.4931e-4,6.490992666775767e-4,0.9993509007333224,98893.43948621479,64.19165904972533,"United Nations, World Population Prospects 2024"
United Kingdom,826,Europe,Western Europe,2023,both,32,6.6936e-4,6.691360535455995e-4,0.9993308639464544,98829.24782716506,66.13021286594923,"United Nations, World Population Prospects 2024"
United Kingdom,826,Europe,Western Europe,2023,both,33,7.4717e-4,7.468909727359505e-4,0.999253109027264,98763.11761429912,73.76528098537896,"United Nations, World Population Prospects 2024"
United Kingdom,826,Europe,Western Europe,2023,both,34,7.9226e-4,7.919462863176011e-4,0.9992080537136824,98689.35233331374,78.1566660794571,"United Nations, World Population Prospects 2024"
United Kingdom,826,Europe,Western Europe,2023,both,35,8.8492e-4,8.845286314617235e-4,0.9991154713685383,98611.19566723428,87.22442595034298,"United Nations, World Population Prospects 2024"
United Kingdom,826,Europe,Western Europe,2023,both,36,9.0724e-4,9.068286443903316e-4,0.9990931713556097,98523.97124128394,89.34435928068554,"United Nations, World Population Prospects 2024"
United Kingdom,826,Europe,Western Europe,2023,both,37,0.00111949,0.0011188637216261383,0.9988811362783738,98434.62688200326,110.13493297007848,"United Nations, World Population Prospects 2024"
United Kingdom,826,Europe,Western Europe,2023,both,38,0.00110633,0.0011057183553059872,0.998894281644694,98324.49194903317,108.71919552418173,"United Nations, World Population Prospects 2024"
United Kingdom,826,Europe,Western Europe,2023,both,39,0.00118884,0.0011881337495366004,0.9988118662504634,98215.77275350898,116.6934743452613,"United Nations, World Population Prospects 2024"
United Kingdom,826,Europe,Western Europe,2023,both,40,0.00131172,0.0013108602591904075,0.9986891397408096,98099.07927916372,128.59418449022488,"United Nations, World Population Prospects 2024"
United Kingdom,826,Europe,Western Europe,2023,both,41,0.00134002,0.0013391227743499575,0.99866087722565,97970.4850946735,131.19450780439033,"United Nations, World Population Prospects 2024"
United Kingdom,826,Europe,Western Europe,2023,both,42,0.00146395,0.0014628792089909988,0.998537120791009,97839.2905868691,143.12706402195954,"United Nations, World Population Prospects 2024"
United Kingdom,826,Europe,Western Europe,2023,both,43,0.00157728,0.0015760370741218646,0.9984239629258781,97696.16352284714,153.97277571147924,"United Nations, World Population Prospects 2024"
United Kingdom,826,Europe,Western Europe,2023,both,44,0.00185667,0.0018549479868606178,0.9981450520131394,97542.19074713565,180.93569036037366,"United Nations, World Population Prospects 2024"
United Kingdom,826,Europe,Western Europe,2023,both,45,0.00210963,0.002107407075405756,0.9978925929245942,97361.25505677529,205.17979777703266,"United Nations, World Population Prospects 2024"
United Kingdom,826,Europe,Western Europe,2023,both,46,0.0022881,0.0022854852905533425,0.9977145147094466,97156.07525899826,222.04878089233404,"United Nations, World Population Prospects 2024"
United Kingdom,826,Europe,Western Europe,2023,both,47,0.00243501,0.002432048968220946,0.9975679510317791,96934.02647810592,235.74829908157938,"United Nations, World Population Prospects 2024"
United Kingdom,826,Europe,Western Europe,2023,both,48,0.00255709,0.0025538248200454553,0.9974461751799546,96698.27817902433,246.9504628692522,"United Nations, World Population Prospects 2024"
United Kingdom,826,Europe,Western Europe,2023,both,49,0.00275639,0.0027525963854245898,0.9972474036145754,96451.3277161551,265.49157604089106,"United Nations, World Population Prospects 2024"
United Kingdom,826,Europe,Western Europe,2023,both,50,0.00307051,0.0030658032102923822,0.9969341967897076,96185.8361401142,294.8868452230192,"United Nations, World Population Prospects 2024"
United Kingdom,826,Europe,Western Europe,2023,both,51,0.00324501,0.0032397534837738094,0.9967602465162262,95890.94929489118,310.6630370405014,"United Nations, World Population Prospects 2024"
United Kingdom,826,Europe,Western Europe,2023,both,52,0.00334467,0.003339085929731702,0.9966609140702682,95580.28625785068,319.1507890033175,"United Nations, World Population Prospects 2024"
United Kingdom,826,Europe,Western Europe,2023,both,53,0.0035668,0.003560450292947557,0.9964395497070524,95261.13546884735,339.17253768657446,"United Nations, World Population Prospects 2024"
United Kingdom,826,Europe,Western Europe,2023,both,54,0.00390124,0.0038936449782325604,0.9961063550217675,94921.96293116077,369.5924242908914,"United Nations, World Population Prospects 2024"
United Kingdom,826,Europe,Western Europe,2023,both,55,0.00415628,0.004147660580640947,0.995852339419359,94552.37050686989,392.1711399575019,"United Nations, World Population Prospects 2024"
United Kingdom,826,Europe,Western Europe,2023,both,56,0.00465834,0.004647515147144725,0.9953524848528553,94160.19936691239,437.61095281589246,"United Nations, World Population Prospects 2024"
United Kingdom,826,Europe,Western Europe,2023,both,57,0.00489916,0.004887188440938845,0.9951128115590612,93722.58841409649,458.0399507522413,"United Nations, World Population Prospects 2024"
United Kingdom,826,Europe,Western Europe,2023,both,58,0.00535644,0.0053421325936450475,0.994657867406355,93264.54846334425,498.2315841776195,"United Nations, World Population Prospects 2024"
United Kingdom,826,Europe,Western Europe,2023,both,59,0.00593732,0.0059197462859906305,0.9940802537140093,92766.31687916664,549.1530598104766,"United Nations, World Population Prospects 2024"
United Kingdom,826,Europe,Western Europe,2023,both,60,0.00641201,0.0063915187589013685,0.9936084812410987,92217.16381935617,589.4077324440955,"United Nations, World Population Prospects 2024"
United Kingdom,826,Europe,Western Europe,2023,both,61,0.00695998,0.006935843334554185,0.9930641566654458,91627.75608691206,635.5157613155657,"United Nations, World Population Prospects 2024"
United Kingdom,826,Europe,Western Europe,2023,both,62,0.00799182,0.00796001250642545,0.9920399874935746,90992.24032559649,724.2993709794181,"United Nations, World Population Prospects 2024"
United Kingdom,826,Europe,Western Europe,2023,both,63,0.00828321,0.008249045711037935,0.9917509542889621,90267.9409546171,744.6243711759097,"United Nations, World Population Prospects 2024"
United Kingdom,826,Europe,Western Europe,2023,both,64,0.00899015,0.008949919440869336,0.9910500805591307,89523.31658344118,801.2264715012404,"United Nations, World Population Prospects 2024"
United Kingdom,826,Europe,Western Europe,2023,both,65,0.00984018,0.009792002466584186,0.9902079975334158,88722.09011193995,868.7669252166204,"United Nations, World Population Prospects 2024"
United Kingdom,826,Europe,Western Europe,2023,both,66,0.01050166,0.01044680559975265,0.9895531944002474,87853.32318672333,917.7865886239406,"United Nations, World Population Prospects 2024"
United Kingdom,826,Europe,Western Europe,2023,both,67,0.01138522,0.01132077524165162,0.9886792247583484,86935.53659809938,984.1776703394618,"United Nations, World Population Prospects 2024"
United Kingdom,826,Europe,Western Europe,2023,both,68,0.01255303,0.012474732156498754,0.9875252678435013,85951.35892775991,1072.2201811108928,"United Nations, World Population Prospects 2024"
United Kingdom,826,Europe,Western Europe,2023,both,69,0.01404394,0.013946011525448644,0.9860539884745514,84879.13874664901,1183.7254472309216,"United Nations, World Population Prospects 2024"
United Kingdom,826,Europe,Western Europe,2023,both,70,0.01545057,0.015332124964989839,0.9846678750350102,83695.41329941811,1283.228535703151,"United Nations, World Population Prospects 2024"
United Kingdom,826,Europe,Western Europe,2023,both,71,0.01721609,0.01706915792050816,0.9829308420794919,82412.18476371496,1406.7065963059472,"United Nations, World Population Prospects 2024"
United Kingdom,826,Europe,Western Europe,2023,both,72,0.01887345,0.01869701144467475,0.9813029885553253,81005.47816740902,1514.560352377397,"United Nations, World Population Prospects 2024"
United Kingdom,826,Europe,Western Europe,2023,both,73,0.02059561,0.020385682219709465,0.9796143177802905,79490.91781503161,1620.4765899302763,"United Nations, World Population Prospects 2024"
United Kingdom,826,Europe,Western Europe,2023,both,74,0.02294768,0.022687368760817384,0.9773126312391827,77870.44122510134,1766.6754156414304,"United Nations, World Population Prospects 2024"
United Kingdom,826,Europe,Western Europe,2023,both,75,0.02556807,0.025245332782126647,0.9747546672178734,76103.76580945992,1921.2648938328475,"United Nations, World Population Prospects 2024"
United Kingdom,826,Europe,Western Europe,2023,both,76,0.02750476,0.027131635439415693,0.9728683645605843,74182.50091562707,2012.6925708269143,"United Nations, World Population Prospects 2024"
United Kingdom,826,Europe,Western Europe,2023,both,77,0.03041178,0.029956268279727964,0.970043731720272,72169.80834480016,2161.9381404733836,"United Nations, World Population Prospects 2024"
United Kingdom,826,Europe,Western Europe,2023,both,78,0.03467364,0.034082753438531795,0.9659172465614682,70007.87020432677,2386.060978930806,"United Nations, World Population Prospects 2024"
United Kingdom,826,Europe,Western Europe,2023,both,79,0.04003879,0.03925296930260821,0.9607470306973918,67621.80922539596,2654.356801711296,"United Nations, World Population Prospects 2024"
United Kingdom,826,Europe,Western Europe,2023,both,80,0.04524604,0.0442450826111855,0.9557549173888145,64967.45242368467,2874.490299524192,"United Nations, World Population Prospects 2024"
United Kingdom,826,Europe,Western Europe,2023,both,81,0.05040143,0.04916249985252887,0.9508375001474711,62092.96212416047,3052.64524127212,"United Nations, World Population Prospects 2024"
United Kingdom,826,Europe,Western Europe,2023,both,82,0.05701915,0.05543861854664795,0.944561381453352,59040.31688288836,3273.1136065436667,"United Nations, World Population Prospects 2024"
United Kingdom,826,Europe,Western Europe,2023,both,83,0.06490392,0.06286386438745296,0.937136135612547,55767.20327634468,3505.7419040316545,"United Nations, World Population Prospects 2024"
United Kingdom,826,Europe,Western Europe,2023,both,84,0.07394006,0.07130395079981242,0.9286960492001876,52261.46137231303,3726.448670417705,"United Nations, World Population Prospects 2024"
United Kingdom,826,Europe,Western Europe,2023,both,85,0.08281847,0.07952538465822229,0.9204746153417778,48535.01270189533,3859.7655545099306,"United Nations, World Population Prospects 2024"
United Kingdom,826,Europe,Western Europe,2023,both,86,0.09407119,0.0898452645251282,0.9101547354748718,44675.247147385395,4013.85939768232,"United Nations, World Population Prospects 2024"
United Kingdom,826,Europe,Western Europe,2023,both,87,0.10535431,0.10008226121331569,0.8999177387866844,40661.38774970308,4069.483630061698,"United Nations, World Population Prospects 2024"
United Kingdom,826,Europe,Western Europe,2023,both,88,0.11973089,0.11296800982128444,0.8870319901787156,36591.904119641375,4133.714583967146,"United Nations, World Population Prospects 2024"
United Kingdom,826,Europe,Western Europe,2023,both,89,0.13573462,0.1271081329383517,0.8728918670616483,32458.189535674235,4125.699870438696,"United Nations, World Population Prospects 2024"
United Kingdom,826,Europe,Western Europe,2023,both,90,0.15328889,0.1423765205977541,0.8576234794022459,28332.48966523554,4033.881298408063,"United Nations, World Population Prospects 2024"
United Kingdom,826,Europe,Western Europe,2023,both,91,0.17382615,0.15992645042014975,0.8400735495798503,24298.608366827477,3885.99018625607,"United Nations, World Population Prospects 2024"
United Kingdom,826,Europe,Western Europe,2023,both,92,0.1948525,0.1775540725401821,0.8224459274598179,20412.618180571408,3624.343489168216,"United Nations, World Population Prospects 2024"
United Kingdom,826,Europe,Western Europe,2023,both,93,0.21610077,0.1950279273627074,0.8049720726372926,16788.274691403192,3274.182417060161,"United Nations, World Population Prospects 2024"
United Kingdom,826,Europe,Western Europe,2023,both,94,0.245326,0.21852149754645872,0.7814785024535413,13514.092274343031,2953.119681770467,"United Nations, World Population Prospects 2024"
United Kingdom,826,Europe,Western Europe,2023,both,95,0.27124879,0.23885431767252588,0.7611456823274741,10560.972592572565,2522.5339025571666,"United Nations, World Population Prospects 2024"
United Kingdom,826,Europe,Western Europe,2023,both,96,0.30096296,0.26159739659607556,0.7384026034039244,8038.438690015398,2102.834634005196,"United Nations, World Population Prospects 2024"
United Kingdom,826,Europe,Western Europe,2023,both,97,0.33279935,0.285321881626896,0.714678118373104,5935.604056010202,1693.5577178530664,"United Nations, World Population Prospects 2024"
United Kingdom,826,Europe,Western Europe,2023,both,98,0.36704709,0.31013078831481977,0.6898692116851802,4242.046338157135,1315.589174920667,"United Nations, World Population Prospects 2024"
United Kingdom,826,Europe,Western Europe,2023,both,99,0.40366742,0.3358762669421213,0.6641237330578786,2926.4571632364687,982.9275073538952,"United Nations, World Population Prospects 2024"
United Kingdom,826,Europe,Western Europe,2023,both,100,0.49214373,1,0,1943.529655882573,1943.529655882573,"United Nations, World Population Prospects 2024"
United Kingdom,826,Europe,Western Europe,2023,female,0,0.00327579,0.003270433373529663,0.9967295666264704,100000,327.0433373529663,"United Nations, World Population Prospects 2024"
United Kingdom,826,Europe,Western Europe,2023,female,1,2.387e-4,2.3867151455473788e-4,0.9997613284854453,99672.95666264703,23.78909552682272,"United Nations, World Population Prospects 2024"
United Kingdom,826,Europe,Western Europe,2023,female,2,1.3747e-4,1.374605516489824e-4,0.999862539448351,99649.16756712022,13.697829545138232,"United Nations, World Population Prospects 2024"
United Kingdom,826,Europe,Western Europe,2023,female,3,8.972e-5,8.971597534134618e-5,0.9999102840246586,99635.46973757508,8.93889334609973,"United Nations, World Population Prospects 2024"
United Kingdom,826,Europe,Western Europe,2023,female,4,6.397e-5,6.39679539849918e-5,0.999936032046015,99626.53084422898,6.372905340728006,"United Nations, World Population Prospects 2024"
United Kingdom,826,Europe,Western Europe,2023,female,5,7.539e-5,7.538715828106859e-5,0.999924612841719,99620.15793888825,7.51008061452402,"United Nations, World Population Prospects 2024"
United Kingdom,826,Europe,Western Europe,2023,female,6,8.503e-5,8.502638510323734e-5,0.9999149736148968,99612.64785827373,8.469703357950753,"United Nations, World Population Prospects 2024"
United Kingdom,826,Europe,Western Europe,2023,female,7,5.752e-5,5.751834577237559e-5,0.9999424816542276,99604.17815491577,5.729067559487745,"United Nations, World Population Prospects 2024"
United Kingdom,826,Europe,Western Europe,2023,female,8,4.777e-5,4.7768859040801805e-5,0.9999522311409592,99598.44908735629,4.757704275136398,"United Nations, World Population Prospects 2024"
United Kingdom,826,Europe,Western Europe,2023,female,9,3.797e-5,3.796927915323527e-5,0.9999620307208468,99593.69138308117,3.781500670025371,"United Nations, World Population Prospects 2024"
United Kingdom,826,Europe,Western Europe,2023,female,10,6.473e-5,6.472790508135203e-5,0.9999352720949186,99589.90988241113,6.44624623392911,"United Nations, World Population Prospects 2024"
United Kingdom,826,Europe,Western Europe,2023,female,11,4.582e-5,4.581895028784891e-5,0.9999541810497121,99583.4636361772,4.562809769837813,"United Nations, World Population Prospects 2024"
United Kingdom,826,Europe,Western Europe,2023,female,12,3.626e-5,3.625934261811834e-5,0.9999637406573819,99578.90082640736,3.6106654826003317,"United Nations, World Population Prospects 2024"
United Kingdom,826,Europe,Western Europe,2023,female,13,8.096e-5,8.095672287185815e-5,0.9999190432771281,99575.29016092476,8.06128917044285,"United Nations, World Population Prospects 2024"
United Kingdom,826,Europe,Western Europe,2023,female,14,9.721e-5,9.720527533759222e-5,0.9999027947246624,99567.22887175433,9.678459897079941,"United Nations, World Population Prospects 2024"
United Kingdom,826,Europe,Western Europe,2023,female,15,9.808e-5,9.807519039266314e-5,0.9999019248096074,99557.55041185723,9.764125711670056,"United Nations, World Population Prospects 2024"
United Kingdom,826,Europe,Western Europe,2023,female,16,1.1621e-4,1.1620324801027437e-4,0.9998837967519897,99547.78628614557,11.567776098682764,"United Nations, World Population Prospects 2024"
United Kingdom,826,Europe,Western Europe,2023,female,17,1.4221e-4,1.4219988887690142e-4,0.9998578001111231,99536.21851004688,14.154039211355643,"United Nations, World Population Prospects 2024"
United Kingdom,826,Europe,Western Europe,2023,female,18,2.2532e-4,2.2529461830830136e-4,0.9997747053816917,99522.06447083552,22.42178552821105,"United Nations, World Population Prospects 2024"
United Kingdom,826,Europe,Western Europe,2023,female,19,1.7781e-4,1.7779419320725293e-4,0.9998222058067927,99499.6426853073,17.690458695644157,"United Nations, World Population Prospects 2024"
United Kingdom,826,Europe,Western Europe,2023,female,20,1.8483e-4,1.8481292051395073e-4,0.999815187079486,99481.95222661167,18.385550129429426,"United Nations, World Population Prospects 2024"
United Kingdom,826,Europe,Western Europe,2023,female,21,2.0792e-4,2.078983868836996e-4,0.9997921016131163,99463.56667648222,20.67831506573995,"United Nations, World Population Prospects 2024"
United Kingdom,826,Europe,Western Europe,2023,female,22,2.4678e-4,2.467495535725847e-4,0.9997532504464274,99442.8883614165,24.537488309147896,"United Nations, World Population Prospects 2024"
United Kingdom,826,Europe,Western Europe,2023,female,23,2.2282e-4,2.227951783891757e-4,0.9997772048216108,99418.35087310734,22.14992921793161,"United Nations, World Population Prospects 2024"
United Kingdom,826,Europe,Western Europe,2023,female,24,2.5081e-4,2.5077855111579737e-4,0.9997492214488842,99396.2009438894,24.926435259123235,"United Nations, World Population Prospects 2024"
United Kingdom,826,Europe,Western Europe,2023,female,25,2.3661e-4,2.365820111651691e-4,0.9997634179888348,99371.27450863027,23.50945597529785,"United Nations, World Population Prospects 2024"
United Kingdom,826,Europe,Western Europe,2023,female,26,2.8405e-4,2.840096635275375e-4,0.9997159903364725,99347.76505265498,28.21572532481739,"United Nations, World Population Prospects 2024"
United Kingdom,826,Europe,Western Europe,2023,female,27,3.3172e-4,3.316649900447511e-4,0.9996683350099552,99319.54932733018,32.940817338898135,"United Nations, World Population Prospects 2024"
United Kingdom,826,Europe,Western Europe,2023,female,28,3.0785e-4,3.0780262148148843e-4,0.9996921973785186,99286.60850999127,30.56067837738157,"United Nations, World Population Prospects 2024"
United Kingdom,826,Europe,Western Europe,2023,female,29,3.574e-4,3.573361440310617e-4,0.9996426638559689,99256.0478316139,35.467773403911536,"United Nations, World Population Prospects 2024"
United Kingdom,826,Europe,Western Europe,2023,female,30,4.0861e-4,4.0852653598606536e-4,0.9995914734640139,99220.58005820999,40.5342398697086,"United Nations, World Population Prospects 2024"
United Kingdom,826,Europe,Western Europe,2023,female,31,4.2883e-4,4.28738072126265e-4,0.9995712619278737,99180.04581834027,42.52226163754983,"United Nations, World Population Prospects 2024"
United Kingdom,826,Europe,Western Europe,2023,female,32,4.4333e-4,4.432317510339071e-4,0.9995567682489661,99137.52355670271,43.940898159202554,"United Nations, World Population Prospects 2024"
United Kingdom,826,Europe,Western Europe,2023,female,33,4.8659e-4,4.864716438814019e-4,0.9995135283561186,99093.58265854351,48.206218053999244,"United Nations, World Population Prospects 2024"
United Kingdom,826,Europe,Western Europe,2023,female,34,6.0198e-4,6.017988645597562e-4,0.9993982011354402,99045.37644048952,59.60539508178022,"United Nations, World Population Prospects 2024"
United Kingdom,826,Europe,Western Europe,2023,female,35,6.0324e-4,6.030581056141847e-4,0.9993969418943858,98985.77104540773,59.694171569403,"United Nations, World Population Prospects 2024"
United Kingdom,826,Europe,Western Europe,2023,female,36,6.4923e-4,6.490193185938946e-4,0.9993509806814062,98926.07687383833,64.20493500382578,"United Nations, World Population Prospects 2024"
United Kingdom,826,Europe,Western Europe,2023,female,37,8.3497e-4,8.346215580188504e-4,0.9991653784419812,98861.8719388345,82.51224958625012,"United Nations, World Population Prospects 2024"
United Kingdom,826,Europe,Western Europe,2023,female,38,7.977e-4,7.973819642035774e-4,0.9992026180357965,98779.35968924826,78.76487985178446,"United Nations, World Population Prospects 2024"
United Kingdom,826,Europe,Western Europe,2023,female,39,8.9498e-4,8.945796845369666e-4,0.999105420315463,98700.59480939648,88.29554696820087,"United Nations, World Population Prospects 2024"
United Kingdom,826,Europe,Western Europe,2023,female,40,0.00101111,0.0010105990865787848,0.9989894009134213,98612.29926242828,99.65749956004379,"United Nations, World Population Prospects 2024"
United Kingdom,826,Europe,Western Europe,2023,female,41,0.00104154,0.001040997879534275,0.9989590021204657,98512.64176286824,102.5514511824655,"United Nations, World Population Prospects 2024"
United Kingdom,826,Europe,Western Europe,2023,female,42,0.00116476,0.0011640820618887971,0.9988359179381112,98410.09031168577,114.5574208406899,"United Nations, World Population Prospects 2024"
United Kingdom,826,Europe,Western Europe,2023,female,43,0.00119931,0.001198591258758729,0.9988014087412412,98295.53289084509,117.81616649799807,"United Nations, World Population Prospects 2024"
United Kingdom,826,Europe,Western Europe,2023,female,44,0.00142165,0.0014206401734487082,0.9985793598265513,98177.71672434708,139.47520851607456,"United Nations, World Population Prospects 2024"
United Kingdom,826,Europe,Western Europe,2023,female,45,0.00161176,0.0016104621607538918,0.9983895378392461,98038.241515831,157.8868782680971,"United Nations, World Population Prospects 2024"
United Kingdom,826,Europe,Western Europe,2023,female,46,0.00178121,0.0017796250570260876,0.9982203749429739,97880.35463756292,174.1903317036066,"United Nations, World Population Prospects 2024"
United Kingdom,826,Europe,Western Europe,2023,female,47,0.00186169,0.001859958666774826,0.9981400413332252,97706.1643058593,181.72942709800816,"United Nations, World Population Prospects 2024"
United Kingdom,826,Europe,Western Europe,2023,female,48,0.00198077,0.0019788102160441835,0.9980211897839558,97524.4348787613,192.98234805202856,"United Nations, World Population Prospects 2024"
United Kingdom,826,Europe,Western Europe,2023,female,49,0.00207221,0.00207006519510103,0.997929934804899,97331.45253070927,201.4824522724493,"United Nations, World Population Prospects 2024"
United Kingdom,826,Europe,Western Europe,2023,female,50,0.00235035,0.0023475911695473276,0.9976524088304527,97129.97007843682,228.02146005453443,"United Nations, World Population Prospects 2024"
United Kingdom,826,Europe,Western Europe,2023,female,51,0.00254958,0.0025463339589324925,0.9974536660410676,96901.94861838229,246.74472245371834,"United Nations, World Population Prospects 2024"
United Kingdom,826,Europe,Western Europe,2023,female,52,0.002633,0.002629538212942661,0.9973704617870573,96655.20389592857,254.15855212410855,"United Nations, World Population Prospects 2024"
United Kingdom,826,Europe,Western Europe,2023,female,53,0.00272337,0.002719666670689522,0.9972803333293104,96401.04534380446,262.1787100411743,"United Nations, World Population Prospects 2024"
United Kingdom,826,Europe,Western Europe,2023,female,54,0.00306119,0.0030565117184463047,0.9969434882815537,96138.86663376329,293.8495724642439,"United Nations, World Population Prospects 2024"
United Kingdom,826,Europe,Western Europe,2023,female,55,0.00331889,0.0033133916088616327,0.9966866083911383,95845.01706129905,317.5720752821083,"United Nations, World Population Prospects 2024"
United Kingdom,826,Europe,Western Europe,2023,female,56,0.00360579,0.003599300838514746,0.9964006991614852,95527.44498601693,343.832012839342,"United Nations, World Population Prospects 2024"
United Kingdom,826,Europe,Western Europe,2023,female,57,0.00389557,0.003887997017728823,0.9961120029822712,95183.61297317759,370.07360337636896,"United Nations, World Population Prospects 2024"
United Kingdom,826,Europe,Western Europe,2023,female,58,0.0041944,0.004185621913722542,0.9958143780862775,94813.53936980122,396.8536281038349,"United Nations, World Population Prospects 2024"
United Kingdom,826,Europe,Western Europe,2023,female,59,0.00467533,0.004664426134280806,0.9953355738657192,94416.68574169738,440.3996564857512,"United Nations, World Population Prospects 2024"
United Kingdom,826,Europe,Western Europe,2023,female,60,0.00506722,0.005054414085927753,0.9949455859140722,93976.28608521164,474.99506413227,"United Nations, World Population Prospects 2024"
United Kingdom,826,Europe,Western Europe,2023,female,61,0.00543612,0.005421384352048072,0.9945786156479519,93501.29102107936,506.9064360379725,"United Nations, World Population Prospects 2024"
United Kingdom,826,Europe,Western Europe,2023,female,62,0.00643563,0.006414987756173369,0.9935850122438267,92994.38458504139,596.5578385059181,"United Nations, World Population Prospects 2024"
United Kingdom,826,Europe,Western Europe,2023,female,63,0.00651152,0.006490388851592538,0.9935096111484074,92397.82674653549,599.6978246270928,"United Nations, World Population Prospects 2024"
United Kingdom,826,Europe,Western Europe,2023,female,64,0.00712563,0.00710033282769649,0.9928996671723035,91798.12892190838,651.7972683053407,"United Nations, World Population Prospects 2024"
United Kingdom,826,Europe,Western Europe,2023,female,65,0.0077943,0.007764042362307732,0.9922359576376922,91146.33165360305,707.6639801275243,"United Nations, World Population Prospects 2024"
United Kingdom,826,Europe,Western Europe,2023,female,66,0.00820882,0.008175265359107425,0.9918247346408926,90438.66767347552,739.360106954793,"United Nations, World Population Prospects 2024"
United Kingdom,826,Europe,Western Europe,2023,female,67,0.00899066,0.008950424886494992,0.991049575113505,89699.30756652073,802.8469147447557,"United Nations, World Population Prospects 2024"
United Kingdom,826,Europe,Western Europe,2023,female,68,0.0100076,0.009957773293991527,0.9900422267060085,88896.46065177597,885.2108018086234,"United Nations, World Population Prospects 2024"
United Kingdom,826,Europe,Western Europe,2023,female,69,0.01115282,0.011090972191760147,0.9889090278082399,88011.24984996734,976.1303246480421,"United Nations, World Population Prospects 2024"
United Kingdom,826,Europe,Western Europe,2023,female,70,0.01263296,0.01255366502593697,0.987446334974063,87035.1195253193,1092.6097360132449,"United Nations, World Population Prospects 2024"
United Kingdom,826,Europe,Western Europe,2023,female,71,0.01357936,0.013487782274446834,0.9865122177255532,85942.50978930606,1159.1738601576758,"United Nations, World Population Prospects 2024"
United Kingdom,826,Europe,Western Europe,2023,female,72,0.01530612,0.015189871005800349,0.9848101289941996,84783.33592914838,1287.847936205202,"United Nations, World Population Prospects 2024"
United Kingdom,826,Europe,Western Europe,2023,female,73,0.01684345,0.016702783748535364,0.9832972162514646,83495.48799294318,1394.607079924561,"United Nations, World Population Prospects 2024"
United Kingdom,826,Europe,Western Europe,2023,female,74,0.01862914,0.018457218942157943,0.9815427810578421,82100.88091301861,1515.3539343556206,"United Nations, World Population Prospects 2024"
United Kingdom,826,Europe,Western Europe,2023,female,75,0.02044885,0.020241888330902312,0.9797581116690977,80585.526978663,1631.203238189012,"United Nations, World Population Prospects 2024"
United Kingdom,826,Europe,Western Europe,2023,female,76,0.02242689,0.022178196018744586,0.9778218039812554,78954.32374047398,1751.064468443651,"United Nations, World Population Prospects 2024"
United Kingdom,826,Europe,Western Europe,2023,female,77,0.02528977,0.02497397693368095,0.975026023066319,77203.25927203032,1928.0724162646752,"United Nations, World Population Prospects 2024"
United Kingdom,826,Europe,Western Europe,2023,female,78,0.02875028,0.028342847597783202,0.9716571524022168,75275.18685576566,2133.5131489476194,"United Nations, World Population Prospects 2024"
United Kingdom,826,Europe,Western Europe,2023,female,79,0.03396813,0.03340084782941019,0.9665991521705898,73141.67370681804,2442.9939134698016,"United Nations, World Population Prospects 2024"
United Kingdom,826,Europe,Western Europe,2023,female,80,0.03831979,0.03759938964238776,0.9624006103576123,70698.67979334823,2658.227208752506,"United Nations, World Population Prospects 2024"
United Kingdom,826,Europe,Western Europe,2023,female,81,0.04328242,0.04236557763757395,0.957634422362426,68040.45258459573,2882.5730764683594,"United Nations, World Population Prospects 2024"
United Kingdom,826,Europe,Western Europe,2023,female,82,0.04931728,0.04813044859505601,0.951869551404944,65157.87950812736,3136.0779702287773,"United Nations, World Population Prospects 2024"
United Kingdom,826,Europe,Western Europe,2023,female,83,0.05629484,0.05475366557842454,0.9452463344215755,62021.80153789859,3395.920979977516,"United Nations, World Population Prospects 2024"
United Kingdom,826,Europe,Western Europe,2023,female,84,0.0642967,0.06229404910640995,0.9377059508935901,58625.880557921075,3652.0434823816595,"United Nations, World Population Prospects 2024"
United Kingdom,826,Europe,Western Europe,2023,female,85,0.07286183,0.07030071078109437,0.9296992892189057,54973.83707553941,3864.699820774499,"United Nations, World Population Prospects 2024"
United Kingdom,826,Europe,Western Europe,2023,female,86,0.08402565,0.08063782708240658,0.9193621729175934,51109.137254764915,4121.329772280717,"United Nations, World Population Prospects 2024"
United Kingdom,826,Europe,Western Europe,2023,female,87,0.09506951,0.09075547092468544,0.9092445290753146,46987.8074824842,4264.400595791311,"United Nations, World Population Prospects 2024"
United Kingdom,826,Europe,Western Europe,2023,female,88,0.108148,0.10260000721011997,0.89739999278988,42723.40688669289,4383.421854615579,"United Nations, World Population Prospects 2024"
United Kingdom,826,Europe,Western Europe,2023,female,89,0.12294318,0.11582333541305613,0.8841766645869439,38339.985032077304,4440.664946101841,"United Nations, World Population Prospects 2024"
United Kingdom,826,Europe,Western Europe,2023,female,90,0.14106714,0.13177273833645403,0.868227261663546,33899.320085975465,4467.006235472945,"United Nations, World Population Prospects 2024"
United Kingdom,826,Europe,Western Europe,2023,female,91,0.15920636,0.1474674796715586,0.8525325203284414,29432.313850502524,4340.309144435913,"United Nations, World Population Prospects 2024"
United Kingdom,826,Europe,Western Europe,2023,female,92,0.18052728,0.16558130838885904,0.8344186916111409,25092.00470606661,4154.766969329918,"United Nations, World Population Prospects 2024"
United Kingdom,826,Europe,Western Europe,2023,female,93,0.19971898,0.181585904214001,0.818414095785999,20937.23773673669,3801.9072461688356,"United Nations, World Population Prospects 2024"
United Kingdom,826,Europe,Western Europe,2023,female,94,0.22743681,0.20421392784650982,0.7957860721534902,17135.330490567856,3499.273144426924,"United Nations, World Population Prospects 2024"
United Kingdom,826,Europe,Western Europe,2023,female,95,0.2550044,0.2261675409591219,0.773832459040878,13636.057346140931,3084.033558354264,"United Nations, World Population Prospects 2024"
United Kingdom,826,Europe,Western Europe,2023,female,96,0.28458766,0.24913700181677423,0.7508629981832258,10552.023787786668,2628.899569588452,"United Nations, World Population Prospects 2024"
United Kingdom,826,Europe,Western Europe,2023,female,97,0.31645417,0.27322290602451244,0.7267770939754876,7923.124218198214,2164.7790236893093,"United Nations, World Population Prospects 2024"
United Kingdom,826,Europe,Western Europe,2023,female,98,0.35078361,0.2984397275085647,0.7015602724914354,5758.3451945089055,1718.5189707494906,"United Nations, World Population Prospects 2024"
United Kingdom,826,Europe,Western Europe,2023,female,99,0.38756649,0.3246539869136796,0.6753460130863205,4039.826223759416,1311.545689981929,"United Nations, World Population Prospects 2024"
United Kingdom,826,Europe,Western Europe,2023,female,100,0.47928139,1,0,2728.2805337774867,2728.2805337774867,"United Nations, World Population Prospects 2024"
United Kingdom,826,Europe,Western Europe,2023,male,0,0.00413189,0.0041233713415936915,0.9958766286584063,100000,412.33713415936916,"United Nations, World Population Prospects 2024"
United Kingdom,826,Europe,Western Europe,2023,male,1,2.7411e-4,2.740724370021467e-4,0.9997259275629978,99587.66286584063,27.29423345698913,"United Nations, World Population Prospects 2024"
United Kingdom,826,Europe,Western Europe,2023,male,2,1.3522e-4,1.3521085839386397e-4,0.9998647891416061,99560.36863238364,13.46164290479412,"United Nations, World Population Prospects 2024"
United Kingdom,826,Europe,Western Europe,2023,male,3,7.287e-5,7.286734507828208e-5,0.9999271326549217,99546.90698947884,7.253718823078005,"United Nations, World Population Prospects 2024"
United Kingdom,826,Europe,Western Europe,2023,male,4,6.427e-5,6.42679347499168e-5,0.9999357320652501,99539.65327065578,6.397207941427848,"United Nations, World Population Prospects 2024"
United Kingdom,826,Europe,Western Europe,2023,male,5,7.513e-5,7.512717784756415e-5,0.9999248728221525,99533.25606271435,7.477652629970684,"United Nations, World Population Prospects 2024"
United Kingdom,826,Europe,Western Europe,2023,male,6,9.332e-5,9.331564589196267e-5,0.999906684354108,99525.77841008437,9.287312295237378,"United Nations, World Population Prospects 2024"
United Kingdom,826,Europe,Western Europe,2023,male,7,4.759e-5,4.7588867622894915e-5,0.9999524111323771,99516.49109778914,4.735877121147688,"United Nations, World Population Prospects 2024"
United Kingdom,826,Europe,Western Europe,2023,male,8,4.765e-5,4.764886476579696e-5,0.9999523511352342,99511.75522066798,4.741622167116698,"United Nations, World Population Prospects 2024"
United Kingdom,826,Europe,Western Europe,2023,male,9,4.866e-5,4.865881613100353e-5,0.999951341183869,99507.01359850087,4.841893478434722,"United Nations, World Population Prospects 2024"
United Kingdom,826,Europe,Western Europe,2023,male,10,6.891e-5,6.890762578775348e-5,0.9999310923742123,99502.17170502244,6.856458412918479,"United Nations, World Population Prospects 2024"
United Kingdom,826,Europe,Western Europe,2023,male,11,7.9e-5,7.899687962325488e-5,0.9999210031203768,99495.31524660952,7.859819441614208,"United Nations, World Population Prospects 2024"
United Kingdom,826,Europe,Western Europe,2023,male,12,1.0609e-4,1.0608437275444723e-4,0.9998939156272455,99487.45542716791,10.554064305927135,"United Nations, World Population Prospects 2024"
United Kingdom,826,Europe,Western Europe,2023,male,13,1.3281e-4,1.3280118133755325e-4,0.9998671988186625,99476.90136286199,13.210650016787334,"United Nations, World Population Prospects 2024"
United Kingdom,826,Europe,Western Europe,2023,male,14,1.0413e-4,1.0412457875380718e-4,0.9998958754212461,99463.69071284519,10.356614896773968,"United Nations, World Population Prospects 2024"
United Kingdom,826,Europe,Western Europe,2023,male,15,1.3153e-4,1.315213504983845e-4,0.9998684786495016,99453.3340979484,13.080236812129206,"United Nations, World Population Prospects 2024"
United Kingdom,826,Europe,Western Europe,2023,male,16,1.9424e-4,1.9422113724315096e-4,0.9998057788627569,99440.25386113627,19.31339919265752,"United Nations, World Population Prospects 2024"
United Kingdom,826,Europe,Western Europe,2023,male,17,2.6418e-4,2.6414510907254264e-4,0.9997358548909274,99420.94046194362,26.261555162414865,"United Nations, World Population Prospects 2024"
United Kingdom,826,Europe,Western Europe,2023,male,18,3.4141e-4,3.4135172955300665e-4,0.999658648270447,99394.6789067812,33.92854555319551,"United Nations, World Population Prospects 2024"
United Kingdom,826,Europe,Western Europe,2023,male,19,4.1805e-4,4.1796263536014386e-4,0.9995820373646399,99360.75036122801,41.529081072340226,"United Nations, World Population Prospects 2024"
United Kingdom,826,Europe,Western Europe,2023,male,20,5.3471e-4,5.345670808181079e-4,0.9994654329191819,99319.22128015567,53.092786188860515,"United Nations, World Population Prospects 2024"
United Kingdom,826,Europe,Western Europe,2023,male,21,5.3768e-4,5.375354889591482e-4,0.9994624645110408,99266.12849396683,53.359066917086096,"United Nations, World Population Prospects 2024"
United Kingdom,826,Europe,Western Europe,2023,male,22,5.4493e-4,5.44781566090595e-4,0.9994552184339094,99212.76942704973,54.049287904653255,"United Nations, World Population Prospects 2024"
United Kingdom,826,Europe,Western Europe,2023,male,23,5.2777e-4,5.276307661552731e-4,0.9994723692338447,99158.72013914508,52.31919147799343,"United Nations, World Population Prospects 2024"
United Kingdom,826,Europe,Western Europe,2023,male,24,5.9588e-4,5.957025163922661e-4,0.9994042974836077,99106.40094766709,59.03793243510615,"United Nations, World Population Prospects 2024"
United Kingdom,826,Europe,Western Europe,2023,male,25,6.3662e-4,6.364174219704126e-4,0.9993635825780296,99047.36301523197,63.035467423121524,"United Nations, World Population Prospects 2024"
United Kingdom,826,Europe,Western Europe,2023,male,26,6.3017e-4,6.299715054282122e-4,0.9993700284945718,98984.32754780886,62.357305839092405,"United Nations, World Population Prospects 2024"
United Kingdom,826,Europe,Western Europe,2023,male,27,6.8751e-4,6.872737462133704e-4,0.9993127262537866,98921.97024196976,67.9864730710061,"United Nations, World Population Prospects 2024"
United Kingdom,826,Europe,Western Europe,2023,male,28,7.3154e-4,7.312725224494637e-4,0.9992687274775506,98853.98376889876,72.28920206486094,"United Nations, World Population Prospects 2024"
United Kingdom,826,Europe,Western Europe,2023,male,29,7.7935e-4,7.790464250843052e-4,0.9992209535749157,98781.6945668339,76.9555260160617,"United Nations, World Population Prospects 2024"
United Kingdom,826,Europe,Western Europe,2023,male,30,8.3888e-4,8.385282876950093e-4,0.999161471712305,98704.73904081783,82.76671581527971,"United Nations, World Population Prospects 2024"
United Kingdom,826,Europe,Western Europe,2023,male,31,8.6467e-4,8.642963344442481e-4,0.9991357036655557,98621.97232500256,85.23860917616179,"United Nations, World Population Prospects 2024"
United Kingdom,826,Europe,Western Europe,2023,male,32,8.8911e-4,8.887149173399219e-4,0.9991112850826601,98536.7337158264,87.57106515920655,"United Nations, World Population Prospects 2024"
United Kingdom,826,Europe,Western Europe,2023,male,33,0.00100351,0.0010030067363550003,0.998996993263645,98449.16265066719,98.74517332712828,"United Nations, World Population Prospects 2024"
United Kingdom,826,Europe,Western Europe,2023,male,34,9.8485e-4,9.84365273929985e-4,0.99901563472607,98350.41747734006,96.81273564121024,"United Nations, World Population Prospects 2024"
United Kingdom,826,Europe,Western Europe,2023,male,35,0.0011749,0.001174210210212011,0.998825789789788,98253.60474169886,115.37038587783805,"United Nations, World Population Prospects 2024"
United Kingdom,826,Europe,Western Europe,2023,male,36,0.00116976,0.0011690762306941916,0.9988309237693058,98138.23435582101,114.73107710768645,"United Nations, World Population Prospects 2024"
United Kingdom,826,Europe,Western Europe,2023,male,37,0.00140741,0.0014064202950063026,0.9985935797049937,98023.50327871332,137.86224439879928,"United Nations, World Population Prospects 2024"
United Kingdom,826,Europe,Western Europe,2023,male,38,0.00142136,0.0014203505852460772,0.998579649414754,97885.64103431453,139.03192753027608,"United Nations, World Population Prospects 2024"
United Kingdom,826,Europe,Western Europe,2023,male,39,0.00148801,0.001486903736185759,0.9985130962638142,97746.60910678425,145.33979828036644,"United Nations, World Population Prospects 2024"
United Kingdom,826,Europe,Western Europe,2023,male,40,0.00161755,0.0016162428232106576,0.9983837571767893,97601.26930850389,157.74735105612004,"United Nations, World Population Prospects 2024"
United Kingdom,826,Europe,Western Europe,2023,male,41,0.00164657,0.0016452155187416527,0.9983547844812584,97443.52195744777,160.31559452523607,"United Nations, World Population Prospects 2024"
United Kingdom,826,Europe,Western Europe,2023,male,42,0.00177147,0.0017699023355548173,0.9982300976644451,97283.20636292253,172.18177415199784,"United Nations, World Population Prospects 2024"
United Kingdom,826,Europe,Western Europe,2023,male,43,0.00196326,0.0019613346950233244,0.9980386653049766,97111.02458877054,190.46722179521882,"United Nations, World Population Prospects 2024"
United Kingdom,826,Europe,Western Europe,2023,male,44,0.00229635,0.00229371641215847,0.9977062835878415,96920.5573669753,222.30827310817776,"United Nations, World Population Prospects 2024"
United Kingdom,826,Europe,Western Europe,2023,male,45,0.00261307,0.002609660387365793,0.9973903396126342,96698.24909386713,252.34959018789522,"United Nations, World Population Prospects 2024"
United Kingdom,826,Europe,Western Europe,2023,male,46,0.00280325,0.00279932639414281,0.9972006736058572,96445.89950367923,269.9835520874942,"United Nations, World Population Prospects 2024"
United Kingdom,826,Europe,Western Europe,2023,male,47,0.00301619,0.00301164814848551,0.9969883518515145,96175.91595159174,289.6480192045093,"United Nations, World Population Prospects 2024"
United Kingdom,826,Europe,Western Europe,2023,male,48,0.00313832,0.0031334031890518674,0.9968665968109481,95886.26793238724,300.45033772562397,"United Nations, World Population Prospects 2024"
United Kingdom,826,Europe,Western Europe,2023,male,49,0.0034327,0.0034268183802730187,0.996573181619727,95585.81759466161,327.5552366268105,"United Nations, World Population Prospects 2024"
United Kingdom,826,Europe,Western Europe,2023,male,50,0.00377661,0.0037694920493158168,0.9962305079506841,95258.2623580348,359.07526259025235,"United Nations, World Population Prospects 2024"
United Kingdom,826,Europe,Western Europe,2023,male,51,0.00397606,0.003968171156695355,0.9960318288433047,94899.18709544453,376.576217025979,"United Nations, World Population Prospects 2024"
United Kingdom,826,Europe,Western Europe,2023,male,52,0.00412918,0.004120672500761652,0.9958793274992384,94522.61087841855,389.49672334689353,"United Nations, World Population Prospects 2024"
United Kingdom,826,Europe,Western Europe,2023,male,53,0.00446453,0.004454586183173818,0.9955454138168262,94133.11415507167,419.32406969430605,"United Nations, World Population Prospects 2024"
United Kingdom,826,Europe,Western Europe,2023,male,54,0.00481052,0.004798977212070895,0.9952010227879291,93713.79008537736,449.7303430765213,"United Nations, World Population Prospects 2024"
United Kingdom,826,Europe,Western Europe,2023,male,55,0.00507052,0.005057697422033815,0.9949423025779662,93264.05974230084,471.7013945270427,"United Nations, World Population Prospects 2024"
United Kingdom,826,Europe,Western Europe,2023,male,56,0.0057973,0.0057805442254808105,0.9942194557745192,92792.3583477738,536.3903312159699,"United Nations, World Population Prospects 2024"
United Kingdom,826,Europe,Western Europe,2023,male,57,0.00599094,0.005973047914164557,0.9940269520858355,92255.96801655783,551.0493173305329,"United Nations, World Population Prospects 2024"
United Kingdom,826,Europe,Western Europe,2023,male,58,0.00661089,0.006589110059100696,0.9934108899408993,91704.9186992273,604.2538022700901,"United Nations, World Population Prospects 2024"
United Kingdom,826,Europe,Western Europe,2023,male,59,0.00731794,0.007291261492935195,0.9927087385070648,91100.66489695721,664.2387699439771,"United Nations, World Population Prospects 2024"
United Kingdom,826,Europe,Western Europe,2023,male,60,0.00788547,0.0078545017809208,0.9921454982190792,90436.42612701323,710.3330700747377,"United Nations, World Population Prospects 2024"
United Kingdom,826,Europe,Western Europe,2023,male,61,0.00859981,0.008562989956670361,0.9914370100433296,89726.09305693848,768.3236336978345,"United Nations, World Population Prospects 2024"
United Kingdom,826,Europe,Western Europe,2023,male,62,0.00964986,0.009603523670536318,0.9903964763294637,88957.76942324065,854.3080443342035,"United Nations, World Population Prospects 2024"
United Kingdom,826,Europe,Western Europe,2023,male,63,0.01018052,0.010128960955208143,0.9898710390447919,88103.46137890646,892.3965203256321,"United Nations, World Population Prospects 2024"
United Kingdom,826,Europe,Western Europe,2023,male,64,0.01099587,0.01093574597942859,0.9890642540205714,87211.06485858082,953.7180518889113,"United Nations, World Population Prospects 2024"
United Kingdom,826,Europe,Western Europe,2023,male,65,0.01205413,0.011981914224146642,0.9880180857758534,86257.34680669192,1033.528130640252,"United Nations, World Population Prospects 2024"
United Kingdom,826,Europe,Western Europe,2023,male,66,0.01300653,0.012922491612583095,0.9870775083874169,85223.81867605167,1101.3040820335802,"United Nations, World Population Prospects 2024"
United Kingdom,826,Europe,Western Europe,2023,male,67,0.01400737,0.01390994909815052,0.9860900509018495,84122.51459401808,1170.1398960112158,"United Nations, World Population Prospects 2024"
United Kingdom,826,Europe,Western Europe,2023,male,68,0.01537175,0.015254505775423319,0.9847454942245767,82952.37469800687,1265.3974789158249,"United Nations, World Population Prospects 2024"
United Kingdom,826,Europe,Western Europe,2023,male,69,0.01728869,0.017140521419371064,0.9828594785806289,81686.97721909104,1400.1573827075063,"United Nations, World Population Prospects 2024"
United Kingdom,826,Europe,Western Europe,2023,male,70,0.01864266,0.0184704904631313,0.9815295095368687,80286.81983638354,1482.936940103063,"United Nations, World Population Prospects 2024"
United Kingdom,826,Europe,Western Europe,2023,male,71,0.02134934,0.021123849873471157,0.9788761501265288,78803.88289628047,1664.64139174763,"United Nations, World Population Prospects 2024"
United Kingdom,826,Europe,Western Europe,2023,male,72,0.02285169,0.022593539717190043,0.97740646028281,77139.24150453285,1742.8485166865776,"United Nations, World Population Prospects 2024"
United Kingdom,826,Europe,Western Europe,2023,male,73,0.02472213,0.02442026946186438,0.9755797305381356,75396.39298784627,1841.200233215828,"United Nations, World Population Prospects 2024"
United Kingdom,826,Europe,Western Europe,2023,male,74,0.02766405,0.027286620779216363,0.9727133792207836,73555.19275463044,2007.0726510377638,"United Nations, World Population Prospects 2024"
United Kingdom,826,Europe,Western Europe,2023,male,75,0.03117462,0.03069614960037262,0.9693038503996274,71548.12010359268,2196.2517983253088,"United Nations, World Population Prospects 2024"
United Kingdom,826,Europe,Western Europe,2023,male,76,0.03314689,0.03260648816180714,0.9673935118381929,69351.86830526737,2261.3208728949085,"United Nations, World Population Prospects 2024"
United Kingdom,826,Europe,Western Europe,2023,male,77,0.03635606,0.03570697749194215,0.9642930225080578,67090.54743237246,2395.6006670898005,"United Nations, World Population Prospects 2024"
United Kingdom,826,Europe,Western Europe,2023,male,78,0.04187192,0.041013267864519136,0.9589867321354809,64694.94676528266,2653.3511811653434,"United Nations, World Population Prospects 2024"
United Kingdom,826,Europe,Western Europe,2023,male,79,0.04750476,0.04640258809459374,0.9535974119054063,62041.59558411731,2878.8906046211614,"United Nations, World Population Prospects 2024"
United Kingdom,826,Europe,Western Europe,2023,male,80,0.05392075,0.05250519037796371,0.9474948096220362,59162.704979496164,3106.3490882237475,"United Nations, World Population Prospects 2024"
United Kingdom,826,Europe,Western Europe,2023,male,81,0.05951188,0.05779221822211582,0.9422077817778842,56056.35589127241,3239.6211524050027,"United Nations, World Population Prospects 2024"
United Kingdom,826,Europe,Western Europe,2023,male,82,0.06681338,0.06465351990318545,0.9353464800968145,52816.73473886741,3414.7878106606304,"United Nations, World Population Prospects 2024"
United Kingdom,826,Europe,Western Europe,2023,male,83,0.07579848,0.07303067299673521,0.9269693270032648,49401.94692820677,3607.8574315159367,"United Nations, World Population Prospects 2024"
United Kingdom,826,Europe,Western Europe,2023,male,84,0.08628188,0.08271354012814415,0.9172864598718559,45794.089496690845,3787.791259216363,"United Nations, World Population Prospects 2024"
United Kingdom,826,Europe,Western Europe,2023,male,85,0.09604487,0.09164390645892996,0.90835609354107,42006.29823747448,3849.621266361026,"United Nations, World Population Prospects 2024"
United Kingdom,826,Europe,Western Europe,2023,male,86,0.10801883,0.10248374299388968,0.8975162570061104,38156.676971113455,3910.4390762084604,"United Nations, World Population Prospects 2024"
United Kingdom,826,Europe,Western Europe,2023,male,87,0.12011306,0.11330816480136205,0.8866918351986379,34246.237894904996,3880.3783672225454,"United Nations, World Population Prospects 2024"
United Kingdom,826,Europe,Western Europe,2023,male,88,0.1370431,0.1282548770307908,0.8717451229692093,30365.85952768245,3894.56957965718,"United Nations, World Population Prospects 2024"
United Kingdom,826,Europe,Western Europe,2023,male,89,0.15571124,0.14446391252290358,0.8555360874770964,26471.289948025274,3824.14611541994,"United Nations, World Population Prospects 2024"
United Kingdom,826,Europe,Western Europe,2023,male,90,0.1732213,0.15941432195607508,0.8405856780439249,22647.143832605332,3610.2790783164864,"United Nations, World Population Prospects 2024"
United Kingdom,826,Europe,Western Europe,2023,male,91,0.19896087,0.18095899087099263,0.8190410091290073,19036.864754288847,3444.8918352836768,"United Nations, World Population Prospects 2024"
United Kingdom,826,Europe,Western Europe,2023,male,92,0.22125005,0.19921219585341146,0.8007878041465886,15591.972919005171,3106.111162881946,"United Nations, World Population Prospects 2024"
United Kingdom,826,Europe,Western Europe,2023,male,93,0.24857544,0.22109593085300264,0.7789040691469974,12485.861756123224,2760.5732274719703,"United Nations, World Population Prospects 2024"
United Kingdom,826,Europe,Western Europe,2023,male,94,0.28341916,0.248241028160594,0.751758971839406,9725.288528651256,2414.215623510818,"United Nations, World Population Prospects 2024"
United Kingdom,826,Europe,Western Europe,2023,male,95,0.30834926,0.2671599704110634,0.7328400295889366,7311.072905140437,1953.2260210104462,"United Nations, World Population Prospects 2024"
United Kingdom,826,Europe,Western Europe,2023,male,96,0.34148462,0.2916821379762042,0.7083178620237958,5357.846884129989,1562.7882341121792,"United Nations, World Population Prospects 2024"
United Kingdom,826,Europe,Western Europe,2023,male,97,0.37681073,0.3170725588233944,0.6829274411766055,3795.05865001781,1203.3089570460038,"United Nations, World Population Prospects 2024"
United Kingdom,826,Europe,Western Europe,2023,male,98,0.41497174,0.3436659180119433,0.6563340819880568,2591.7496929718063,890.696037492328,"United Nations, World Population Prospects 2024"
United Kingdom,826,Europe,Western Europe,2023,male,99,0.45624556,0.3714983285303119,0.628501671469688,1701.0536554794783,631.9385897510032,"United Nations, World Population Prospects 2024"
United Kingdom,826,Europe,Western Europe,2023,male,100,0.5457124,1,0,1069.115065728475,1069.115065728475,"United Nations, World Population Prospects 2024"
